{
  "type": "FeatureCollection",
  "name": "BanjirRasterGrid",
  "features": [
    {
      "type": "Feature",
      "properties": {
        "id": "Aceh Utara-0",
        "kabupaten": "Aceh Utara",
        "prov": "ACEH",
        "depth_m": 1.86,
        "wave_order": 0.718,
        "spot_idx": 0
      },
      "geometry": {
        "type": "Polygon",
        "coordinates": [
          [
            [
              97.05,
              4.95
            ],
            [
              97.075,
              4.95
            ],
            [
              97.075,
              4.975
            ],
            [
              97.05,
              4.975
            ],
            [
              97.05,
              4.95
            ]
          ]
        ]
      }
    },
    {
      "type": "Feature",
      "properties": {
        "id": "Aceh Utara-1",
        "kabupaten": "Aceh Utara",
        "prov": "ACEH",
        "depth_m": 1.92,
        "wave_order": 0.646,
        "spot_idx": 0
      },
      "geometry": {
        "type": "Polygon",
        "coordinates": [
          [
            [
              97.05,
              4.975
            ],
            [
              97.075,
              4.975
            ],
            [
              97.075,
              5
            ],
            [
              97.05,
              5
            ],
            [
              97.05,
              4.975
            ]
          ]
        ]
      }
    },
    {
      "type": "Feature",
      "properties": {
        "id": "Aceh Utara-2",
        "kabupaten": "Aceh Utara",
        "prov": "ACEH",
        "depth_m": 2.06,
        "wave_order": 0.617,
        "spot_idx": 0
      },
      "geometry": {
        "type": "Polygon",
        "coordinates": [
          [
            [
              97.05,
              5
            ],
            [
              97.075,
              5
            ],
            [
              97.075,
              5.025
            ],
            [
              97.05,
              5.025
            ],
            [
              97.05,
              5
            ]
          ]
        ]
      }
    },
    {
      "type": "Feature",
      "properties": {
        "id": "Aceh Utara-3",
        "kabupaten": "Aceh Utara",
        "prov": "ACEH",
        "depth_m": 2.08,
        "wave_order": 0.563,
        "spot_idx": 0
      },
      "geometry": {
        "type": "Polygon",
        "coordinates": [
          [
            [
              97.05,
              5.025
            ],
            [
              97.075,
              5.025
            ],
            [
              97.075,
              5.05
            ],
            [
              97.05,
              5.05
            ],
            [
              97.05,
              5.025
            ]
          ]
        ]
      }
    },
    {
      "type": "Feature",
      "properties": {
        "id": "Aceh Utara-4",
        "kabupaten": "Aceh Utara",
        "prov": "ACEH",
        "depth_m": 2.17,
        "wave_order": 0.555,
        "spot_idx": 0
      },
      "geometry": {
        "type": "Polygon",
        "coordinates": [
          [
            [
              97.05,
              5.05
            ],
            [
              97.075,
              5.05
            ],
            [
              97.075,
              5.075
            ],
            [
              97.05,
              5.075
            ],
            [
              97.05,
              5.05
            ]
          ]
        ]
      }
    },
    {
      "type": "Feature",
      "properties": {
        "id": "Aceh Utara-5",
        "kabupaten": "Aceh Utara",
        "prov": "ACEH",
        "depth_m": 2.15,
        "wave_order": 0.529,
        "spot_idx": 0
      },
      "geometry": {
        "type": "Polygon",
        "coordinates": [
          [
            [
              97.05,
              5.075
            ],
            [
              97.075,
              5.075
            ],
            [
              97.075,
              5.1
            ],
            [
              97.05,
              5.1
            ],
            [
              97.05,
              5.075
            ]
          ]
        ]
      }
    },
    {
      "type": "Feature",
      "properties": {
        "id": "Aceh Utara-6",
        "kabupaten": "Aceh Utara",
        "prov": "ACEH",
        "depth_m": 2.18,
        "wave_order": 0.548,
        "spot_idx": 0
      },
      "geometry": {
        "type": "Polygon",
        "coordinates": [
          [
            [
              97.05,
              5.1
            ],
            [
              97.075,
              5.1
            ],
            [
              97.075,
              5.125
            ],
            [
              97.05,
              5.125
            ],
            [
              97.05,
              5.1
            ]
          ]
        ]
      }
    },
    {
      "type": "Feature",
      "properties": {
        "id": "Aceh Utara-7",
        "kabupaten": "Aceh Utara",
        "prov": "ACEH",
        "depth_m": 2.11,
        "wave_order": 0.554,
        "spot_idx": 0
      },
      "geometry": {
        "type": "Polygon",
        "coordinates": [
          [
            [
              97.05,
              5.125
            ],
            [
              97.075,
              5.125
            ],
            [
              97.075,
              5.15
            ],
            [
              97.05,
              5.15
            ],
            [
              97.05,
              5.125
            ]
          ]
        ]
      }
    },
    {
      "type": "Feature",
      "properties": {
        "id": "Aceh Utara-8",
        "kabupaten": "Aceh Utara",
        "prov": "ACEH",
        "depth_m": 2.08,
        "wave_order": 0.598,
        "spot_idx": 0
      },
      "geometry": {
        "type": "Polygon",
        "coordinates": [
          [
            [
              97.05,
              5.15
            ],
            [
              97.075,
              5.15
            ],
            [
              97.075,
              5.175
            ],
            [
              97.05,
              5.175
            ],
            [
              97.05,
              5.15
            ]
          ]
        ]
      }
    },
    {
      "type": "Feature",
      "properties": {
        "id": "Aceh Utara-9",
        "kabupaten": "Aceh Utara",
        "prov": "ACEH",
        "depth_m": 1.97,
        "wave_order": 0.631,
        "spot_idx": 0
      },
      "geometry": {
        "type": "Polygon",
        "coordinates": [
          [
            [
              97.05,
              5.175
            ],
            [
              97.075,
              5.175
            ],
            [
              97.075,
              5.2
            ],
            [
              97.05,
              5.2
            ],
            [
              97.05,
              5.175
            ]
          ]
        ]
      }
    },
    {
      "type": "Feature",
      "properties": {
        "id": "Aceh Utara-10",
        "kabupaten": "Aceh Utara",
        "prov": "ACEH",
        "depth_m": 1.97,
        "wave_order": 0.647,
        "spot_idx": 0
      },
      "geometry": {
        "type": "Polygon",
        "coordinates": [
          [
            [
              97.075,
              4.95
            ],
            [
              97.1,
              4.95
            ],
            [
              97.1,
              4.975
            ],
            [
              97.075,
              4.975
            ],
            [
              97.075,
              4.95
            ]
          ]
        ]
      }
    },
    {
      "type": "Feature",
      "properties": {
        "id": "Aceh Utara-11",
        "kabupaten": "Aceh Utara",
        "prov": "ACEH",
        "depth_m": 2.07,
        "wave_order": 0.582,
        "spot_idx": 0
      },
      "geometry": {
        "type": "Polygon",
        "coordinates": [
          [
            [
              97.075,
              4.975
            ],
            [
              97.1,
              4.975
            ],
            [
              97.1,
              5
            ],
            [
              97.075,
              5
            ],
            [
              97.075,
              4.975
            ]
          ]
        ]
      }
    },
    {
      "type": "Feature",
      "properties": {
        "id": "Aceh Utara-12",
        "kabupaten": "Aceh Utara",
        "prov": "ACEH",
        "depth_m": 2.19,
        "wave_order": 0.533,
        "spot_idx": 0
      },
      "geometry": {
        "type": "Polygon",
        "coordinates": [
          [
            [
              97.075,
              5
            ],
            [
              97.1,
              5
            ],
            [
              97.1,
              5.025
            ],
            [
              97.075,
              5.025
            ],
            [
              97.075,
              5
            ]
          ]
        ]
      }
    },
    {
      "type": "Feature",
      "properties": {
        "id": "Aceh Utara-13",
        "kabupaten": "Aceh Utara",
        "prov": "ACEH",
        "depth_m": 2.26,
        "wave_order": 0.487,
        "spot_idx": 0
      },
      "geometry": {
        "type": "Polygon",
        "coordinates": [
          [
            [
              97.075,
              5.025
            ],
            [
              97.1,
              5.025
            ],
            [
              97.1,
              5.05
            ],
            [
              97.075,
              5.05
            ],
            [
              97.075,
              5.025
            ]
          ]
        ]
      }
    },
    {
      "type": "Feature",
      "properties": {
        "id": "Aceh Utara-14",
        "kabupaten": "Aceh Utara",
        "prov": "ACEH",
        "depth_m": 2.32,
        "wave_order": 0.462,
        "spot_idx": 0
      },
      "geometry": {
        "type": "Polygon",
        "coordinates": [
          [
            [
              97.075,
              5.05
            ],
            [
              97.1,
              5.05
            ],
            [
              97.1,
              5.075
            ],
            [
              97.075,
              5.075
            ],
            [
              97.075,
              5.05
            ]
          ]
        ]
      }
    },
    {
      "type": "Feature",
      "properties": {
        "id": "Aceh Utara-15",
        "kabupaten": "Aceh Utara",
        "prov": "ACEH",
        "depth_m": 2.34,
        "wave_order": 0.446,
        "spot_idx": 0
      },
      "geometry": {
        "type": "Polygon",
        "coordinates": [
          [
            [
              97.075,
              5.075
            ],
            [
              97.1,
              5.075
            ],
            [
              97.1,
              5.1
            ],
            [
              97.075,
              5.1
            ],
            [
              97.075,
              5.075
            ]
          ]
        ]
      }
    },
    {
      "type": "Feature",
      "properties": {
        "id": "Aceh Utara-16",
        "kabupaten": "Aceh Utara",
        "prov": "ACEH",
        "depth_m": 2.33,
        "wave_order": 0.454,
        "spot_idx": 0
      },
      "geometry": {
        "type": "Polygon",
        "coordinates": [
          [
            [
              97.075,
              5.1
            ],
            [
              97.1,
              5.1
            ],
            [
              97.1,
              5.125
            ],
            [
              97.075,
              5.125
            ],
            [
              97.075,
              5.1
            ]
          ]
        ]
      }
    },
    {
      "type": "Feature",
      "properties": {
        "id": "Aceh Utara-17",
        "kabupaten": "Aceh Utara",
        "prov": "ACEH",
        "depth_m": 2.28,
        "wave_order": 0.474,
        "spot_idx": 0
      },
      "geometry": {
        "type": "Polygon",
        "coordinates": [
          [
            [
              97.075,
              5.125
            ],
            [
              97.1,
              5.125
            ],
            [
              97.1,
              5.15
            ],
            [
              97.075,
              5.15
            ],
            [
              97.075,
              5.125
            ]
          ]
        ]
      }
    },
    {
      "type": "Feature",
      "properties": {
        "id": "Aceh Utara-18",
        "kabupaten": "Aceh Utara",
        "prov": "ACEH",
        "depth_m": 2.22,
        "wave_order": 0.514,
        "spot_idx": 0
      },
      "geometry": {
        "type": "Polygon",
        "coordinates": [
          [
            [
              97.075,
              5.15
            ],
            [
              97.1,
              5.15
            ],
            [
              97.1,
              5.175
            ],
            [
              97.075,
              5.175
            ],
            [
              97.075,
              5.15
            ]
          ]
        ]
      }
    },
    {
      "type": "Feature",
      "properties": {
        "id": "Aceh Utara-19",
        "kabupaten": "Aceh Utara",
        "prov": "ACEH",
        "depth_m": 2.12,
        "wave_order": 0.561,
        "spot_idx": 0
      },
      "geometry": {
        "type": "Polygon",
        "coordinates": [
          [
            [
              97.075,
              5.175
            ],
            [
              97.1,
              5.175
            ],
            [
              97.1,
              5.2
            ],
            [
              97.075,
              5.2
            ],
            [
              97.075,
              5.175
            ]
          ]
        ]
      }
    },
    {
      "type": "Feature",
      "properties": {
        "id": "Aceh Utara-20",
        "kabupaten": "Aceh Utara",
        "prov": "ACEH",
        "depth_m": 2.04,
        "wave_order": 0.575,
        "spot_idx": 0
      },
      "geometry": {
        "type": "Polygon",
        "coordinates": [
          [
            [
              97.1,
              4.95
            ],
            [
              97.125,
              4.95
            ],
            [
              97.125,
              4.975
            ],
            [
              97.1,
              4.975
            ],
            [
              97.1,
              4.95
            ]
          ]
        ]
      }
    },
    {
      "type": "Feature",
      "properties": {
        "id": "Aceh Utara-21",
        "kabupaten": "Aceh Utara",
        "prov": "ACEH",
        "depth_m": 2.24,
        "wave_order": 0.531,
        "spot_idx": 0
      },
      "geometry": {
        "type": "Polygon",
        "coordinates": [
          [
            [
              97.1,
              4.975
            ],
            [
              97.125,
              4.975
            ],
            [
              97.125,
              5
            ],
            [
              97.1,
              5
            ],
            [
              97.1,
              4.975
            ]
          ]
        ]
      }
    },
    {
      "type": "Feature",
      "properties": {
        "id": "Aceh Utara-22",
        "kabupaten": "Aceh Utara",
        "prov": "ACEH",
        "depth_m": 2.29,
        "wave_order": 0.446,
        "spot_idx": 0
      },
      "geometry": {
        "type": "Polygon",
        "coordinates": [
          [
            [
              97.1,
              5
            ],
            [
              97.125,
              5
            ],
            [
              97.125,
              5.025
            ],
            [
              97.1,
              5.025
            ],
            [
              97.1,
              5
            ]
          ]
        ]
      }
    },
    {
      "type": "Feature",
      "properties": {
        "id": "Aceh Utara-23",
        "kabupaten": "Aceh Utara",
        "prov": "ACEH",
        "depth_m": 2.45,
        "wave_order": 0.42,
        "spot_idx": 0
      },
      "geometry": {
        "type": "Polygon",
        "coordinates": [
          [
            [
              97.1,
              5.025
            ],
            [
              97.125,
              5.025
            ],
            [
              97.125,
              5.05
            ],
            [
              97.1,
              5.05
            ],
            [
              97.1,
              5.025
            ]
          ]
        ]
      }
    },
    {
      "type": "Feature",
      "properties": {
        "id": "Aceh Utara-24",
        "kabupaten": "Aceh Utara",
        "prov": "ACEH",
        "depth_m": 2.45,
        "wave_order": 0.362,
        "spot_idx": 0
      },
      "geometry": {
        "type": "Polygon",
        "coordinates": [
          [
            [
              97.1,
              5.05
            ],
            [
              97.125,
              5.05
            ],
            [
              97.125,
              5.075
            ],
            [
              97.1,
              5.075
            ],
            [
              97.1,
              5.05
            ]
          ]
        ]
      }
    },
    {
      "type": "Feature",
      "properties": {
        "id": "Aceh Utara-25",
        "kabupaten": "Aceh Utara",
        "prov": "ACEH",
        "depth_m": 2.54,
        "wave_order": 0.369,
        "spot_idx": 0
      },
      "geometry": {
        "type": "Polygon",
        "coordinates": [
          [
            [
              97.1,
              5.075
            ],
            [
              97.125,
              5.075
            ],
            [
              97.125,
              5.1
            ],
            [
              97.1,
              5.1
            ],
            [
              97.1,
              5.075
            ]
          ]
        ]
      }
    },
    {
      "type": "Feature",
      "properties": {
        "id": "Aceh Utara-26",
        "kabupaten": "Aceh Utara",
        "prov": "ACEH",
        "depth_m": 2.47,
        "wave_order": 0.355,
        "spot_idx": 0
      },
      "geometry": {
        "type": "Polygon",
        "coordinates": [
          [
            [
              97.1,
              5.1
            ],
            [
              97.125,
              5.1
            ],
            [
              97.125,
              5.125
            ],
            [
              97.1,
              5.125
            ],
            [
              97.1,
              5.1
            ]
          ]
        ]
      }
    },
    {
      "type": "Feature",
      "properties": {
        "id": "Aceh Utara-27",
        "kabupaten": "Aceh Utara",
        "prov": "ACEH",
        "depth_m": 2.47,
        "wave_order": 0.401,
        "spot_idx": 0
      },
      "geometry": {
        "type": "Polygon",
        "coordinates": [
          [
            [
              97.1,
              5.125
            ],
            [
              97.125,
              5.125
            ],
            [
              97.125,
              5.15
            ],
            [
              97.1,
              5.15
            ],
            [
              97.1,
              5.125
            ]
          ]
        ]
      }
    },
    {
      "type": "Feature",
      "properties": {
        "id": "Aceh Utara-28",
        "kabupaten": "Aceh Utara",
        "prov": "ACEH",
        "depth_m": 2.34,
        "wave_order": 0.429,
        "spot_idx": 0
      },
      "geometry": {
        "type": "Polygon",
        "coordinates": [
          [
            [
              97.1,
              5.15
            ],
            [
              97.125,
              5.15
            ],
            [
              97.125,
              5.175
            ],
            [
              97.1,
              5.175
            ],
            [
              97.1,
              5.15
            ]
          ]
        ]
      }
    },
    {
      "type": "Feature",
      "properties": {
        "id": "Aceh Utara-29",
        "kabupaten": "Aceh Utara",
        "prov": "ACEH",
        "depth_m": 2.27,
        "wave_order": 0.5,
        "spot_idx": 0
      },
      "geometry": {
        "type": "Polygon",
        "coordinates": [
          [
            [
              97.1,
              5.175
            ],
            [
              97.125,
              5.175
            ],
            [
              97.125,
              5.2
            ],
            [
              97.1,
              5.2
            ],
            [
              97.1,
              5.175
            ]
          ]
        ]
      }
    },
    {
      "type": "Feature",
      "properties": {
        "id": "Aceh Utara-30",
        "kabupaten": "Aceh Utara",
        "prov": "ACEH",
        "depth_m": 2.23,
        "wave_order": 0.559,
        "spot_idx": 0
      },
      "geometry": {
        "type": "Polygon",
        "coordinates": [
          [
            [
              97.125,
              4.95
            ],
            [
              97.15,
              4.95
            ],
            [
              97.15,
              4.975
            ],
            [
              97.125,
              4.975
            ],
            [
              97.125,
              4.95
            ]
          ]
        ]
      }
    },
    {
      "type": "Feature",
      "properties": {
        "id": "Aceh Utara-31",
        "kabupaten": "Aceh Utara",
        "prov": "ACEH",
        "depth_m": 2.25,
        "wave_order": 0.439,
        "spot_idx": 0
      },
      "geometry": {
        "type": "Polygon",
        "coordinates": [
          [
            [
              97.125,
              4.975
            ],
            [
              97.15,
              4.975
            ],
            [
              97.15,
              5
            ],
            [
              97.125,
              5
            ],
            [
              97.125,
              4.975
            ]
          ]
        ]
      }
    },
    {
      "type": "Feature",
      "properties": {
        "id": "Aceh Utara-32",
        "kabupaten": "Aceh Utara",
        "prov": "ACEH",
        "depth_m": 2.51,
        "wave_order": 0.415,
        "spot_idx": 0
      },
      "geometry": {
        "type": "Polygon",
        "coordinates": [
          [
            [
              97.125,
              5
            ],
            [
              97.15,
              5
            ],
            [
              97.15,
              5.025
            ],
            [
              97.125,
              5.025
            ],
            [
              97.125,
              5
            ]
          ]
        ]
      }
    },
    {
      "type": "Feature",
      "properties": {
        "id": "Aceh Utara-33",
        "kabupaten": "Aceh Utara",
        "prov": "ACEH",
        "depth_m": 2.5,
        "wave_order": 0.31,
        "spot_idx": 0
      },
      "geometry": {
        "type": "Polygon",
        "coordinates": [
          [
            [
              97.125,
              5.025
            ],
            [
              97.15,
              5.025
            ],
            [
              97.15,
              5.05
            ],
            [
              97.125,
              5.05
            ],
            [
              97.125,
              5.025
            ]
          ]
        ]
      }
    },
    {
      "type": "Feature",
      "properties": {
        "id": "Aceh Utara-34",
        "kabupaten": "Aceh Utara",
        "prov": "ACEH",
        "depth_m": 2.7,
        "wave_order": 0.311,
        "spot_idx": 0
      },
      "geometry": {
        "type": "Polygon",
        "coordinates": [
          [
            [
              97.125,
              5.05
            ],
            [
              97.15,
              5.05
            ],
            [
              97.15,
              5.075
            ],
            [
              97.125,
              5.075
            ],
            [
              97.125,
              5.05
            ]
          ]
        ]
      }
    },
    {
      "type": "Feature",
      "properties": {
        "id": "Aceh Utara-35",
        "kabupaten": "Aceh Utara",
        "prov": "ACEH",
        "depth_m": 2.63,
        "wave_order": 0.249,
        "spot_idx": 0
      },
      "geometry": {
        "type": "Polygon",
        "coordinates": [
          [
            [
              97.125,
              5.075
            ],
            [
              97.15,
              5.075
            ],
            [
              97.15,
              5.1
            ],
            [
              97.125,
              5.1
            ],
            [
              97.125,
              5.075
            ]
          ]
        ]
      }
    },
    {
      "type": "Feature",
      "properties": {
        "id": "Aceh Utara-36",
        "kabupaten": "Aceh Utara",
        "prov": "ACEH",
        "depth_m": 2.72,
        "wave_order": 0.296,
        "spot_idx": 0
      },
      "geometry": {
        "type": "Polygon",
        "coordinates": [
          [
            [
              97.125,
              5.1
            ],
            [
              97.15,
              5.1
            ],
            [
              97.15,
              5.125
            ],
            [
              97.125,
              5.125
            ],
            [
              97.125,
              5.1
            ]
          ]
        ]
      }
    },
    {
      "type": "Feature",
      "properties": {
        "id": "Aceh Utara-37",
        "kabupaten": "Aceh Utara",
        "prov": "ACEH",
        "depth_m": 2.55,
        "wave_order": 0.296,
        "spot_idx": 0
      },
      "geometry": {
        "type": "Polygon",
        "coordinates": [
          [
            [
              97.125,
              5.125
            ],
            [
              97.15,
              5.125
            ],
            [
              97.15,
              5.15
            ],
            [
              97.125,
              5.15
            ],
            [
              97.125,
              5.125
            ]
          ]
        ]
      }
    },
    {
      "type": "Feature",
      "properties": {
        "id": "Aceh Utara-38",
        "kabupaten": "Aceh Utara",
        "prov": "ACEH",
        "depth_m": 2.53,
        "wave_order": 0.381,
        "spot_idx": 0
      },
      "geometry": {
        "type": "Polygon",
        "coordinates": [
          [
            [
              97.125,
              5.15
            ],
            [
              97.15,
              5.15
            ],
            [
              97.15,
              5.175
            ],
            [
              97.125,
              5.175
            ],
            [
              97.125,
              5.15
            ]
          ]
        ]
      }
    },
    {
      "type": "Feature",
      "properties": {
        "id": "Aceh Utara-39",
        "kabupaten": "Aceh Utara",
        "prov": "ACEH",
        "depth_m": 2.34,
        "wave_order": 0.421,
        "spot_idx": 0
      },
      "geometry": {
        "type": "Polygon",
        "coordinates": [
          [
            [
              97.125,
              5.175
            ],
            [
              97.15,
              5.175
            ],
            [
              97.15,
              5.2
            ],
            [
              97.125,
              5.2
            ],
            [
              97.125,
              5.175
            ]
          ]
        ]
      }
    },
    {
      "type": "Feature",
      "properties": {
        "id": "Aceh Utara-40",
        "kabupaten": "Aceh Utara",
        "prov": "ACEH",
        "depth_m": 2.16,
        "wave_order": 0.466,
        "spot_idx": 0
      },
      "geometry": {
        "type": "Polygon",
        "coordinates": [
          [
            [
              97.15,
              4.95
            ],
            [
              97.175,
              4.95
            ],
            [
              97.175,
              4.975
            ],
            [
              97.15,
              4.975
            ],
            [
              97.15,
              4.95
            ]
          ]
        ]
      }
    },
    {
      "type": "Feature",
      "properties": {
        "id": "Aceh Utara-41",
        "kabupaten": "Aceh Utara",
        "prov": "ACEH",
        "depth_m": 2.49,
        "wave_order": 0.448,
        "spot_idx": 0
      },
      "geometry": {
        "type": "Polygon",
        "coordinates": [
          [
            [
              97.15,
              4.975
            ],
            [
              97.175,
              4.975
            ],
            [
              97.175,
              5
            ],
            [
              97.15,
              5
            ],
            [
              97.15,
              4.975
            ]
          ]
        ]
      }
    },
    {
      "type": "Feature",
      "properties": {
        "id": "Aceh Utara-42",
        "kabupaten": "Aceh Utara",
        "prov": "ACEH",
        "depth_m": 2.47,
        "wave_order": 0.305,
        "spot_idx": 0
      },
      "geometry": {
        "type": "Polygon",
        "coordinates": [
          [
            [
              97.15,
              5
            ],
            [
              97.175,
              5
            ],
            [
              97.175,
              5.025
            ],
            [
              97.15,
              5.025
            ],
            [
              97.15,
              5
            ]
          ]
        ]
      }
    },
    {
      "type": "Feature",
      "properties": {
        "id": "Aceh Utara-43",
        "kabupaten": "Aceh Utara",
        "prov": "ACEH",
        "depth_m": 2.78,
        "wave_order": 0.298,
        "spot_idx": 0
      },
      "geometry": {
        "type": "Polygon",
        "coordinates": [
          [
            [
              97.15,
              5.025
            ],
            [
              97.175,
              5.025
            ],
            [
              97.175,
              5.05
            ],
            [
              97.15,
              5.05
            ],
            [
              97.15,
              5.025
            ]
          ]
        ]
      }
    },
    {
      "type": "Feature",
      "properties": {
        "id": "Aceh Utara-44",
        "kabupaten": "Aceh Utara",
        "prov": "ACEH",
        "depth_m": 2.72,
        "wave_order": 0.178,
        "spot_idx": 0
      },
      "geometry": {
        "type": "Polygon",
        "coordinates": [
          [
            [
              97.15,
              5.05
            ],
            [
              97.175,
              5.05
            ],
            [
              97.175,
              5.075
            ],
            [
              97.15,
              5.075
            ],
            [
              97.15,
              5.05
            ]
          ]
        ]
      }
    },
    {
      "type": "Feature",
      "properties": {
        "id": "Aceh Utara-45",
        "kabupaten": "Aceh Utara",
        "prov": "ACEH",
        "depth_m": 2.93,
        "wave_order": 0.209,
        "spot_idx": 0
      },
      "geometry": {
        "type": "Polygon",
        "coordinates": [
          [
            [
              97.15,
              5.075
            ],
            [
              97.175,
              5.075
            ],
            [
              97.175,
              5.1
            ],
            [
              97.15,
              5.1
            ],
            [
              97.15,
              5.075
            ]
          ]
        ]
      }
    },
    {
      "type": "Feature",
      "properties": {
        "id": "Aceh Utara-46",
        "kabupaten": "Aceh Utara",
        "prov": "ACEH",
        "depth_m": 2.76,
        "wave_order": 0.166,
        "spot_idx": 0
      },
      "geometry": {
        "type": "Polygon",
        "coordinates": [
          [
            [
              97.15,
              5.1
            ],
            [
              97.175,
              5.1
            ],
            [
              97.175,
              5.125
            ],
            [
              97.15,
              5.125
            ],
            [
              97.15,
              5.1
            ]
          ]
        ]
      }
    },
    {
      "type": "Feature",
      "properties": {
        "id": "Aceh Utara-47",
        "kabupaten": "Aceh Utara",
        "prov": "ACEH",
        "depth_m": 2.8,
        "wave_order": 0.264,
        "spot_idx": 0
      },
      "geometry": {
        "type": "Polygon",
        "coordinates": [
          [
            [
              97.15,
              5.125
            ],
            [
              97.175,
              5.125
            ],
            [
              97.175,
              5.15
            ],
            [
              97.15,
              5.15
            ],
            [
              97.15,
              5.125
            ]
          ]
        ]
      }
    },
    {
      "type": "Feature",
      "properties": {
        "id": "Aceh Utara-48",
        "kabupaten": "Aceh Utara",
        "prov": "ACEH",
        "depth_m": 2.55,
        "wave_order": 0.287,
        "spot_idx": 0
      },
      "geometry": {
        "type": "Polygon",
        "coordinates": [
          [
            [
              97.15,
              5.15
            ],
            [
              97.175,
              5.15
            ],
            [
              97.175,
              5.175
            ],
            [
              97.15,
              5.175
            ],
            [
              97.15,
              5.15
            ]
          ]
        ]
      }
    },
    {
      "type": "Feature",
      "properties": {
        "id": "Aceh Utara-49",
        "kabupaten": "Aceh Utara",
        "prov": "ACEH",
        "depth_m": 2.51,
        "wave_order": 0.401,
        "spot_idx": 0
      },
      "geometry": {
        "type": "Polygon",
        "coordinates": [
          [
            [
              97.15,
              5.175
            ],
            [
              97.175,
              5.175
            ],
            [
              97.175,
              5.2
            ],
            [
              97.15,
              5.2
            ],
            [
              97.15,
              5.175
            ]
          ]
        ]
      }
    },
    {
      "type": "Feature",
      "properties": {
        "id": "Aceh Utara-50",
        "kabupaten": "Aceh Utara",
        "prov": "ACEH",
        "depth_m": 2.4,
        "wave_order": 0.514,
        "spot_idx": 0
      },
      "geometry": {
        "type": "Polygon",
        "coordinates": [
          [
            [
              97.175,
              4.95
            ],
            [
              97.2,
              4.95
            ],
            [
              97.2,
              4.975
            ],
            [
              97.175,
              4.975
            ],
            [
              97.175,
              4.95
            ]
          ]
        ]
      }
    },
    {
      "type": "Feature",
      "properties": {
        "id": "Aceh Utara-51",
        "kabupaten": "Aceh Utara",
        "prov": "ACEH",
        "depth_m": 2.35,
        "wave_order": 0.344,
        "spot_idx": 0
      },
      "geometry": {
        "type": "Polygon",
        "coordinates": [
          [
            [
              97.175,
              4.975
            ],
            [
              97.2,
              4.975
            ],
            [
              97.2,
              5
            ],
            [
              97.175,
              5
            ],
            [
              97.175,
              4.975
            ]
          ]
        ]
      }
    },
    {
      "type": "Feature",
      "properties": {
        "id": "Aceh Utara-52",
        "kabupaten": "Aceh Utara",
        "prov": "ACEH",
        "depth_m": 2.74,
        "wave_order": 0.342,
        "spot_idx": 0
      },
      "geometry": {
        "type": "Polygon",
        "coordinates": [
          [
            [
              97.175,
              5
            ],
            [
              97.2,
              5
            ],
            [
              97.2,
              5.025
            ],
            [
              97.175,
              5.025
            ],
            [
              97.175,
              5
            ]
          ]
        ]
      }
    },
    {
      "type": "Feature",
      "properties": {
        "id": "Aceh Utara-53",
        "kabupaten": "Aceh Utara",
        "prov": "ACEH",
        "depth_m": 2.68,
        "wave_order": 0.175,
        "spot_idx": 0
      },
      "geometry": {
        "type": "Polygon",
        "coordinates": [
          [
            [
              97.175,
              5.025
            ],
            [
              97.2,
              5.025
            ],
            [
              97.2,
              5.05
            ],
            [
              97.175,
              5.05
            ],
            [
              97.175,
              5.025
            ]
          ]
        ]
      }
    },
    {
      "type": "Feature",
      "properties": {
        "id": "Aceh Utara-54",
        "kabupaten": "Aceh Utara",
        "prov": "ACEH",
        "depth_m": 3.04,
        "wave_order": 0.179,
        "spot_idx": 0
      },
      "geometry": {
        "type": "Polygon",
        "coordinates": [
          [
            [
              97.175,
              5.05
            ],
            [
              97.2,
              5.05
            ],
            [
              97.2,
              5.075
            ],
            [
              97.175,
              5.075
            ],
            [
              97.175,
              5.05
            ]
          ]
        ]
      }
    },
    {
      "type": "Feature",
      "properties": {
        "id": "Aceh Utara-55",
        "kabupaten": "Aceh Utara",
        "prov": "ACEH",
        "depth_m": 2.93,
        "wave_order": 0.054,
        "spot_idx": 0
      },
      "geometry": {
        "type": "Polygon",
        "coordinates": [
          [
            [
              97.175,
              5.075
            ],
            [
              97.2,
              5.075
            ],
            [
              97.2,
              5.1
            ],
            [
              97.175,
              5.1
            ],
            [
              97.175,
              5.075
            ]
          ]
        ]
      }
    },
    {
      "type": "Feature",
      "properties": {
        "id": "Aceh Utara-56",
        "kabupaten": "Aceh Utara",
        "prov": "ACEH",
        "depth_m": 3.07,
        "wave_order": 0.149,
        "spot_idx": 0
      },
      "geometry": {
        "type": "Polygon",
        "coordinates": [
          [
            [
              97.175,
              5.1
            ],
            [
              97.2,
              5.1
            ],
            [
              97.2,
              5.125
            ],
            [
              97.175,
              5.125
            ],
            [
              97.175,
              5.1
            ]
          ]
        ]
      }
    },
    {
      "type": "Feature",
      "properties": {
        "id": "Aceh Utara-57",
        "kabupaten": "Aceh Utara",
        "prov": "ACEH",
        "depth_m": 2.76,
        "wave_order": 0.154,
        "spot_idx": 0
      },
      "geometry": {
        "type": "Polygon",
        "coordinates": [
          [
            [
              97.175,
              5.125
            ],
            [
              97.2,
              5.125
            ],
            [
              97.2,
              5.15
            ],
            [
              97.175,
              5.15
            ],
            [
              97.175,
              5.125
            ]
          ]
        ]
      }
    },
    {
      "type": "Feature",
      "properties": {
        "id": "Aceh Utara-58",
        "kabupaten": "Aceh Utara",
        "prov": "ACEH",
        "depth_m": 2.76,
        "wave_order": 0.292,
        "spot_idx": 0
      },
      "geometry": {
        "type": "Polygon",
        "coordinates": [
          [
            [
              97.175,
              5.15
            ],
            [
              97.2,
              5.15
            ],
            [
              97.2,
              5.175
            ],
            [
              97.175,
              5.175
            ],
            [
              97.175,
              5.15
            ]
          ]
        ]
      }
    },
    {
      "type": "Feature",
      "properties": {
        "id": "Aceh Utara-59",
        "kabupaten": "Aceh Utara",
        "prov": "ACEH",
        "depth_m": 2.47,
        "wave_order": 0.33,
        "spot_idx": 0
      },
      "geometry": {
        "type": "Polygon",
        "coordinates": [
          [
            [
              97.175,
              5.175
            ],
            [
              97.2,
              5.175
            ],
            [
              97.2,
              5.2
            ],
            [
              97.175,
              5.2
            ],
            [
              97.175,
              5.175
            ]
          ]
        ]
      }
    },
    {
      "type": "Feature",
      "properties": {
        "id": "Aceh Utara-60",
        "kabupaten": "Aceh Utara",
        "prov": "ACEH",
        "depth_m": 2.18,
        "wave_order": 0.416,
        "spot_idx": 0
      },
      "geometry": {
        "type": "Polygon",
        "coordinates": [
          [
            [
              97.2,
              4.95
            ],
            [
              97.225,
              4.95
            ],
            [
              97.225,
              4.975
            ],
            [
              97.2,
              4.975
            ],
            [
              97.2,
              4.95
            ]
          ]
        ]
      }
    },
    {
      "type": "Feature",
      "properties": {
        "id": "Aceh Utara-61",
        "kabupaten": "Aceh Utara",
        "prov": "ACEH",
        "depth_m": 2.61,
        "wave_order": 0.426,
        "spot_idx": 0
      },
      "geometry": {
        "type": "Polygon",
        "coordinates": [
          [
            [
              97.2,
              4.975
            ],
            [
              97.225,
              4.975
            ],
            [
              97.225,
              5
            ],
            [
              97.2,
              5
            ],
            [
              97.2,
              4.975
            ]
          ]
        ]
      }
    },
    {
      "type": "Feature",
      "properties": {
        "id": "Aceh Utara-62",
        "kabupaten": "Aceh Utara",
        "prov": "ACEH",
        "depth_m": 2.52,
        "wave_order": 0.236,
        "spot_idx": 0
      },
      "geometry": {
        "type": "Polygon",
        "coordinates": [
          [
            [
              97.2,
              5
            ],
            [
              97.225,
              5
            ],
            [
              97.225,
              5.025
            ],
            [
              97.2,
              5.025
            ],
            [
              97.2,
              5
            ]
          ]
        ]
      }
    },
    {
      "type": "Feature",
      "properties": {
        "id": "Aceh Utara-63",
        "kabupaten": "Aceh Utara",
        "prov": "ACEH",
        "depth_m": 2.95,
        "wave_order": 0.246,
        "spot_idx": 0
      },
      "geometry": {
        "type": "Polygon",
        "coordinates": [
          [
            [
              97.2,
              5.025
            ],
            [
              97.225,
              5.025
            ],
            [
              97.225,
              5.05
            ],
            [
              97.2,
              5.05
            ],
            [
              97.2,
              5.025
            ]
          ]
        ]
      }
    },
    {
      "type": "Feature",
      "properties": {
        "id": "Aceh Utara-64",
        "kabupaten": "Aceh Utara",
        "prov": "ACEH",
        "depth_m": 2.87,
        "wave_order": 0.06,
        "spot_idx": 0
      },
      "geometry": {
        "type": "Polygon",
        "coordinates": [
          [
            [
              97.2,
              5.05
            ],
            [
              97.225,
              5.05
            ],
            [
              97.225,
              5.075
            ],
            [
              97.2,
              5.075
            ],
            [
              97.2,
              5.05
            ]
          ]
        ]
      }
    },
    {
      "type": "Feature",
      "properties": {
        "id": "Aceh Utara-65",
        "kabupaten": "Aceh Utara",
        "prov": "ACEH",
        "depth_m": 3.29,
        "wave_order": 0.063,
        "spot_idx": 0
      },
      "geometry": {
        "type": "Polygon",
        "coordinates": [
          [
            [
              97.2,
              5.075
            ],
            [
              97.225,
              5.075
            ],
            [
              97.225,
              5.1
            ],
            [
              97.2,
              5.1
            ],
            [
              97.2,
              5.075
            ]
          ]
        ]
      }
    },
    {
      "type": "Feature",
      "properties": {
        "id": "Aceh Utara-66",
        "kabupaten": "Aceh Utara",
        "prov": "ACEH",
        "depth_m": 2.95,
        "wave_order": 0.03,
        "spot_idx": 0
      },
      "geometry": {
        "type": "Polygon",
        "coordinates": [
          [
            [
              97.2,
              5.1
            ],
            [
              97.225,
              5.1
            ],
            [
              97.225,
              5.125
            ],
            [
              97.2,
              5.125
            ],
            [
              97.2,
              5.1
            ]
          ]
        ]
      }
    },
    {
      "type": "Feature",
      "properties": {
        "id": "Aceh Utara-67",
        "kabupaten": "Aceh Utara",
        "prov": "ACEH",
        "depth_m": 2.99,
        "wave_order": 0.198,
        "spot_idx": 0
      },
      "geometry": {
        "type": "Polygon",
        "coordinates": [
          [
            [
              97.2,
              5.125
            ],
            [
              97.225,
              5.125
            ],
            [
              97.225,
              5.15
            ],
            [
              97.2,
              5.15
            ],
            [
              97.2,
              5.125
            ]
          ]
        ]
      }
    },
    {
      "type": "Feature",
      "properties": {
        "id": "Aceh Utara-68",
        "kabupaten": "Aceh Utara",
        "prov": "ACEH",
        "depth_m": 2.64,
        "wave_order": 0.219,
        "spot_idx": 0
      },
      "geometry": {
        "type": "Polygon",
        "coordinates": [
          [
            [
              97.2,
              5.15
            ],
            [
              97.225,
              5.15
            ],
            [
              97.225,
              5.175
            ],
            [
              97.2,
              5.175
            ],
            [
              97.2,
              5.15
            ]
          ]
        ]
      }
    },
    {
      "type": "Feature",
      "properties": {
        "id": "Aceh Utara-69",
        "kabupaten": "Aceh Utara",
        "prov": "ACEH",
        "depth_m": 2.62,
        "wave_order": 0.365,
        "spot_idx": 0
      },
      "geometry": {
        "type": "Polygon",
        "coordinates": [
          [
            [
              97.2,
              5.175
            ],
            [
              97.225,
              5.175
            ],
            [
              97.225,
              5.2
            ],
            [
              97.2,
              5.2
            ],
            [
              97.2,
              5.175
            ]
          ]
        ]
      }
    },
    {
      "type": "Feature",
      "properties": {
        "id": "Aceh Utara-70",
        "kabupaten": "Aceh Utara",
        "prov": "ACEH",
        "depth_m": 2.44,
        "wave_order": 0.529,
        "spot_idx": 0
      },
      "geometry": {
        "type": "Polygon",
        "coordinates": [
          [
            [
              97.225,
              4.95
            ],
            [
              97.25,
              4.95
            ],
            [
              97.25,
              4.975
            ],
            [
              97.225,
              4.975
            ],
            [
              97.225,
              4.95
            ]
          ]
        ]
      }
    },
    {
      "type": "Feature",
      "properties": {
        "id": "Aceh Utara-71",
        "kabupaten": "Aceh Utara",
        "prov": "ACEH",
        "depth_m": 2.31,
        "wave_order": 0.329,
        "spot_idx": 0
      },
      "geometry": {
        "type": "Polygon",
        "coordinates": [
          [
            [
              97.225,
              4.975
            ],
            [
              97.25,
              4.975
            ],
            [
              97.25,
              5
            ],
            [
              97.225,
              5
            ],
            [
              97.225,
              4.975
            ]
          ]
        ]
      }
    },
    {
      "type": "Feature",
      "properties": {
        "id": "Aceh Utara-72",
        "kabupaten": "Aceh Utara",
        "prov": "ACEH",
        "depth_m": 2.78,
        "wave_order": 0.357,
        "spot_idx": 0
      },
      "geometry": {
        "type": "Polygon",
        "coordinates": [
          [
            [
              97.225,
              5
            ],
            [
              97.25,
              5
            ],
            [
              97.25,
              5.025
            ],
            [
              97.225,
              5.025
            ],
            [
              97.225,
              5
            ]
          ]
        ]
      }
    },
    {
      "type": "Feature",
      "properties": {
        "id": "Aceh Utara-73",
        "kabupaten": "Aceh Utara",
        "prov": "ACEH",
        "depth_m": 2.63,
        "wave_order": 0.16,
        "spot_idx": 0
      },
      "geometry": {
        "type": "Polygon",
        "coordinates": [
          [
            [
              97.225,
              5.025
            ],
            [
              97.25,
              5.025
            ],
            [
              97.25,
              5.05
            ],
            [
              97.225,
              5.05
            ],
            [
              97.225,
              5.025
            ]
          ]
        ]
      }
    },
    {
      "type": "Feature",
      "properties": {
        "id": "Aceh Utara-74",
        "kabupaten": "Aceh Utara",
        "prov": "ACEH",
        "depth_m": 3.08,
        "wave_order": 0.194,
        "spot_idx": 0
      },
      "geometry": {
        "type": "Polygon",
        "coordinates": [
          [
            [
              97.225,
              5.05
            ],
            [
              97.25,
              5.05
            ],
            [
              97.25,
              5.075
            ],
            [
              97.225,
              5.075
            ],
            [
              97.225,
              5.05
            ]
          ]
        ]
      }
    },
    {
      "type": "Feature",
      "properties": {
        "id": "Aceh Utara-75",
        "kabupaten": "Aceh Utara",
        "prov": "ACEH",
        "depth_m": 2.89,
        "wave_order": 0.04,
        "spot_idx": 0
      },
      "geometry": {
        "type": "Polygon",
        "coordinates": [
          [
            [
              97.225,
              5.075
            ],
            [
              97.25,
              5.075
            ],
            [
              97.25,
              5.1
            ],
            [
              97.225,
              5.1
            ],
            [
              97.225,
              5.075
            ]
          ]
        ]
      }
    },
    {
      "type": "Feature",
      "properties": {
        "id": "Aceh Utara-76",
        "kabupaten": "Aceh Utara",
        "prov": "ACEH",
        "depth_m": 3.11,
        "wave_order": 0.162,
        "spot_idx": 0
      },
      "geometry": {
        "type": "Polygon",
        "coordinates": [
          [
            [
              97.225,
              5.1
            ],
            [
              97.25,
              5.1
            ],
            [
              97.25,
              5.125
            ],
            [
              97.225,
              5.125
            ],
            [
              97.225,
              5.1
            ]
          ]
        ]
      }
    },
    {
      "type": "Feature",
      "properties": {
        "id": "Aceh Utara-77",
        "kabupaten": "Aceh Utara",
        "prov": "ACEH",
        "depth_m": 2.73,
        "wave_order": 0.142,
        "spot_idx": 0
      },
      "geometry": {
        "type": "Polygon",
        "coordinates": [
          [
            [
              97.225,
              5.125
            ],
            [
              97.25,
              5.125
            ],
            [
              97.25,
              5.15
            ],
            [
              97.225,
              5.15
            ],
            [
              97.225,
              5.125
            ]
          ]
        ]
      }
    },
    {
      "type": "Feature",
      "properties": {
        "id": "Aceh Utara-78",
        "kabupaten": "Aceh Utara",
        "prov": "ACEH",
        "depth_m": 2.79,
        "wave_order": 0.302,
        "spot_idx": 0
      },
      "geometry": {
        "type": "Polygon",
        "coordinates": [
          [
            [
              97.225,
              5.15
            ],
            [
              97.25,
              5.15
            ],
            [
              97.25,
              5.175
            ],
            [
              97.225,
              5.175
            ],
            [
              97.225,
              5.15
            ]
          ]
        ]
      }
    },
    {
      "type": "Feature",
      "properties": {
        "id": "Aceh Utara-79",
        "kabupaten": "Aceh Utara",
        "prov": "ACEH",
        "depth_m": 2.45,
        "wave_order": 0.322,
        "spot_idx": 0
      },
      "geometry": {
        "type": "Polygon",
        "coordinates": [
          [
            [
              97.225,
              5.175
            ],
            [
              97.25,
              5.175
            ],
            [
              97.25,
              5.2
            ],
            [
              97.225,
              5.2
            ],
            [
              97.225,
              5.175
            ]
          ]
        ]
      }
    },
    {
      "type": "Feature",
      "properties": {
        "id": "Aceh Utara-80",
        "kabupaten": "Aceh Utara",
        "prov": "ACEH",
        "depth_m": 2.08,
        "wave_order": 0.436,
        "spot_idx": 0
      },
      "geometry": {
        "type": "Polygon",
        "coordinates": [
          [
            [
              97.25,
              4.95
            ],
            [
              97.275,
              4.95
            ],
            [
              97.275,
              4.975
            ],
            [
              97.25,
              4.975
            ],
            [
              97.25,
              4.95
            ]
          ]
        ]
      }
    },
    {
      "type": "Feature",
      "properties": {
        "id": "Aceh Utara-81",
        "kabupaten": "Aceh Utara",
        "prov": "ACEH",
        "depth_m": 2.57,
        "wave_order": 0.479,
        "spot_idx": 0
      },
      "geometry": {
        "type": "Polygon",
        "coordinates": [
          [
            [
              97.25,
              4.975
            ],
            [
              97.275,
              4.975
            ],
            [
              97.275,
              5
            ],
            [
              97.25,
              5
            ],
            [
              97.25,
              4.975
            ]
          ]
        ]
      }
    },
    {
      "type": "Feature",
      "properties": {
        "id": "Aceh Utara-82",
        "kabupaten": "Aceh Utara",
        "prov": "ACEH",
        "depth_m": 2.38,
        "wave_order": 0.274,
        "spot_idx": 0
      },
      "geometry": {
        "type": "Polygon",
        "coordinates": [
          [
            [
              97.25,
              5
            ],
            [
              97.275,
              5
            ],
            [
              97.275,
              5.025
            ],
            [
              97.25,
              5.025
            ],
            [
              97.25,
              5
            ]
          ]
        ]
      }
    },
    {
      "type": "Feature",
      "properties": {
        "id": "Aceh Utara-83",
        "kabupaten": "Aceh Utara",
        "prov": "ACEH",
        "depth_m": 2.86,
        "wave_order": 0.329,
        "spot_idx": 0
      },
      "geometry": {
        "type": "Polygon",
        "coordinates": [
          [
            [
              97.25,
              5.025
            ],
            [
              97.275,
              5.025
            ],
            [
              97.275,
              5.05
            ],
            [
              97.25,
              5.05
            ],
            [
              97.25,
              5.025
            ]
          ]
        ]
      }
    },
    {
      "type": "Feature",
      "properties": {
        "id": "Aceh Utara-84",
        "kabupaten": "Aceh Utara",
        "prov": "ACEH",
        "depth_m": 2.64,
        "wave_order": 0.148,
        "spot_idx": 0
      },
      "geometry": {
        "type": "Polygon",
        "coordinates": [
          [
            [
              97.25,
              5.05
            ],
            [
              97.275,
              5.05
            ],
            [
              97.275,
              5.075
            ],
            [
              97.25,
              5.075
            ],
            [
              97.25,
              5.05
            ]
          ]
        ]
      }
    },
    {
      "type": "Feature",
      "properties": {
        "id": "Aceh Utara-85",
        "kabupaten": "Aceh Utara",
        "prov": "ACEH",
        "depth_m": 3.01,
        "wave_order": 0.237,
        "spot_idx": 0
      },
      "geometry": {
        "type": "Polygon",
        "coordinates": [
          [
            [
              97.25,
              5.075
            ],
            [
              97.275,
              5.075
            ],
            [
              97.275,
              5.1
            ],
            [
              97.25,
              5.1
            ],
            [
              97.25,
              5.075
            ]
          ]
        ]
      }
    },
    {
      "type": "Feature",
      "properties": {
        "id": "Aceh Utara-86",
        "kabupaten": "Aceh Utara",
        "prov": "ACEH",
        "depth_m": 2.69,
        "wave_order": 0.14,
        "spot_idx": 0
      },
      "geometry": {
        "type": "Polygon",
        "coordinates": [
          [
            [
              97.25,
              5.1
            ],
            [
              97.275,
              5.1
            ],
            [
              97.275,
              5.125
            ],
            [
              97.25,
              5.125
            ],
            [
              97.25,
              5.1
            ]
          ]
        ]
      }
    },
    {
      "type": "Feature",
      "properties": {
        "id": "Aceh Utara-87",
        "kabupaten": "Aceh Utara",
        "prov": "ACEH",
        "depth_m": 2.86,
        "wave_order": 0.287,
        "spot_idx": 0
      },
      "geometry": {
        "type": "Polygon",
        "coordinates": [
          [
            [
              97.25,
              5.125
            ],
            [
              97.275,
              5.125
            ],
            [
              97.275,
              5.15
            ],
            [
              97.25,
              5.15
            ],
            [
              97.25,
              5.125
            ]
          ]
        ]
      }
    },
    {
      "type": "Feature",
      "properties": {
        "id": "Aceh Utara-88",
        "kabupaten": "Aceh Utara",
        "prov": "ACEH",
        "depth_m": 2.5,
        "wave_order": 0.268,
        "spot_idx": 0
      },
      "geometry": {
        "type": "Polygon",
        "coordinates": [
          [
            [
              97.25,
              5.15
            ],
            [
              97.275,
              5.15
            ],
            [
              97.275,
              5.175
            ],
            [
              97.25,
              5.175
            ],
            [
              97.25,
              5.15
            ]
          ]
        ]
      }
    },
    {
      "type": "Feature",
      "properties": {
        "id": "Aceh Utara-89",
        "kabupaten": "Aceh Utara",
        "prov": "ACEH",
        "depth_m": 2.55,
        "wave_order": 0.417,
        "spot_idx": 0
      },
      "geometry": {
        "type": "Polygon",
        "coordinates": [
          [
            [
              97.25,
              5.175
            ],
            [
              97.275,
              5.175
            ],
            [
              97.275,
              5.2
            ],
            [
              97.25,
              5.2
            ],
            [
              97.25,
              5.175
            ]
          ]
        ]
      }
    },
    {
      "type": "Feature",
      "properties": {
        "id": "Aceh Utara-90",
        "kabupaten": "Aceh Utara",
        "prov": "ACEH",
        "depth_m": 2.35,
        "wave_order": 0.604,
        "spot_idx": 0
      },
      "geometry": {
        "type": "Polygon",
        "coordinates": [
          [
            [
              97.275,
              4.95
            ],
            [
              97.3,
              4.95
            ],
            [
              97.3,
              4.975
            ],
            [
              97.275,
              4.975
            ],
            [
              97.275,
              4.95
            ]
          ]
        ]
      }
    },
    {
      "type": "Feature",
      "properties": {
        "id": "Aceh Utara-91",
        "kabupaten": "Aceh Utara",
        "prov": "ACEH",
        "depth_m": 2.13,
        "wave_order": 0.393,
        "spot_idx": 0
      },
      "geometry": {
        "type": "Polygon",
        "coordinates": [
          [
            [
              97.275,
              4.975
            ],
            [
              97.3,
              4.975
            ],
            [
              97.3,
              5
            ],
            [
              97.275,
              5
            ],
            [
              97.275,
              4.975
            ]
          ]
        ]
      }
    },
    {
      "type": "Feature",
      "properties": {
        "id": "Aceh Utara-92",
        "kabupaten": "Aceh Utara",
        "prov": "ACEH",
        "depth_m": 2.63,
        "wave_order": 0.461,
        "spot_idx": 0
      },
      "geometry": {
        "type": "Polygon",
        "coordinates": [
          [
            [
              97.275,
              5
            ],
            [
              97.3,
              5
            ],
            [
              97.3,
              5.025
            ],
            [
              97.275,
              5.025
            ],
            [
              97.275,
              5
            ]
          ]
        ]
      }
    },
    {
      "type": "Feature",
      "properties": {
        "id": "Aceh Utara-93",
        "kabupaten": "Aceh Utara",
        "prov": "ACEH",
        "depth_m": 2.38,
        "wave_order": 0.265,
        "spot_idx": 0
      },
      "geometry": {
        "type": "Polygon",
        "coordinates": [
          [
            [
              97.275,
              5.025
            ],
            [
              97.3,
              5.025
            ],
            [
              97.3,
              5.05
            ],
            [
              97.275,
              5.05
            ],
            [
              97.275,
              5.025
            ]
          ]
        ]
      }
    },
    {
      "type": "Feature",
      "properties": {
        "id": "Aceh Utara-94",
        "kabupaten": "Aceh Utara",
        "prov": "ACEH",
        "depth_m": 2.82,
        "wave_order": 0.354,
        "spot_idx": 0
      },
      "geometry": {
        "type": "Polygon",
        "coordinates": [
          [
            [
              97.275,
              5.05
            ],
            [
              97.3,
              5.05
            ],
            [
              97.3,
              5.075
            ],
            [
              97.275,
              5.075
            ],
            [
              97.275,
              5.05
            ]
          ]
        ]
      }
    },
    {
      "type": "Feature",
      "properties": {
        "id": "Aceh Utara-95",
        "kabupaten": "Aceh Utara",
        "prov": "ACEH",
        "depth_m": 2.52,
        "wave_order": 0.208,
        "spot_idx": 0
      },
      "geometry": {
        "type": "Polygon",
        "coordinates": [
          [
            [
              97.275,
              5.075
            ],
            [
              97.3,
              5.075
            ],
            [
              97.3,
              5.1
            ],
            [
              97.275,
              5.1
            ],
            [
              97.275,
              5.075
            ]
          ]
        ]
      }
    },
    {
      "type": "Feature",
      "properties": {
        "id": "Aceh Utara-96",
        "kabupaten": "Aceh Utara",
        "prov": "ACEH",
        "depth_m": 2.82,
        "wave_order": 0.334,
        "spot_idx": 0
      },
      "geometry": {
        "type": "Polygon",
        "coordinates": [
          [
            [
              97.275,
              5.1
            ],
            [
              97.3,
              5.1
            ],
            [
              97.3,
              5.125
            ],
            [
              97.275,
              5.125
            ],
            [
              97.275,
              5.1
            ]
          ]
        ]
      }
    },
    {
      "type": "Feature",
      "properties": {
        "id": "Aceh Utara-97",
        "kabupaten": "Aceh Utara",
        "prov": "ACEH",
        "depth_m": 2.47,
        "wave_order": 0.263,
        "spot_idx": 0
      },
      "geometry": {
        "type": "Polygon",
        "coordinates": [
          [
            [
              97.275,
              5.125
            ],
            [
              97.3,
              5.125
            ],
            [
              97.3,
              5.15
            ],
            [
              97.275,
              5.15
            ],
            [
              97.275,
              5.125
            ]
          ]
        ]
      }
    },
    {
      "type": "Feature",
      "properties": {
        "id": "Aceh Utara-98",
        "kabupaten": "Aceh Utara",
        "prov": "ACEH",
        "depth_m": 2.61,
        "wave_order": 0.41,
        "spot_idx": 0
      },
      "geometry": {
        "type": "Polygon",
        "coordinates": [
          [
            [
              97.275,
              5.15
            ],
            [
              97.3,
              5.15
            ],
            [
              97.3,
              5.175
            ],
            [
              97.275,
              5.175
            ],
            [
              97.275,
              5.15
            ]
          ]
        ]
      }
    },
    {
      "type": "Feature",
      "properties": {
        "id": "Aceh Utara-99",
        "kabupaten": "Aceh Utara",
        "prov": "ACEH",
        "depth_m": 2.28,
        "wave_order": 0.398,
        "spot_idx": 0
      },
      "geometry": {
        "type": "Polygon",
        "coordinates": [
          [
            [
              97.275,
              5.175
            ],
            [
              97.3,
              5.175
            ],
            [
              97.3,
              5.2
            ],
            [
              97.275,
              5.2
            ],
            [
              97.275,
              5.175
            ]
          ]
        ]
      }
    },
    {
      "type": "Feature",
      "properties": {
        "id": "Aceh Utara-100",
        "kabupaten": "Aceh Utara",
        "prov": "ACEH",
        "depth_m": 1.89,
        "wave_order": 0.516,
        "spot_idx": 0
      },
      "geometry": {
        "type": "Polygon",
        "coordinates": [
          [
            [
              97.3,
              4.95
            ],
            [
              97.325,
              4.95
            ],
            [
              97.325,
              4.975
            ],
            [
              97.3,
              4.975
            ],
            [
              97.3,
              4.95
            ]
          ]
        ]
      }
    },
    {
      "type": "Feature",
      "properties": {
        "id": "Aceh Utara-101",
        "kabupaten": "Aceh Utara",
        "prov": "ACEH",
        "depth_m": 2.4,
        "wave_order": 0.591,
        "spot_idx": 0
      },
      "geometry": {
        "type": "Polygon",
        "coordinates": [
          [
            [
              97.3,
              4.975
            ],
            [
              97.325,
              4.975
            ],
            [
              97.325,
              5
            ],
            [
              97.3,
              5
            ],
            [
              97.3,
              4.975
            ]
          ]
        ]
      }
    },
    {
      "type": "Feature",
      "properties": {
        "id": "Aceh Utara-102",
        "kabupaten": "Aceh Utara",
        "prov": "ACEH",
        "depth_m": 2.13,
        "wave_order": 0.386,
        "spot_idx": 0
      },
      "geometry": {
        "type": "Polygon",
        "coordinates": [
          [
            [
              97.3,
              5
            ],
            [
              97.325,
              5
            ],
            [
              97.325,
              5.025
            ],
            [
              97.3,
              5.025
            ],
            [
              97.3,
              5
            ]
          ]
        ]
      }
    },
    {
      "type": "Feature",
      "properties": {
        "id": "Aceh Utara-103",
        "kabupaten": "Aceh Utara",
        "prov": "ACEH",
        "depth_m": 2.61,
        "wave_order": 0.479,
        "spot_idx": 0
      },
      "geometry": {
        "type": "Polygon",
        "coordinates": [
          [
            [
              97.3,
              5.025
            ],
            [
              97.325,
              5.025
            ],
            [
              97.325,
              5.05
            ],
            [
              97.3,
              5.05
            ],
            [
              97.3,
              5.025
            ]
          ]
        ]
      }
    },
    {
      "type": "Feature",
      "properties": {
        "id": "Aceh Utara-104",
        "kabupaten": "Aceh Utara",
        "prov": "ACEH",
        "depth_m": 2.3,
        "wave_order": 0.305,
        "spot_idx": 0
      },
      "geometry": {
        "type": "Polygon",
        "coordinates": [
          [
            [
              97.3,
              5.05
            ],
            [
              97.325,
              5.05
            ],
            [
              97.325,
              5.075
            ],
            [
              97.3,
              5.075
            ],
            [
              97.3,
              5.05
            ]
          ]
        ]
      }
    },
    {
      "type": "Feature",
      "properties": {
        "id": "Aceh Utara-105",
        "kabupaten": "Aceh Utara",
        "prov": "ACEH",
        "depth_m": 2.68,
        "wave_order": 0.423,
        "spot_idx": 0
      },
      "geometry": {
        "type": "Polygon",
        "coordinates": [
          [
            [
              97.3,
              5.075
            ],
            [
              97.325,
              5.075
            ],
            [
              97.325,
              5.1
            ],
            [
              97.3,
              5.1
            ],
            [
              97.3,
              5.075
            ]
          ]
        ]
      }
    },
    {
      "type": "Feature",
      "properties": {
        "id": "Aceh Utara-106",
        "kabupaten": "Aceh Utara",
        "prov": "ACEH",
        "depth_m": 2.34,
        "wave_order": 0.306,
        "spot_idx": 0
      },
      "geometry": {
        "type": "Polygon",
        "coordinates": [
          [
            [
              97.3,
              5.1
            ],
            [
              97.325,
              5.1
            ],
            [
              97.325,
              5.125
            ],
            [
              97.3,
              5.125
            ],
            [
              97.3,
              5.1
            ]
          ]
        ]
      }
    },
    {
      "type": "Feature",
      "properties": {
        "id": "Aceh Utara-107",
        "kabupaten": "Aceh Utara",
        "prov": "ACEH",
        "depth_m": 2.59,
        "wave_order": 0.445,
        "spot_idx": 0
      },
      "geometry": {
        "type": "Polygon",
        "coordinates": [
          [
            [
              97.3,
              5.125
            ],
            [
              97.325,
              5.125
            ],
            [
              97.325,
              5.15
            ],
            [
              97.3,
              5.15
            ],
            [
              97.3,
              5.125
            ]
          ]
        ]
      }
    },
    {
      "type": "Feature",
      "properties": {
        "id": "Aceh Utara-108",
        "kabupaten": "Aceh Utara",
        "prov": "ACEH",
        "depth_m": 2.24,
        "wave_order": 0.391,
        "spot_idx": 0
      },
      "geometry": {
        "type": "Polygon",
        "coordinates": [
          [
            [
              97.3,
              5.15
            ],
            [
              97.325,
              5.15
            ],
            [
              97.325,
              5.175
            ],
            [
              97.3,
              5.175
            ],
            [
              97.3,
              5.15
            ]
          ]
        ]
      }
    },
    {
      "type": "Feature",
      "properties": {
        "id": "Aceh Utara-109",
        "kabupaten": "Aceh Utara",
        "prov": "ACEH",
        "depth_m": 2.35,
        "wave_order": 0.53,
        "spot_idx": 0
      },
      "geometry": {
        "type": "Polygon",
        "coordinates": [
          [
            [
              97.3,
              5.175
            ],
            [
              97.325,
              5.175
            ],
            [
              97.325,
              5.2
            ],
            [
              97.3,
              5.2
            ],
            [
              97.3,
              5.175
            ]
          ]
        ]
      }
    },
    {
      "type": "Feature",
      "properties": {
        "id": "Aceh Utara-110",
        "kabupaten": "Aceh Utara",
        "prov": "ACEH",
        "depth_m": 2.15,
        "wave_order": 0.717,
        "spot_idx": 0
      },
      "geometry": {
        "type": "Polygon",
        "coordinates": [
          [
            [
              97.325,
              4.95
            ],
            [
              97.35,
              4.95
            ],
            [
              97.35,
              4.975
            ],
            [
              97.325,
              4.975
            ],
            [
              97.325,
              4.95
            ]
          ]
        ]
      }
    },
    {
      "type": "Feature",
      "properties": {
        "id": "Aceh Utara-111",
        "kabupaten": "Aceh Utara",
        "prov": "ACEH",
        "depth_m": 1.88,
        "wave_order": 0.51,
        "spot_idx": 0
      },
      "geometry": {
        "type": "Polygon",
        "coordinates": [
          [
            [
              97.325,
              4.975
            ],
            [
              97.35,
              4.975
            ],
            [
              97.35,
              5
            ],
            [
              97.325,
              5
            ],
            [
              97.325,
              4.975
            ]
          ]
        ]
      }
    },
    {
      "type": "Feature",
      "properties": {
        "id": "Aceh Utara-112",
        "kabupaten": "Aceh Utara",
        "prov": "ACEH",
        "depth_m": 2.38,
        "wave_order": 0.605,
        "spot_idx": 0
      },
      "geometry": {
        "type": "Polygon",
        "coordinates": [
          [
            [
              97.325,
              5
            ],
            [
              97.35,
              5
            ],
            [
              97.35,
              5.025
            ],
            [
              97.325,
              5.025
            ],
            [
              97.325,
              5
            ]
          ]
        ]
      }
    },
    {
      "type": "Feature",
      "properties": {
        "id": "Aceh Utara-113",
        "kabupaten": "Aceh Utara",
        "prov": "ACEH",
        "depth_m": 2.07,
        "wave_order": 0.415,
        "spot_idx": 0
      },
      "geometry": {
        "type": "Polygon",
        "coordinates": [
          [
            [
              97.325,
              5.025
            ],
            [
              97.35,
              5.025
            ],
            [
              97.35,
              5.05
            ],
            [
              97.325,
              5.05
            ],
            [
              97.325,
              5.025
            ]
          ]
        ]
      }
    },
    {
      "type": "Feature",
      "properties": {
        "id": "Aceh Utara-114",
        "kabupaten": "Aceh Utara",
        "prov": "ACEH",
        "depth_m": 2.5,
        "wave_order": 0.53,
        "spot_idx": 0
      },
      "geometry": {
        "type": "Polygon",
        "coordinates": [
          [
            [
              97.325,
              5.05
            ],
            [
              97.35,
              5.05
            ],
            [
              97.35,
              5.075
            ],
            [
              97.325,
              5.075
            ],
            [
              97.325,
              5.05
            ]
          ]
        ]
      }
    },
    {
      "type": "Feature",
      "properties": {
        "id": "Aceh Utara-115",
        "kabupaten": "Aceh Utara",
        "prov": "ACEH",
        "depth_m": 2.16,
        "wave_order": 0.381,
        "spot_idx": 0
      },
      "geometry": {
        "type": "Polygon",
        "coordinates": [
          [
            [
              97.325,
              5.075
            ],
            [
              97.35,
              5.075
            ],
            [
              97.35,
              5.1
            ],
            [
              97.325,
              5.1
            ],
            [
              97.325,
              5.075
            ]
          ]
        ]
      }
    },
    {
      "type": "Feature",
      "properties": {
        "id": "Aceh Utara-116",
        "kabupaten": "Aceh Utara",
        "prov": "ACEH",
        "depth_m": 2.49,
        "wave_order": 0.514,
        "spot_idx": 0
      },
      "geometry": {
        "type": "Polygon",
        "coordinates": [
          [
            [
              97.325,
              5.1
            ],
            [
              97.35,
              5.1
            ],
            [
              97.35,
              5.125
            ],
            [
              97.325,
              5.125
            ],
            [
              97.325,
              5.1
            ]
          ]
        ]
      }
    },
    {
      "type": "Feature",
      "properties": {
        "id": "Aceh Utara-117",
        "kabupaten": "Aceh Utara",
        "prov": "ACEH",
        "depth_m": 2.14,
        "wave_order": 0.421,
        "spot_idx": 0
      },
      "geometry": {
        "type": "Polygon",
        "coordinates": [
          [
            [
              97.325,
              5.125
            ],
            [
              97.35,
              5.125
            ],
            [
              97.35,
              5.15
            ],
            [
              97.325,
              5.15
            ],
            [
              97.325,
              5.125
            ]
          ]
        ]
      }
    },
    {
      "type": "Feature",
      "properties": {
        "id": "Aceh Utara-118",
        "kabupaten": "Aceh Utara",
        "prov": "ACEH",
        "depth_m": 2.34,
        "wave_order": 0.559,
        "spot_idx": 0
      },
      "geometry": {
        "type": "Polygon",
        "coordinates": [
          [
            [
              97.325,
              5.15
            ],
            [
              97.35,
              5.15
            ],
            [
              97.35,
              5.175
            ],
            [
              97.325,
              5.175
            ],
            [
              97.325,
              5.15
            ]
          ]
        ]
      }
    },
    {
      "type": "Feature",
      "properties": {
        "id": "Aceh Utara-119",
        "kabupaten": "Aceh Utara",
        "prov": "ACEH",
        "depth_m": 2.02,
        "wave_order": 0.524,
        "spot_idx": 0
      },
      "geometry": {
        "type": "Polygon",
        "coordinates": [
          [
            [
              97.325,
              5.175
            ],
            [
              97.35,
              5.175
            ],
            [
              97.35,
              5.2
            ],
            [
              97.325,
              5.2
            ],
            [
              97.325,
              5.175
            ]
          ]
        ]
      }
    },
    {
      "type": "Feature",
      "properties": {
        "id": "Aceh Utara-120",
        "kabupaten": "Aceh Utara",
        "prov": "ACEH",
        "depth_m": 1.64,
        "wave_order": 0.637,
        "spot_idx": 0
      },
      "geometry": {
        "type": "Polygon",
        "coordinates": [
          [
            [
              97.35,
              4.95
            ],
            [
              97.375,
              4.95
            ],
            [
              97.375,
              4.975
            ],
            [
              97.35,
              4.975
            ],
            [
              97.35,
              4.95
            ]
          ]
        ]
      }
    },
    {
      "type": "Feature",
      "properties": {
        "id": "Aceh Utara-121",
        "kabupaten": "Aceh Utara",
        "prov": "ACEH",
        "depth_m": 2.14,
        "wave_order": 0.73,
        "spot_idx": 0
      },
      "geometry": {
        "type": "Polygon",
        "coordinates": [
          [
            [
              97.35,
              4.975
            ],
            [
              97.375,
              4.975
            ],
            [
              97.375,
              5
            ],
            [
              97.35,
              5
            ],
            [
              97.35,
              4.975
            ]
          ]
        ]
      }
    },
    {
      "type": "Feature",
      "properties": {
        "id": "Aceh Utara-122",
        "kabupaten": "Aceh Utara",
        "prov": "ACEH",
        "depth_m": 1.83,
        "wave_order": 0.533,
        "spot_idx": 0
      },
      "geometry": {
        "type": "Polygon",
        "coordinates": [
          [
            [
              97.35,
              5
            ],
            [
              97.375,
              5
            ],
            [
              97.375,
              5.025
            ],
            [
              97.35,
              5.025
            ],
            [
              97.35,
              5
            ]
          ]
        ]
      }
    },
    {
      "type": "Feature",
      "properties": {
        "id": "Aceh Utara-123",
        "kabupaten": "Aceh Utara",
        "prov": "ACEH",
        "depth_m": 2.3,
        "wave_order": 0.645,
        "spot_idx": 0
      },
      "geometry": {
        "type": "Polygon",
        "coordinates": [
          [
            [
              97.35,
              5.025
            ],
            [
              97.375,
              5.025
            ],
            [
              97.375,
              5.05
            ],
            [
              97.35,
              5.05
            ],
            [
              97.35,
              5.025
            ]
          ]
        ]
      }
    },
    {
      "type": "Feature",
      "properties": {
        "id": "Aceh Utara-124",
        "kabupaten": "Aceh Utara",
        "prov": "ACEH",
        "depth_m": 1.96,
        "wave_order": 0.476,
        "spot_idx": 0
      },
      "geometry": {
        "type": "Polygon",
        "coordinates": [
          [
            [
              97.35,
              5.05
            ],
            [
              97.375,
              5.05
            ],
            [
              97.375,
              5.075
            ],
            [
              97.35,
              5.075
            ],
            [
              97.35,
              5.05
            ]
          ]
        ]
      }
    },
    {
      "type": "Feature",
      "properties": {
        "id": "Aceh Utara-125",
        "kabupaten": "Aceh Utara",
        "prov": "ACEH",
        "depth_m": 2.35,
        "wave_order": 0.604,
        "spot_idx": 0
      },
      "geometry": {
        "type": "Polygon",
        "coordinates": [
          [
            [
              97.35,
              5.075
            ],
            [
              97.375,
              5.075
            ],
            [
              97.375,
              5.1
            ],
            [
              97.35,
              5.1
            ],
            [
              97.35,
              5.075
            ]
          ]
        ]
      }
    },
    {
      "type": "Feature",
      "properties": {
        "id": "Aceh Utara-126",
        "kabupaten": "Aceh Utara",
        "prov": "ACEH",
        "depth_m": 2,
        "wave_order": 0.48,
        "spot_idx": 0
      },
      "geometry": {
        "type": "Polygon",
        "coordinates": [
          [
            [
              97.35,
              5.1
            ],
            [
              97.375,
              5.1
            ],
            [
              97.375,
              5.125
            ],
            [
              97.35,
              5.125
            ],
            [
              97.35,
              5.1
            ]
          ]
        ]
      }
    },
    {
      "type": "Feature",
      "properties": {
        "id": "Aceh Utara-127",
        "kabupaten": "Aceh Utara",
        "prov": "ACEH",
        "depth_m": 2.27,
        "wave_order": 0.615,
        "spot_idx": 0
      },
      "geometry": {
        "type": "Polygon",
        "coordinates": [
          [
            [
              97.35,
              5.125
            ],
            [
              97.375,
              5.125
            ],
            [
              97.375,
              5.15
            ],
            [
              97.35,
              5.15
            ],
            [
              97.35,
              5.125
            ]
          ]
        ]
      }
    },
    {
      "type": "Feature",
      "properties": {
        "id": "Aceh Utara-128",
        "kabupaten": "Aceh Utara",
        "prov": "ACEH",
        "depth_m": 1.94,
        "wave_order": 0.545,
        "spot_idx": 0
      },
      "geometry": {
        "type": "Polygon",
        "coordinates": [
          [
            [
              97.35,
              5.15
            ],
            [
              97.375,
              5.15
            ],
            [
              97.375,
              5.175
            ],
            [
              97.35,
              5.175
            ],
            [
              97.35,
              5.15
            ]
          ]
        ]
      }
    },
    {
      "type": "Feature",
      "properties": {
        "id": "Aceh Utara-129",
        "kabupaten": "Aceh Utara",
        "prov": "ACEH",
        "depth_m": 2.08,
        "wave_order": 0.673,
        "spot_idx": 0
      },
      "geometry": {
        "type": "Polygon",
        "coordinates": [
          [
            [
              97.35,
              5.175
            ],
            [
              97.375,
              5.175
            ],
            [
              97.375,
              5.2
            ],
            [
              97.35,
              5.2
            ],
            [
              97.35,
              5.175
            ]
          ]
        ]
      }
    },
    {
      "type": "Feature",
      "properties": {
        "id": "Aceh Utara-130",
        "kabupaten": "Aceh Utara",
        "prov": "ACEH",
        "depth_m": 1.6,
        "wave_order": 0.656,
        "spot_idx": 0
      },
      "geometry": {
        "type": "Polygon",
        "coordinates": [
          [
            [
              97.375,
              4.975
            ],
            [
              97.4,
              4.975
            ],
            [
              97.4,
              5
            ],
            [
              97.375,
              5
            ],
            [
              97.375,
              4.975
            ]
          ]
        ]
      }
    },
    {
      "type": "Feature",
      "properties": {
        "id": "Aceh Utara-131",
        "kabupaten": "Aceh Utara",
        "prov": "ACEH",
        "depth_m": 2.08,
        "wave_order": 0.762,
        "spot_idx": 0
      },
      "geometry": {
        "type": "Polygon",
        "coordinates": [
          [
            [
              97.375,
              5
            ],
            [
              97.4,
              5
            ],
            [
              97.4,
              5.025
            ],
            [
              97.375,
              5.025
            ],
            [
              97.375,
              5
            ]
          ]
        ]
      }
    },
    {
      "type": "Feature",
      "properties": {
        "id": "Aceh Utara-132",
        "kabupaten": "Aceh Utara",
        "prov": "ACEH",
        "depth_m": 1.75,
        "wave_order": 0.583,
        "spot_idx": 0
      },
      "geometry": {
        "type": "Polygon",
        "coordinates": [
          [
            [
              97.375,
              5.025
            ],
            [
              97.4,
              5.025
            ],
            [
              97.4,
              5.05
            ],
            [
              97.375,
              5.05
            ],
            [
              97.375,
              5.025
            ]
          ]
        ]
      }
    },
    {
      "type": "Feature",
      "properties": {
        "id": "Aceh Utara-133",
        "kabupaten": "Aceh Utara",
        "prov": "ACEH",
        "depth_m": 2.17,
        "wave_order": 0.705,
        "spot_idx": 0
      },
      "geometry": {
        "type": "Polygon",
        "coordinates": [
          [
            [
              97.375,
              5.05
            ],
            [
              97.4,
              5.05
            ],
            [
              97.4,
              5.075
            ],
            [
              97.375,
              5.075
            ],
            [
              97.375,
              5.05
            ]
          ]
        ]
      }
    },
    {
      "type": "Feature",
      "properties": {
        "id": "Aceh Utara-134",
        "kabupaten": "Aceh Utara",
        "prov": "ACEH",
        "depth_m": 1.82,
        "wave_order": 0.56,
        "spot_idx": 0
      },
      "geometry": {
        "type": "Polygon",
        "coordinates": [
          [
            [
              97.375,
              5.075
            ],
            [
              97.4,
              5.075
            ],
            [
              97.4,
              5.1
            ],
            [
              97.375,
              5.1
            ],
            [
              97.375,
              5.075
            ]
          ]
        ]
      }
    },
    {
      "type": "Feature",
      "properties": {
        "id": "Aceh Utara-135",
        "kabupaten": "Aceh Utara",
        "prov": "ACEH",
        "depth_m": 2.15,
        "wave_order": 0.691,
        "spot_idx": 0
      },
      "geometry": {
        "type": "Polygon",
        "coordinates": [
          [
            [
              97.375,
              5.1
            ],
            [
              97.4,
              5.1
            ],
            [
              97.4,
              5.125
            ],
            [
              97.375,
              5.125
            ],
            [
              97.375,
              5.1
            ]
          ]
        ]
      }
    },
    {
      "type": "Feature",
      "properties": {
        "id": "Aceh Utara-136",
        "kabupaten": "Aceh Utara",
        "prov": "ACEH",
        "depth_m": 1.81,
        "wave_order": 0.592,
        "spot_idx": 0
      },
      "geometry": {
        "type": "Polygon",
        "coordinates": [
          [
            [
              97.375,
              5.125
            ],
            [
              97.4,
              5.125
            ],
            [
              97.4,
              5.15
            ],
            [
              97.375,
              5.15
            ],
            [
              97.375,
              5.125
            ]
          ]
        ]
      }
    },
    {
      "type": "Feature",
      "properties": {
        "id": "Aceh Utara-137",
        "kabupaten": "Aceh Utara",
        "prov": "ACEH",
        "depth_m": 2.03,
        "wave_order": 0.721,
        "spot_idx": 0
      },
      "geometry": {
        "type": "Polygon",
        "coordinates": [
          [
            [
              97.375,
              5.15
            ],
            [
              97.4,
              5.15
            ],
            [
              97.4,
              5.175
            ],
            [
              97.375,
              5.175
            ],
            [
              97.375,
              5.15
            ]
          ]
        ]
      }
    },
    {
      "type": "Feature",
      "properties": {
        "id": "Aceh Utara-138",
        "kabupaten": "Aceh Utara",
        "prov": "ACEH",
        "depth_m": 1.73,
        "wave_order": 0.674,
        "spot_idx": 0
      },
      "geometry": {
        "type": "Polygon",
        "coordinates": [
          [
            [
              97.375,
              5.175
            ],
            [
              97.4,
              5.175
            ],
            [
              97.4,
              5.2
            ],
            [
              97.375,
              5.2
            ],
            [
              97.375,
              5.175
            ]
          ]
        ]
      }
    },
    {
      "type": "Feature",
      "properties": {
        "id": "Aceh Timur-139",
        "kabupaten": "Aceh Timur",
        "prov": "ACEH",
        "depth_m": 1.43,
        "wave_order": 0.727,
        "spot_idx": 1
      },
      "geometry": {
        "type": "Polygon",
        "coordinates": [
          [
            [
              97.55,
              4.6
            ],
            [
              97.575,
              4.6
            ],
            [
              97.575,
              4.625
            ],
            [
              97.55,
              4.625
            ],
            [
              97.55,
              4.6
            ]
          ]
        ]
      }
    },
    {
      "type": "Feature",
      "properties": {
        "id": "Aceh Timur-140",
        "kabupaten": "Aceh Timur",
        "prov": "ACEH",
        "depth_m": 1.42,
        "wave_order": 0.637,
        "spot_idx": 1
      },
      "geometry": {
        "type": "Polygon",
        "coordinates": [
          [
            [
              97.55,
              4.625
            ],
            [
              97.575,
              4.625
            ],
            [
              97.575,
              4.65
            ],
            [
              97.55,
              4.65
            ],
            [
              97.55,
              4.625
            ]
          ]
        ]
      }
    },
    {
      "type": "Feature",
      "properties": {
        "id": "Aceh Timur-141",
        "kabupaten": "Aceh Timur",
        "prov": "ACEH",
        "depth_m": 1.56,
        "wave_order": 0.613,
        "spot_idx": 1
      },
      "geometry": {
        "type": "Polygon",
        "coordinates": [
          [
            [
              97.55,
              4.65
            ],
            [
              97.575,
              4.65
            ],
            [
              97.575,
              4.675
            ],
            [
              97.55,
              4.675
            ],
            [
              97.55,
              4.65
            ]
          ]
        ]
      }
    },
    {
      "type": "Feature",
      "properties": {
        "id": "Aceh Timur-142",
        "kabupaten": "Aceh Timur",
        "prov": "ACEH",
        "depth_m": 1.58,
        "wave_order": 0.553,
        "spot_idx": 1
      },
      "geometry": {
        "type": "Polygon",
        "coordinates": [
          [
            [
              97.55,
              4.675
            ],
            [
              97.575,
              4.675
            ],
            [
              97.575,
              4.7
            ],
            [
              97.55,
              4.7
            ],
            [
              97.55,
              4.675
            ]
          ]
        ]
      }
    },
    {
      "type": "Feature",
      "properties": {
        "id": "Aceh Timur-143",
        "kabupaten": "Aceh Timur",
        "prov": "ACEH",
        "depth_m": 1.65,
        "wave_order": 0.53,
        "spot_idx": 1
      },
      "geometry": {
        "type": "Polygon",
        "coordinates": [
          [
            [
              97.55,
              4.7
            ],
            [
              97.575,
              4.7
            ],
            [
              97.575,
              4.725
            ],
            [
              97.55,
              4.725
            ],
            [
              97.55,
              4.7
            ]
          ]
        ]
      }
    },
    {
      "type": "Feature",
      "properties": {
        "id": "Aceh Timur-144",
        "kabupaten": "Aceh Timur",
        "prov": "ACEH",
        "depth_m": 1.67,
        "wave_order": 0.509,
        "spot_idx": 1
      },
      "geometry": {
        "type": "Polygon",
        "coordinates": [
          [
            [
              97.55,
              4.725
            ],
            [
              97.575,
              4.725
            ],
            [
              97.575,
              4.75
            ],
            [
              97.55,
              4.75
            ],
            [
              97.55,
              4.725
            ]
          ]
        ]
      }
    },
    {
      "type": "Feature",
      "properties": {
        "id": "Aceh Timur-145",
        "kabupaten": "Aceh Timur",
        "prov": "ACEH",
        "depth_m": 1.66,
        "wave_order": 0.494,
        "spot_idx": 1
      },
      "geometry": {
        "type": "Polygon",
        "coordinates": [
          [
            [
              97.55,
              4.75
            ],
            [
              97.575,
              4.75
            ],
            [
              97.575,
              4.775
            ],
            [
              97.55,
              4.775
            ],
            [
              97.55,
              4.75
            ]
          ]
        ]
      }
    },
    {
      "type": "Feature",
      "properties": {
        "id": "Aceh Timur-146",
        "kabupaten": "Aceh Timur",
        "prov": "ACEH",
        "depth_m": 1.7,
        "wave_order": 0.518,
        "spot_idx": 1
      },
      "geometry": {
        "type": "Polygon",
        "coordinates": [
          [
            [
              97.55,
              4.775
            ],
            [
              97.575,
              4.775
            ],
            [
              97.575,
              4.8
            ],
            [
              97.55,
              4.8
            ],
            [
              97.55,
              4.775
            ]
          ]
        ]
      }
    },
    {
      "type": "Feature",
      "properties": {
        "id": "Aceh Timur-147",
        "kabupaten": "Aceh Timur",
        "prov": "ACEH",
        "depth_m": 1.6,
        "wave_order": 0.513,
        "spot_idx": 1
      },
      "geometry": {
        "type": "Polygon",
        "coordinates": [
          [
            [
              97.55,
              4.8
            ],
            [
              97.575,
              4.8
            ],
            [
              97.575,
              4.825
            ],
            [
              97.55,
              4.825
            ],
            [
              97.55,
              4.8
            ]
          ]
        ]
      }
    },
    {
      "type": "Feature",
      "properties": {
        "id": "Aceh Timur-148",
        "kabupaten": "Aceh Timur",
        "prov": "ACEH",
        "depth_m": 1.64,
        "wave_order": 0.578,
        "spot_idx": 1
      },
      "geometry": {
        "type": "Polygon",
        "coordinates": [
          [
            [
              97.55,
              4.825
            ],
            [
              97.575,
              4.825
            ],
            [
              97.575,
              4.85
            ],
            [
              97.55,
              4.85
            ],
            [
              97.55,
              4.825
            ]
          ]
        ]
      }
    },
    {
      "type": "Feature",
      "properties": {
        "id": "Aceh Timur-149",
        "kabupaten": "Aceh Timur",
        "prov": "ACEH",
        "depth_m": 1.48,
        "wave_order": 0.58,
        "spot_idx": 1
      },
      "geometry": {
        "type": "Polygon",
        "coordinates": [
          [
            [
              97.55,
              4.85
            ],
            [
              97.575,
              4.85
            ],
            [
              97.575,
              4.875
            ],
            [
              97.55,
              4.875
            ],
            [
              97.55,
              4.85
            ]
          ]
        ]
      }
    },
    {
      "type": "Feature",
      "properties": {
        "id": "Aceh Timur-150",
        "kabupaten": "Aceh Timur",
        "prov": "ACEH",
        "depth_m": 1.53,
        "wave_order": 0.676,
        "spot_idx": 1
      },
      "geometry": {
        "type": "Polygon",
        "coordinates": [
          [
            [
              97.55,
              4.875
            ],
            [
              97.575,
              4.875
            ],
            [
              97.575,
              4.9
            ],
            [
              97.55,
              4.9
            ],
            [
              97.55,
              4.875
            ]
          ]
        ]
      }
    },
    {
      "type": "Feature",
      "properties": {
        "id": "Aceh Timur-151",
        "kabupaten": "Aceh Timur",
        "prov": "ACEH",
        "depth_m": 1.43,
        "wave_order": 0.639,
        "spot_idx": 1
      },
      "geometry": {
        "type": "Polygon",
        "coordinates": [
          [
            [
              97.575,
              4.6
            ],
            [
              97.6,
              4.6
            ],
            [
              97.6,
              4.625
            ],
            [
              97.575,
              4.625
            ],
            [
              97.575,
              4.6
            ]
          ]
        ]
      }
    },
    {
      "type": "Feature",
      "properties": {
        "id": "Aceh Timur-152",
        "kabupaten": "Aceh Timur",
        "prov": "ACEH",
        "depth_m": 1.58,
        "wave_order": 0.6,
        "spot_idx": 1
      },
      "geometry": {
        "type": "Polygon",
        "coordinates": [
          [
            [
              97.575,
              4.625
            ],
            [
              97.6,
              4.625
            ],
            [
              97.6,
              4.65
            ],
            [
              97.575,
              4.65
            ],
            [
              97.575,
              4.625
            ]
          ]
        ]
      }
    },
    {
      "type": "Feature",
      "properties": {
        "id": "Aceh Timur-153",
        "kabupaten": "Aceh Timur",
        "prov": "ACEH",
        "depth_m": 1.61,
        "wave_order": 0.527,
        "spot_idx": 1
      },
      "geometry": {
        "type": "Polygon",
        "coordinates": [
          [
            [
              97.575,
              4.65
            ],
            [
              97.6,
              4.65
            ],
            [
              97.6,
              4.675
            ],
            [
              97.575,
              4.675
            ],
            [
              97.575,
              4.65
            ]
          ]
        ]
      }
    },
    {
      "type": "Feature",
      "properties": {
        "id": "Aceh Timur-154",
        "kabupaten": "Aceh Timur",
        "prov": "ACEH",
        "depth_m": 1.71,
        "wave_order": 0.491,
        "spot_idx": 1
      },
      "geometry": {
        "type": "Polygon",
        "coordinates": [
          [
            [
              97.575,
              4.675
            ],
            [
              97.6,
              4.675
            ],
            [
              97.6,
              4.7
            ],
            [
              97.575,
              4.7
            ],
            [
              97.575,
              4.675
            ]
          ]
        ]
      }
    },
    {
      "type": "Feature",
      "properties": {
        "id": "Aceh Timur-155",
        "kabupaten": "Aceh Timur",
        "prov": "ACEH",
        "depth_m": 1.75,
        "wave_order": 0.448,
        "spot_idx": 1
      },
      "geometry": {
        "type": "Polygon",
        "coordinates": [
          [
            [
              97.575,
              4.7
            ],
            [
              97.6,
              4.7
            ],
            [
              97.6,
              4.725
            ],
            [
              97.575,
              4.725
            ],
            [
              97.575,
              4.7
            ]
          ]
        ]
      }
    },
    {
      "type": "Feature",
      "properties": {
        "id": "Aceh Timur-156",
        "kabupaten": "Aceh Timur",
        "prov": "ACEH",
        "depth_m": 1.78,
        "wave_order": 0.424,
        "spot_idx": 1
      },
      "geometry": {
        "type": "Polygon",
        "coordinates": [
          [
            [
              97.575,
              4.725
            ],
            [
              97.6,
              4.725
            ],
            [
              97.6,
              4.75
            ],
            [
              97.575,
              4.75
            ],
            [
              97.575,
              4.725
            ]
          ]
        ]
      }
    },
    {
      "type": "Feature",
      "properties": {
        "id": "Aceh Timur-157",
        "kabupaten": "Aceh Timur",
        "prov": "ACEH",
        "depth_m": 1.81,
        "wave_order": 0.421,
        "spot_idx": 1
      },
      "geometry": {
        "type": "Polygon",
        "coordinates": [
          [
            [
              97.575,
              4.75
            ],
            [
              97.6,
              4.75
            ],
            [
              97.6,
              4.775
            ],
            [
              97.575,
              4.775
            ],
            [
              97.575,
              4.75
            ]
          ]
        ]
      }
    },
    {
      "type": "Feature",
      "properties": {
        "id": "Aceh Timur-158",
        "kabupaten": "Aceh Timur",
        "prov": "ACEH",
        "depth_m": 1.77,
        "wave_order": 0.418,
        "spot_idx": 1
      },
      "geometry": {
        "type": "Polygon",
        "coordinates": [
          [
            [
              97.575,
              4.775
            ],
            [
              97.6,
              4.775
            ],
            [
              97.6,
              4.8
            ],
            [
              97.575,
              4.8
            ],
            [
              97.575,
              4.775
            ]
          ]
        ]
      }
    },
    {
      "type": "Feature",
      "properties": {
        "id": "Aceh Timur-159",
        "kabupaten": "Aceh Timur",
        "prov": "ACEH",
        "depth_m": 1.78,
        "wave_order": 0.459,
        "spot_idx": 1
      },
      "geometry": {
        "type": "Polygon",
        "coordinates": [
          [
            [
              97.575,
              4.8
            ],
            [
              97.6,
              4.8
            ],
            [
              97.6,
              4.825
            ],
            [
              97.575,
              4.825
            ],
            [
              97.575,
              4.8
            ]
          ]
        ]
      }
    },
    {
      "type": "Feature",
      "properties": {
        "id": "Aceh Timur-160",
        "kabupaten": "Aceh Timur",
        "prov": "ACEH",
        "depth_m": 1.67,
        "wave_order": 0.474,
        "spot_idx": 1
      },
      "geometry": {
        "type": "Polygon",
        "coordinates": [
          [
            [
              97.575,
              4.825
            ],
            [
              97.6,
              4.825
            ],
            [
              97.6,
              4.85
            ],
            [
              97.575,
              4.85
            ],
            [
              97.575,
              4.825
            ]
          ]
        ]
      }
    },
    {
      "type": "Feature",
      "properties": {
        "id": "Aceh Timur-161",
        "kabupaten": "Aceh Timur",
        "prov": "ACEH",
        "depth_m": 1.67,
        "wave_order": 0.549,
        "spot_idx": 1
      },
      "geometry": {
        "type": "Polygon",
        "coordinates": [
          [
            [
              97.575,
              4.85
            ],
            [
              97.6,
              4.85
            ],
            [
              97.6,
              4.875
            ],
            [
              97.575,
              4.875
            ],
            [
              97.575,
              4.85
            ]
          ]
        ]
      }
    },
    {
      "type": "Feature",
      "properties": {
        "id": "Aceh Timur-162",
        "kabupaten": "Aceh Timur",
        "prov": "ACEH",
        "depth_m": 1.51,
        "wave_order": 0.573,
        "spot_idx": 1
      },
      "geometry": {
        "type": "Polygon",
        "coordinates": [
          [
            [
              97.575,
              4.875
            ],
            [
              97.6,
              4.875
            ],
            [
              97.6,
              4.9
            ],
            [
              97.575,
              4.9
            ],
            [
              97.575,
              4.875
            ]
          ]
        ]
      }
    },
    {
      "type": "Feature",
      "properties": {
        "id": "Aceh Timur-163",
        "kabupaten": "Aceh Timur",
        "prov": "ACEH",
        "depth_m": 1.55,
        "wave_order": 0.608,
        "spot_idx": 1
      },
      "geometry": {
        "type": "Polygon",
        "coordinates": [
          [
            [
              97.6,
              4.6
            ],
            [
              97.625,
              4.6
            ],
            [
              97.625,
              4.625
            ],
            [
              97.6,
              4.625
            ],
            [
              97.6,
              4.6
            ]
          ]
        ]
      }
    },
    {
      "type": "Feature",
      "properties": {
        "id": "Aceh Timur-164",
        "kabupaten": "Aceh Timur",
        "prov": "ACEH",
        "depth_m": 1.62,
        "wave_order": 0.529,
        "spot_idx": 1
      },
      "geometry": {
        "type": "Polygon",
        "coordinates": [
          [
            [
              97.6,
              4.625
            ],
            [
              97.625,
              4.625
            ],
            [
              97.625,
              4.65
            ],
            [
              97.6,
              4.65
            ],
            [
              97.6,
              4.625
            ]
          ]
        ]
      }
    },
    {
      "type": "Feature",
      "properties": {
        "id": "Aceh Timur-165",
        "kabupaten": "Aceh Timur",
        "prov": "ACEH",
        "depth_m": 1.73,
        "wave_order": 0.476,
        "spot_idx": 1
      },
      "geometry": {
        "type": "Polygon",
        "coordinates": [
          [
            [
              97.6,
              4.65
            ],
            [
              97.625,
              4.65
            ],
            [
              97.625,
              4.675
            ],
            [
              97.6,
              4.675
            ],
            [
              97.6,
              4.65
            ]
          ]
        ]
      }
    },
    {
      "type": "Feature",
      "properties": {
        "id": "Aceh Timur-166",
        "kabupaten": "Aceh Timur",
        "prov": "ACEH",
        "depth_m": 1.79,
        "wave_order": 0.415,
        "spot_idx": 1
      },
      "geometry": {
        "type": "Polygon",
        "coordinates": [
          [
            [
              97.6,
              4.675
            ],
            [
              97.625,
              4.675
            ],
            [
              97.625,
              4.7
            ],
            [
              97.6,
              4.7
            ],
            [
              97.6,
              4.675
            ]
          ]
        ]
      }
    },
    {
      "type": "Feature",
      "properties": {
        "id": "Aceh Timur-167",
        "kabupaten": "Aceh Timur",
        "prov": "ACEH",
        "depth_m": 1.87,
        "wave_order": 0.374,
        "spot_idx": 1
      },
      "geometry": {
        "type": "Polygon",
        "coordinates": [
          [
            [
              97.6,
              4.7
            ],
            [
              97.625,
              4.7
            ],
            [
              97.625,
              4.725
            ],
            [
              97.6,
              4.725
            ],
            [
              97.6,
              4.7
            ]
          ]
        ]
      }
    },
    {
      "type": "Feature",
      "properties": {
        "id": "Aceh Timur-168",
        "kabupaten": "Aceh Timur",
        "prov": "ACEH",
        "depth_m": 1.91,
        "wave_order": 0.345,
        "spot_idx": 1
      },
      "geometry": {
        "type": "Polygon",
        "coordinates": [
          [
            [
              97.6,
              4.725
            ],
            [
              97.625,
              4.725
            ],
            [
              97.625,
              4.75
            ],
            [
              97.6,
              4.75
            ],
            [
              97.6,
              4.725
            ]
          ]
        ]
      }
    },
    {
      "type": "Feature",
      "properties": {
        "id": "Aceh Timur-169",
        "kabupaten": "Aceh Timur",
        "prov": "ACEH",
        "depth_m": 1.91,
        "wave_order": 0.332,
        "spot_idx": 1
      },
      "geometry": {
        "type": "Polygon",
        "coordinates": [
          [
            [
              97.6,
              4.75
            ],
            [
              97.625,
              4.75
            ],
            [
              97.625,
              4.775
            ],
            [
              97.6,
              4.775
            ],
            [
              97.6,
              4.75
            ]
          ]
        ]
      }
    },
    {
      "type": "Feature",
      "properties": {
        "id": "Aceh Timur-170",
        "kabupaten": "Aceh Timur",
        "prov": "ACEH",
        "depth_m": 1.91,
        "wave_order": 0.348,
        "spot_idx": 1
      },
      "geometry": {
        "type": "Polygon",
        "coordinates": [
          [
            [
              97.6,
              4.775
            ],
            [
              97.625,
              4.775
            ],
            [
              97.625,
              4.8
            ],
            [
              97.6,
              4.8
            ],
            [
              97.6,
              4.775
            ]
          ]
        ]
      }
    },
    {
      "type": "Feature",
      "properties": {
        "id": "Aceh Timur-171",
        "kabupaten": "Aceh Timur",
        "prov": "ACEH",
        "depth_m": 1.85,
        "wave_order": 0.368,
        "spot_idx": 1
      },
      "geometry": {
        "type": "Polygon",
        "coordinates": [
          [
            [
              97.6,
              4.8
            ],
            [
              97.625,
              4.8
            ],
            [
              97.625,
              4.825
            ],
            [
              97.6,
              4.825
            ],
            [
              97.6,
              4.8
            ]
          ]
        ]
      }
    },
    {
      "type": "Feature",
      "properties": {
        "id": "Aceh Timur-172",
        "kabupaten": "Aceh Timur",
        "prov": "ACEH",
        "depth_m": 1.82,
        "wave_order": 0.423,
        "spot_idx": 1
      },
      "geometry": {
        "type": "Polygon",
        "coordinates": [
          [
            [
              97.6,
              4.825
            ],
            [
              97.625,
              4.825
            ],
            [
              97.625,
              4.85
            ],
            [
              97.6,
              4.85
            ],
            [
              97.6,
              4.825
            ]
          ]
        ]
      }
    },
    {
      "type": "Feature",
      "properties": {
        "id": "Aceh Timur-173",
        "kabupaten": "Aceh Timur",
        "prov": "ACEH",
        "depth_m": 1.7,
        "wave_order": 0.465,
        "spot_idx": 1
      },
      "geometry": {
        "type": "Polygon",
        "coordinates": [
          [
            [
              97.6,
              4.85
            ],
            [
              97.625,
              4.85
            ],
            [
              97.625,
              4.875
            ],
            [
              97.6,
              4.875
            ],
            [
              97.6,
              4.85
            ]
          ]
        ]
      }
    },
    {
      "type": "Feature",
      "properties": {
        "id": "Aceh Timur-174",
        "kabupaten": "Aceh Timur",
        "prov": "ACEH",
        "depth_m": 1.65,
        "wave_order": 0.543,
        "spot_idx": 1
      },
      "geometry": {
        "type": "Polygon",
        "coordinates": [
          [
            [
              97.6,
              4.875
            ],
            [
              97.625,
              4.875
            ],
            [
              97.625,
              4.9
            ],
            [
              97.6,
              4.9
            ],
            [
              97.6,
              4.875
            ]
          ]
        ]
      }
    },
    {
      "type": "Feature",
      "properties": {
        "id": "Aceh Timur-175",
        "kabupaten": "Aceh Timur",
        "prov": "ACEH",
        "depth_m": 1.59,
        "wave_order": 0.56,
        "spot_idx": 1
      },
      "geometry": {
        "type": "Polygon",
        "coordinates": [
          [
            [
              97.625,
              4.6
            ],
            [
              97.65,
              4.6
            ],
            [
              97.65,
              4.625
            ],
            [
              97.625,
              4.625
            ],
            [
              97.625,
              4.6
            ]
          ]
        ]
      }
    },
    {
      "type": "Feature",
      "properties": {
        "id": "Aceh Timur-176",
        "kabupaten": "Aceh Timur",
        "prov": "ACEH",
        "depth_m": 1.7,
        "wave_order": 0.487,
        "spot_idx": 1
      },
      "geometry": {
        "type": "Polygon",
        "coordinates": [
          [
            [
              97.625,
              4.625
            ],
            [
              97.65,
              4.625
            ],
            [
              97.65,
              4.65
            ],
            [
              97.625,
              4.65
            ],
            [
              97.625,
              4.625
            ]
          ]
        ]
      }
    },
    {
      "type": "Feature",
      "properties": {
        "id": "Aceh Timur-177",
        "kabupaten": "Aceh Timur",
        "prov": "ACEH",
        "depth_m": 1.8,
        "wave_order": 0.417,
        "spot_idx": 1
      },
      "geometry": {
        "type": "Polygon",
        "coordinates": [
          [
            [
              97.625,
              4.65
            ],
            [
              97.65,
              4.65
            ],
            [
              97.65,
              4.675
            ],
            [
              97.625,
              4.675
            ],
            [
              97.625,
              4.65
            ]
          ]
        ]
      }
    },
    {
      "type": "Feature",
      "properties": {
        "id": "Aceh Timur-178",
        "kabupaten": "Aceh Timur",
        "prov": "ACEH",
        "depth_m": 1.89,
        "wave_order": 0.354,
        "spot_idx": 1
      },
      "geometry": {
        "type": "Polygon",
        "coordinates": [
          [
            [
              97.625,
              4.675
            ],
            [
              97.65,
              4.675
            ],
            [
              97.65,
              4.7
            ],
            [
              97.625,
              4.7
            ],
            [
              97.625,
              4.675
            ]
          ]
        ]
      }
    },
    {
      "type": "Feature",
      "properties": {
        "id": "Aceh Timur-179",
        "kabupaten": "Aceh Timur",
        "prov": "ACEH",
        "depth_m": 1.97,
        "wave_order": 0.301,
        "spot_idx": 1
      },
      "geometry": {
        "type": "Polygon",
        "coordinates": [
          [
            [
              97.625,
              4.7
            ],
            [
              97.65,
              4.7
            ],
            [
              97.65,
              4.725
            ],
            [
              97.625,
              4.725
            ],
            [
              97.625,
              4.7
            ]
          ]
        ]
      }
    },
    {
      "type": "Feature",
      "properties": {
        "id": "Aceh Timur-180",
        "kabupaten": "Aceh Timur",
        "prov": "ACEH",
        "depth_m": 2.02,
        "wave_order": 0.264,
        "spot_idx": 1
      },
      "geometry": {
        "type": "Polygon",
        "coordinates": [
          [
            [
              97.625,
              4.725
            ],
            [
              97.65,
              4.725
            ],
            [
              97.65,
              4.75
            ],
            [
              97.625,
              4.75
            ],
            [
              97.625,
              4.725
            ]
          ]
        ]
      }
    },
    {
      "type": "Feature",
      "properties": {
        "id": "Aceh Timur-181",
        "kabupaten": "Aceh Timur",
        "prov": "ACEH",
        "depth_m": 2.04,
        "wave_order": 0.25,
        "spot_idx": 1
      },
      "geometry": {
        "type": "Polygon",
        "coordinates": [
          [
            [
              97.625,
              4.75
            ],
            [
              97.65,
              4.75
            ],
            [
              97.65,
              4.775
            ],
            [
              97.625,
              4.775
            ],
            [
              97.625,
              4.75
            ]
          ]
        ]
      }
    },
    {
      "type": "Feature",
      "properties": {
        "id": "Aceh Timur-182",
        "kabupaten": "Aceh Timur",
        "prov": "ACEH",
        "depth_m": 2.02,
        "wave_order": 0.264,
        "spot_idx": 1
      },
      "geometry": {
        "type": "Polygon",
        "coordinates": [
          [
            [
              97.625,
              4.775
            ],
            [
              97.65,
              4.775
            ],
            [
              97.65,
              4.8
            ],
            [
              97.625,
              4.8
            ],
            [
              97.625,
              4.775
            ]
          ]
        ]
      }
    },
    {
      "type": "Feature",
      "properties": {
        "id": "Aceh Timur-183",
        "kabupaten": "Aceh Timur",
        "prov": "ACEH",
        "depth_m": 1.97,
        "wave_order": 0.301,
        "spot_idx": 1
      },
      "geometry": {
        "type": "Polygon",
        "coordinates": [
          [
            [
              97.625,
              4.8
            ],
            [
              97.65,
              4.8
            ],
            [
              97.65,
              4.825
            ],
            [
              97.625,
              4.825
            ],
            [
              97.625,
              4.8
            ]
          ]
        ]
      }
    },
    {
      "type": "Feature",
      "properties": {
        "id": "Aceh Timur-184",
        "kabupaten": "Aceh Timur",
        "prov": "ACEH",
        "depth_m": 1.89,
        "wave_order": 0.354,
        "spot_idx": 1
      },
      "geometry": {
        "type": "Polygon",
        "coordinates": [
          [
            [
              97.625,
              4.825
            ],
            [
              97.65,
              4.825
            ],
            [
              97.65,
              4.85
            ],
            [
              97.625,
              4.85
            ],
            [
              97.625,
              4.825
            ]
          ]
        ]
      }
    },
    {
      "type": "Feature",
      "properties": {
        "id": "Aceh Timur-185",
        "kabupaten": "Aceh Timur",
        "prov": "ACEH",
        "depth_m": 1.8,
        "wave_order": 0.417,
        "spot_idx": 1
      },
      "geometry": {
        "type": "Polygon",
        "coordinates": [
          [
            [
              97.625,
              4.85
            ],
            [
              97.65,
              4.85
            ],
            [
              97.65,
              4.875
            ],
            [
              97.625,
              4.875
            ],
            [
              97.625,
              4.85
            ]
          ]
        ]
      }
    },
    {
      "type": "Feature",
      "properties": {
        "id": "Aceh Timur-186",
        "kabupaten": "Aceh Timur",
        "prov": "ACEH",
        "depth_m": 1.7,
        "wave_order": 0.486,
        "spot_idx": 1
      },
      "geometry": {
        "type": "Polygon",
        "coordinates": [
          [
            [
              97.625,
              4.875
            ],
            [
              97.65,
              4.875
            ],
            [
              97.65,
              4.9
            ],
            [
              97.625,
              4.9
            ],
            [
              97.625,
              4.875
            ]
          ]
        ]
      }
    },
    {
      "type": "Feature",
      "properties": {
        "id": "Aceh Timur-187",
        "kabupaten": "Aceh Timur",
        "prov": "ACEH",
        "depth_m": 1.62,
        "wave_order": 0.521,
        "spot_idx": 1
      },
      "geometry": {
        "type": "Polygon",
        "coordinates": [
          [
            [
              97.65,
              4.6
            ],
            [
              97.675,
              4.6
            ],
            [
              97.675,
              4.625
            ],
            [
              97.65,
              4.625
            ],
            [
              97.65,
              4.6
            ]
          ]
        ]
      }
    },
    {
      "type": "Feature",
      "properties": {
        "id": "Aceh Timur-188",
        "kabupaten": "Aceh Timur",
        "prov": "ACEH",
        "depth_m": 1.77,
        "wave_order": 0.454,
        "spot_idx": 1
      },
      "geometry": {
        "type": "Polygon",
        "coordinates": [
          [
            [
              97.65,
              4.625
            ],
            [
              97.675,
              4.625
            ],
            [
              97.675,
              4.65
            ],
            [
              97.65,
              4.65
            ],
            [
              97.65,
              4.625
            ]
          ]
        ]
      }
    },
    {
      "type": "Feature",
      "properties": {
        "id": "Aceh Timur-189",
        "kabupaten": "Aceh Timur",
        "prov": "ACEH",
        "depth_m": 1.85,
        "wave_order": 0.369,
        "spot_idx": 1
      },
      "geometry": {
        "type": "Polygon",
        "coordinates": [
          [
            [
              97.65,
              4.65
            ],
            [
              97.675,
              4.65
            ],
            [
              97.675,
              4.675
            ],
            [
              97.65,
              4.675
            ],
            [
              97.65,
              4.65
            ]
          ]
        ]
      }
    },
    {
      "type": "Feature",
      "properties": {
        "id": "Aceh Timur-190",
        "kabupaten": "Aceh Timur",
        "prov": "ACEH",
        "depth_m": 1.97,
        "wave_order": 0.303,
        "spot_idx": 1
      },
      "geometry": {
        "type": "Polygon",
        "coordinates": [
          [
            [
              97.65,
              4.675
            ],
            [
              97.675,
              4.675
            ],
            [
              97.675,
              4.7
            ],
            [
              97.65,
              4.7
            ],
            [
              97.65,
              4.675
            ]
          ]
        ]
      }
    },
    {
      "type": "Feature",
      "properties": {
        "id": "Aceh Timur-191",
        "kabupaten": "Aceh Timur",
        "prov": "ACEH",
        "depth_m": 2.06,
        "wave_order": 0.235,
        "spot_idx": 1
      },
      "geometry": {
        "type": "Polygon",
        "coordinates": [
          [
            [
              97.65,
              4.7
            ],
            [
              97.675,
              4.7
            ],
            [
              97.675,
              4.725
            ],
            [
              97.65,
              4.725
            ],
            [
              97.65,
              4.7
            ]
          ]
        ]
      }
    },
    {
      "type": "Feature",
      "properties": {
        "id": "Aceh Timur-192",
        "kabupaten": "Aceh Timur",
        "prov": "ACEH",
        "depth_m": 2.13,
        "wave_order": 0.186,
        "spot_idx": 1
      },
      "geometry": {
        "type": "Polygon",
        "coordinates": [
          [
            [
              97.65,
              4.725
            ],
            [
              97.675,
              4.725
            ],
            [
              97.675,
              4.75
            ],
            [
              97.65,
              4.75
            ],
            [
              97.65,
              4.725
            ]
          ]
        ]
      }
    },
    {
      "type": "Feature",
      "properties": {
        "id": "Aceh Timur-193",
        "kabupaten": "Aceh Timur",
        "prov": "ACEH",
        "depth_m": 2.17,
        "wave_order": 0.169,
        "spot_idx": 1
      },
      "geometry": {
        "type": "Polygon",
        "coordinates": [
          [
            [
              97.65,
              4.75
            ],
            [
              97.675,
              4.75
            ],
            [
              97.675,
              4.775
            ],
            [
              97.65,
              4.775
            ],
            [
              97.65,
              4.75
            ]
          ]
        ]
      }
    },
    {
      "type": "Feature",
      "properties": {
        "id": "Aceh Timur-194",
        "kabupaten": "Aceh Timur",
        "prov": "ACEH",
        "depth_m": 2.12,
        "wave_order": 0.183,
        "spot_idx": 1
      },
      "geometry": {
        "type": "Polygon",
        "coordinates": [
          [
            [
              97.65,
              4.775
            ],
            [
              97.675,
              4.775
            ],
            [
              97.675,
              4.8
            ],
            [
              97.65,
              4.8
            ],
            [
              97.65,
              4.775
            ]
          ]
        ]
      }
    },
    {
      "type": "Feature",
      "properties": {
        "id": "Aceh Timur-195",
        "kabupaten": "Aceh Timur",
        "prov": "ACEH",
        "depth_m": 2.07,
        "wave_order": 0.241,
        "spot_idx": 1
      },
      "geometry": {
        "type": "Polygon",
        "coordinates": [
          [
            [
              97.65,
              4.8
            ],
            [
              97.675,
              4.8
            ],
            [
              97.675,
              4.825
            ],
            [
              97.65,
              4.825
            ],
            [
              97.65,
              4.8
            ]
          ]
        ]
      }
    },
    {
      "type": "Feature",
      "properties": {
        "id": "Aceh Timur-196",
        "kabupaten": "Aceh Timur",
        "prov": "ACEH",
        "depth_m": 1.95,
        "wave_order": 0.295,
        "spot_idx": 1
      },
      "geometry": {
        "type": "Polygon",
        "coordinates": [
          [
            [
              97.65,
              4.825
            ],
            [
              97.675,
              4.825
            ],
            [
              97.675,
              4.85
            ],
            [
              97.65,
              4.85
            ],
            [
              97.65,
              4.825
            ]
          ]
        ]
      }
    },
    {
      "type": "Feature",
      "properties": {
        "id": "Aceh Timur-197",
        "kabupaten": "Aceh Timur",
        "prov": "ACEH",
        "depth_m": 1.88,
        "wave_order": 0.38,
        "spot_idx": 1
      },
      "geometry": {
        "type": "Polygon",
        "coordinates": [
          [
            [
              97.65,
              4.85
            ],
            [
              97.675,
              4.85
            ],
            [
              97.675,
              4.875
            ],
            [
              97.65,
              4.875
            ],
            [
              97.65,
              4.85
            ]
          ]
        ]
      }
    },
    {
      "type": "Feature",
      "properties": {
        "id": "Aceh Timur-198",
        "kabupaten": "Aceh Timur",
        "prov": "ACEH",
        "depth_m": 1.73,
        "wave_order": 0.441,
        "spot_idx": 1
      },
      "geometry": {
        "type": "Polygon",
        "coordinates": [
          [
            [
              97.65,
              4.875
            ],
            [
              97.675,
              4.875
            ],
            [
              97.675,
              4.9
            ],
            [
              97.65,
              4.9
            ],
            [
              97.65,
              4.875
            ]
          ]
        ]
      }
    },
    {
      "type": "Feature",
      "properties": {
        "id": "Aceh Timur-199",
        "kabupaten": "Aceh Timur",
        "prov": "ACEH",
        "depth_m": 1.7,
        "wave_order": 0.52,
        "spot_idx": 1
      },
      "geometry": {
        "type": "Polygon",
        "coordinates": [
          [
            [
              97.675,
              4.6
            ],
            [
              97.7,
              4.6
            ],
            [
              97.7,
              4.625
            ],
            [
              97.675,
              4.625
            ],
            [
              97.675,
              4.6
            ]
          ]
        ]
      }
    },
    {
      "type": "Feature",
      "properties": {
        "id": "Aceh Timur-200",
        "kabupaten": "Aceh Timur",
        "prov": "ACEH",
        "depth_m": 1.76,
        "wave_order": 0.415,
        "spot_idx": 1
      },
      "geometry": {
        "type": "Polygon",
        "coordinates": [
          [
            [
              97.675,
              4.625
            ],
            [
              97.7,
              4.625
            ],
            [
              97.7,
              4.65
            ],
            [
              97.675,
              4.65
            ],
            [
              97.675,
              4.625
            ]
          ]
        ]
      }
    },
    {
      "type": "Feature",
      "properties": {
        "id": "Aceh Timur-201",
        "kabupaten": "Aceh Timur",
        "prov": "ACEH",
        "depth_m": 1.92,
        "wave_order": 0.352,
        "spot_idx": 1
      },
      "geometry": {
        "type": "Polygon",
        "coordinates": [
          [
            [
              97.675,
              4.65
            ],
            [
              97.7,
              4.65
            ],
            [
              97.7,
              4.675
            ],
            [
              97.675,
              4.675
            ],
            [
              97.675,
              4.65
            ]
          ]
        ]
      }
    },
    {
      "type": "Feature",
      "properties": {
        "id": "Aceh Timur-202",
        "kabupaten": "Aceh Timur",
        "prov": "ACEH",
        "depth_m": 2.01,
        "wave_order": 0.259,
        "spot_idx": 1
      },
      "geometry": {
        "type": "Polygon",
        "coordinates": [
          [
            [
              97.675,
              4.675
            ],
            [
              97.7,
              4.675
            ],
            [
              97.7,
              4.7
            ],
            [
              97.675,
              4.7
            ],
            [
              97.675,
              4.675
            ]
          ]
        ]
      }
    },
    {
      "type": "Feature",
      "properties": {
        "id": "Aceh Timur-203",
        "kabupaten": "Aceh Timur",
        "prov": "ACEH",
        "depth_m": 2.14,
        "wave_order": 0.188,
        "spot_idx": 1
      },
      "geometry": {
        "type": "Polygon",
        "coordinates": [
          [
            [
              97.675,
              4.7
            ],
            [
              97.7,
              4.7
            ],
            [
              97.7,
              4.725
            ],
            [
              97.675,
              4.725
            ],
            [
              97.675,
              4.7
            ]
          ]
        ]
      }
    },
    {
      "type": "Feature",
      "properties": {
        "id": "Aceh Timur-204",
        "kabupaten": "Aceh Timur",
        "prov": "ACEH",
        "depth_m": 2.23,
        "wave_order": 0.119,
        "spot_idx": 1
      },
      "geometry": {
        "type": "Polygon",
        "coordinates": [
          [
            [
              97.675,
              4.725
            ],
            [
              97.7,
              4.725
            ],
            [
              97.7,
              4.75
            ],
            [
              97.675,
              4.75
            ],
            [
              97.675,
              4.725
            ]
          ]
        ]
      }
    },
    {
      "type": "Feature",
      "properties": {
        "id": "Aceh Timur-205",
        "kabupaten": "Aceh Timur",
        "prov": "ACEH",
        "depth_m": 2.27,
        "wave_order": 0.079,
        "spot_idx": 1
      },
      "geometry": {
        "type": "Polygon",
        "coordinates": [
          [
            [
              97.675,
              4.75
            ],
            [
              97.7,
              4.75
            ],
            [
              97.7,
              4.775
            ],
            [
              97.675,
              4.775
            ],
            [
              97.675,
              4.75
            ]
          ]
        ]
      }
    },
    {
      "type": "Feature",
      "properties": {
        "id": "Aceh Timur-206",
        "kabupaten": "Aceh Timur",
        "prov": "ACEH",
        "depth_m": 2.25,
        "wave_order": 0.125,
        "spot_idx": 1
      },
      "geometry": {
        "type": "Polygon",
        "coordinates": [
          [
            [
              97.675,
              4.775
            ],
            [
              97.7,
              4.775
            ],
            [
              97.7,
              4.8
            ],
            [
              97.675,
              4.8
            ],
            [
              97.675,
              4.775
            ]
          ]
        ]
      }
    },
    {
      "type": "Feature",
      "properties": {
        "id": "Aceh Timur-207",
        "kabupaten": "Aceh Timur",
        "prov": "ACEH",
        "depth_m": 2.11,
        "wave_order": 0.177,
        "spot_idx": 1
      },
      "geometry": {
        "type": "Polygon",
        "coordinates": [
          [
            [
              97.675,
              4.8
            ],
            [
              97.7,
              4.8
            ],
            [
              97.7,
              4.825
            ],
            [
              97.675,
              4.825
            ],
            [
              97.675,
              4.8
            ]
          ]
        ]
      }
    },
    {
      "type": "Feature",
      "properties": {
        "id": "Aceh Timur-208",
        "kabupaten": "Aceh Timur",
        "prov": "ACEH",
        "depth_m": 2.05,
        "wave_order": 0.276,
        "spot_idx": 1
      },
      "geometry": {
        "type": "Polygon",
        "coordinates": [
          [
            [
              97.675,
              4.825
            ],
            [
              97.7,
              4.825
            ],
            [
              97.7,
              4.85
            ],
            [
              97.675,
              4.85
            ],
            [
              97.675,
              4.825
            ]
          ]
        ]
      }
    },
    {
      "type": "Feature",
      "properties": {
        "id": "Aceh Timur-209",
        "kabupaten": "Aceh Timur",
        "prov": "ACEH",
        "depth_m": 1.87,
        "wave_order": 0.33,
        "spot_idx": 1
      },
      "geometry": {
        "type": "Polygon",
        "coordinates": [
          [
            [
              97.675,
              4.85
            ],
            [
              97.7,
              4.85
            ],
            [
              97.7,
              4.875
            ],
            [
              97.675,
              4.875
            ],
            [
              97.675,
              4.85
            ]
          ]
        ]
      }
    },
    {
      "type": "Feature",
      "properties": {
        "id": "Aceh Timur-210",
        "kabupaten": "Aceh Timur",
        "prov": "ACEH",
        "depth_m": 1.83,
        "wave_order": 0.442,
        "spot_idx": 1
      },
      "geometry": {
        "type": "Polygon",
        "coordinates": [
          [
            [
              97.675,
              4.875
            ],
            [
              97.7,
              4.875
            ],
            [
              97.7,
              4.9
            ],
            [
              97.675,
              4.9
            ],
            [
              97.675,
              4.875
            ]
          ]
        ]
      }
    },
    {
      "type": "Feature",
      "properties": {
        "id": "Aceh Timur-211",
        "kabupaten": "Aceh Timur",
        "prov": "ACEH",
        "depth_m": 1.63,
        "wave_order": 0.482,
        "spot_idx": 1
      },
      "geometry": {
        "type": "Polygon",
        "coordinates": [
          [
            [
              97.7,
              4.6
            ],
            [
              97.725,
              4.6
            ],
            [
              97.725,
              4.625
            ],
            [
              97.7,
              4.625
            ],
            [
              97.7,
              4.6
            ]
          ]
        ]
      }
    },
    {
      "type": "Feature",
      "properties": {
        "id": "Aceh Timur-212",
        "kabupaten": "Aceh Timur",
        "prov": "ACEH",
        "depth_m": 1.84,
        "wave_order": 0.432,
        "spot_idx": 1
      },
      "geometry": {
        "type": "Polygon",
        "coordinates": [
          [
            [
              97.7,
              4.625
            ],
            [
              97.725,
              4.625
            ],
            [
              97.725,
              4.65
            ],
            [
              97.7,
              4.65
            ],
            [
              97.7,
              4.625
            ]
          ]
        ]
      }
    },
    {
      "type": "Feature",
      "properties": {
        "id": "Aceh Timur-213",
        "kabupaten": "Aceh Timur",
        "prov": "ACEH",
        "depth_m": 1.89,
        "wave_order": 0.323,
        "spot_idx": 1
      },
      "geometry": {
        "type": "Polygon",
        "coordinates": [
          [
            [
              97.7,
              4.65
            ],
            [
              97.725,
              4.65
            ],
            [
              97.725,
              4.675
            ],
            [
              97.7,
              4.675
            ],
            [
              97.7,
              4.65
            ]
          ]
        ]
      }
    },
    {
      "type": "Feature",
      "properties": {
        "id": "Aceh Timur-214",
        "kabupaten": "Aceh Timur",
        "prov": "ACEH",
        "depth_m": 2.06,
        "wave_order": 0.257,
        "spot_idx": 1
      },
      "geometry": {
        "type": "Polygon",
        "coordinates": [
          [
            [
              97.7,
              4.675
            ],
            [
              97.725,
              4.675
            ],
            [
              97.725,
              4.7
            ],
            [
              97.7,
              4.7
            ],
            [
              97.7,
              4.675
            ]
          ]
        ]
      }
    },
    {
      "type": "Feature",
      "properties": {
        "id": "Aceh Timur-215",
        "kabupaten": "Aceh Timur",
        "prov": "ACEH",
        "depth_m": 2.15,
        "wave_order": 0.164,
        "spot_idx": 1
      },
      "geometry": {
        "type": "Polygon",
        "coordinates": [
          [
            [
              97.7,
              4.7
            ],
            [
              97.725,
              4.7
            ],
            [
              97.725,
              4.725
            ],
            [
              97.7,
              4.725
            ],
            [
              97.7,
              4.7
            ]
          ]
        ]
      }
    },
    {
      "type": "Feature",
      "properties": {
        "id": "Aceh Timur-216",
        "kabupaten": "Aceh Timur",
        "prov": "ACEH",
        "depth_m": 2.28,
        "wave_order": 0.082,
        "spot_idx": 1
      },
      "geometry": {
        "type": "Polygon",
        "coordinates": [
          [
            [
              97.7,
              4.725
            ],
            [
              97.725,
              4.725
            ],
            [
              97.725,
              4.75
            ],
            [
              97.7,
              4.75
            ],
            [
              97.7,
              4.725
            ]
          ]
        ]
      }
    },
    {
      "type": "Feature",
      "properties": {
        "id": "Aceh Timur-217",
        "kabupaten": "Aceh Timur",
        "prov": "ACEH",
        "depth_m": 2.42,
        "wave_order": 0.006,
        "spot_idx": 1
      },
      "geometry": {
        "type": "Polygon",
        "coordinates": [
          [
            [
              97.7,
              4.75
            ],
            [
              97.725,
              4.75
            ],
            [
              97.725,
              4.775
            ],
            [
              97.7,
              4.775
            ],
            [
              97.7,
              4.75
            ]
          ]
        ]
      }
    },
    {
      "type": "Feature",
      "properties": {
        "id": "Aceh Timur-218",
        "kabupaten": "Aceh Timur",
        "prov": "ACEH",
        "depth_m": 2.25,
        "wave_order": 0.073,
        "spot_idx": 1
      },
      "geometry": {
        "type": "Polygon",
        "coordinates": [
          [
            [
              97.7,
              4.775
            ],
            [
              97.725,
              4.775
            ],
            [
              97.725,
              4.8
            ],
            [
              97.7,
              4.8
            ],
            [
              97.7,
              4.775
            ]
          ]
        ]
      }
    },
    {
      "type": "Feature",
      "properties": {
        "id": "Aceh Timur-219",
        "kabupaten": "Aceh Timur",
        "prov": "ACEH",
        "depth_m": 2.2,
        "wave_order": 0.181,
        "spot_idx": 1
      },
      "geometry": {
        "type": "Polygon",
        "coordinates": [
          [
            [
              97.7,
              4.8
            ],
            [
              97.725,
              4.8
            ],
            [
              97.725,
              4.825
            ],
            [
              97.7,
              4.825
            ],
            [
              97.7,
              4.8
            ]
          ]
        ]
      }
    },
    {
      "type": "Feature",
      "properties": {
        "id": "Aceh Timur-220",
        "kabupaten": "Aceh Timur",
        "prov": "ACEH",
        "depth_m": 1.99,
        "wave_order": 0.232,
        "spot_idx": 1
      },
      "geometry": {
        "type": "Polygon",
        "coordinates": [
          [
            [
              97.7,
              4.825
            ],
            [
              97.725,
              4.825
            ],
            [
              97.725,
              4.85
            ],
            [
              97.7,
              4.85
            ],
            [
              97.7,
              4.825
            ]
          ]
        ]
      }
    },
    {
      "type": "Feature",
      "properties": {
        "id": "Aceh Timur-221",
        "kabupaten": "Aceh Timur",
        "prov": "ACEH",
        "depth_m": 1.98,
        "wave_order": 0.355,
        "spot_idx": 1
      },
      "geometry": {
        "type": "Polygon",
        "coordinates": [
          [
            [
              97.7,
              4.85
            ],
            [
              97.725,
              4.85
            ],
            [
              97.725,
              4.875
            ],
            [
              97.7,
              4.875
            ],
            [
              97.7,
              4.85
            ]
          ]
        ]
      }
    },
    {
      "type": "Feature",
      "properties": {
        "id": "Aceh Timur-222",
        "kabupaten": "Aceh Timur",
        "prov": "ACEH",
        "depth_m": 1.73,
        "wave_order": 0.393,
        "spot_idx": 1
      },
      "geometry": {
        "type": "Polygon",
        "coordinates": [
          [
            [
              97.7,
              4.875
            ],
            [
              97.725,
              4.875
            ],
            [
              97.725,
              4.9
            ],
            [
              97.7,
              4.9
            ],
            [
              97.7,
              4.875
            ]
          ]
        ]
      }
    },
    {
      "type": "Feature",
      "properties": {
        "id": "Aceh Timur-223",
        "kabupaten": "Aceh Timur",
        "prov": "ACEH",
        "depth_m": 1.73,
        "wave_order": 0.532,
        "spot_idx": 1
      },
      "geometry": {
        "type": "Polygon",
        "coordinates": [
          [
            [
              97.725,
              4.6
            ],
            [
              97.75,
              4.6
            ],
            [
              97.75,
              4.625
            ],
            [
              97.725,
              4.625
            ],
            [
              97.725,
              4.6
            ]
          ]
        ]
      }
    },
    {
      "type": "Feature",
      "properties": {
        "id": "Aceh Timur-224",
        "kabupaten": "Aceh Timur",
        "prov": "ACEH",
        "depth_m": 1.74,
        "wave_order": 0.406,
        "spot_idx": 1
      },
      "geometry": {
        "type": "Polygon",
        "coordinates": [
          [
            [
              97.725,
              4.625
            ],
            [
              97.75,
              4.625
            ],
            [
              97.75,
              4.65
            ],
            [
              97.725,
              4.65
            ],
            [
              97.725,
              4.625
            ]
          ]
        ]
      }
    },
    {
      "type": "Feature",
      "properties": {
        "id": "Aceh Timur-225",
        "kabupaten": "Aceh Timur",
        "prov": "ACEH",
        "depth_m": 1.94,
        "wave_order": 0.358,
        "spot_idx": 1
      },
      "geometry": {
        "type": "Polygon",
        "coordinates": [
          [
            [
              97.725,
              4.65
            ],
            [
              97.75,
              4.65
            ],
            [
              97.75,
              4.675
            ],
            [
              97.725,
              4.675
            ],
            [
              97.725,
              4.65
            ]
          ]
        ]
      }
    },
    {
      "type": "Feature",
      "properties": {
        "id": "Aceh Timur-226",
        "kabupaten": "Aceh Timur",
        "prov": "ACEH",
        "depth_m": 2,
        "wave_order": 0.255,
        "spot_idx": 1
      },
      "geometry": {
        "type": "Polygon",
        "coordinates": [
          [
            [
              97.725,
              4.675
            ],
            [
              97.75,
              4.675
            ],
            [
              97.75,
              4.7
            ],
            [
              97.725,
              4.7
            ],
            [
              97.725,
              4.675
            ]
          ]
        ]
      }
    },
    {
      "type": "Feature",
      "properties": {
        "id": "Aceh Timur-227",
        "kabupaten": "Aceh Timur",
        "prov": "ACEH",
        "depth_m": 2.14,
        "wave_order": 0.19,
        "spot_idx": 1
      },
      "geometry": {
        "type": "Polygon",
        "coordinates": [
          [
            [
              97.725,
              4.7
            ],
            [
              97.75,
              4.7
            ],
            [
              97.75,
              4.725
            ],
            [
              97.725,
              4.725
            ],
            [
              97.725,
              4.7
            ]
          ]
        ]
      }
    },
    {
      "type": "Feature",
      "properties": {
        "id": "Aceh Timur-228",
        "kabupaten": "Aceh Timur",
        "prov": "ACEH",
        "depth_m": 2.24,
        "wave_order": 0.12,
        "spot_idx": 1
      },
      "geometry": {
        "type": "Polygon",
        "coordinates": [
          [
            [
              97.725,
              4.725
            ],
            [
              97.75,
              4.725
            ],
            [
              97.75,
              4.75
            ],
            [
              97.725,
              4.75
            ],
            [
              97.725,
              4.725
            ]
          ]
        ]
      }
    },
    {
      "type": "Feature",
      "properties": {
        "id": "Aceh Timur-229",
        "kabupaten": "Aceh Timur",
        "prov": "ACEH",
        "depth_m": 2.26,
        "wave_order": 0.075,
        "spot_idx": 1
      },
      "geometry": {
        "type": "Polygon",
        "coordinates": [
          [
            [
              97.725,
              4.75
            ],
            [
              97.75,
              4.75
            ],
            [
              97.75,
              4.775
            ],
            [
              97.725,
              4.775
            ],
            [
              97.725,
              4.75
            ]
          ]
        ]
      }
    },
    {
      "type": "Feature",
      "properties": {
        "id": "Aceh Timur-230",
        "kabupaten": "Aceh Timur",
        "prov": "ACEH",
        "depth_m": 2.27,
        "wave_order": 0.131,
        "spot_idx": 1
      },
      "geometry": {
        "type": "Polygon",
        "coordinates": [
          [
            [
              97.725,
              4.775
            ],
            [
              97.75,
              4.775
            ],
            [
              97.75,
              4.8
            ],
            [
              97.725,
              4.8
            ],
            [
              97.725,
              4.775
            ]
          ]
        ]
      }
    },
    {
      "type": "Feature",
      "properties": {
        "id": "Aceh Timur-231",
        "kabupaten": "Aceh Timur",
        "prov": "ACEH",
        "depth_m": 2.08,
        "wave_order": 0.168,
        "spot_idx": 1
      },
      "geometry": {
        "type": "Polygon",
        "coordinates": [
          [
            [
              97.725,
              4.8
            ],
            [
              97.75,
              4.8
            ],
            [
              97.75,
              4.825
            ],
            [
              97.725,
              4.825
            ],
            [
              97.725,
              4.8
            ]
          ]
        ]
      }
    },
    {
      "type": "Feature",
      "properties": {
        "id": "Aceh Timur-232",
        "kabupaten": "Aceh Timur",
        "prov": "ACEH",
        "depth_m": 2.08,
        "wave_order": 0.287,
        "spot_idx": 1
      },
      "geometry": {
        "type": "Polygon",
        "coordinates": [
          [
            [
              97.725,
              4.825
            ],
            [
              97.75,
              4.825
            ],
            [
              97.75,
              4.85
            ],
            [
              97.725,
              4.85
            ],
            [
              97.725,
              4.825
            ]
          ]
        ]
      }
    },
    {
      "type": "Feature",
      "properties": {
        "id": "Aceh Timur-233",
        "kabupaten": "Aceh Timur",
        "prov": "ACEH",
        "depth_m": 1.83,
        "wave_order": 0.316,
        "spot_idx": 1
      },
      "geometry": {
        "type": "Polygon",
        "coordinates": [
          [
            [
              97.725,
              4.85
            ],
            [
              97.75,
              4.85
            ],
            [
              97.75,
              4.875
            ],
            [
              97.725,
              4.875
            ],
            [
              97.725,
              4.85
            ]
          ]
        ]
      }
    },
    {
      "type": "Feature",
      "properties": {
        "id": "Aceh Timur-234",
        "kabupaten": "Aceh Timur",
        "prov": "ACEH",
        "depth_m": 1.87,
        "wave_order": 0.457,
        "spot_idx": 1
      },
      "geometry": {
        "type": "Polygon",
        "coordinates": [
          [
            [
              97.725,
              4.875
            ],
            [
              97.75,
              4.875
            ],
            [
              97.75,
              4.9
            ],
            [
              97.725,
              4.9
            ],
            [
              97.725,
              4.875
            ]
          ]
        ]
      }
    },
    {
      "type": "Feature",
      "properties": {
        "id": "Aceh Timur-235",
        "kabupaten": "Aceh Timur",
        "prov": "ACEH",
        "depth_m": 1.56,
        "wave_order": 0.498,
        "spot_idx": 1
      },
      "geometry": {
        "type": "Polygon",
        "coordinates": [
          [
            [
              97.75,
              4.6
            ],
            [
              97.775,
              4.6
            ],
            [
              97.775,
              4.625
            ],
            [
              97.75,
              4.625
            ],
            [
              97.75,
              4.6
            ]
          ]
        ]
      }
    },
    {
      "type": "Feature",
      "properties": {
        "id": "Aceh Timur-236",
        "kabupaten": "Aceh Timur",
        "prov": "ACEH",
        "depth_m": 1.82,
        "wave_order": 0.473,
        "spot_idx": 1
      },
      "geometry": {
        "type": "Polygon",
        "coordinates": [
          [
            [
              97.75,
              4.625
            ],
            [
              97.775,
              4.625
            ],
            [
              97.775,
              4.65
            ],
            [
              97.75,
              4.65
            ],
            [
              97.75,
              4.625
            ]
          ]
        ]
      }
    },
    {
      "type": "Feature",
      "properties": {
        "id": "Aceh Timur-237",
        "kabupaten": "Aceh Timur",
        "prov": "ACEH",
        "depth_m": 1.82,
        "wave_order": 0.356,
        "spot_idx": 1
      },
      "geometry": {
        "type": "Polygon",
        "coordinates": [
          [
            [
              97.75,
              4.65
            ],
            [
              97.775,
              4.65
            ],
            [
              97.775,
              4.675
            ],
            [
              97.75,
              4.675
            ],
            [
              97.75,
              4.65
            ]
          ]
        ]
      }
    },
    {
      "type": "Feature",
      "properties": {
        "id": "Aceh Timur-238",
        "kabupaten": "Aceh Timur",
        "prov": "ACEH",
        "depth_m": 2,
        "wave_order": 0.312,
        "spot_idx": 1
      },
      "geometry": {
        "type": "Polygon",
        "coordinates": [
          [
            [
              97.75,
              4.675
            ],
            [
              97.775,
              4.675
            ],
            [
              97.775,
              4.7
            ],
            [
              97.75,
              4.7
            ],
            [
              97.75,
              4.675
            ]
          ]
        ]
      }
    },
    {
      "type": "Feature",
      "properties": {
        "id": "Aceh Timur-239",
        "kabupaten": "Aceh Timur",
        "prov": "ACEH",
        "depth_m": 2.05,
        "wave_order": 0.232,
        "spot_idx": 1
      },
      "geometry": {
        "type": "Polygon",
        "coordinates": [
          [
            [
              97.75,
              4.7
            ],
            [
              97.775,
              4.7
            ],
            [
              97.775,
              4.725
            ],
            [
              97.75,
              4.725
            ],
            [
              97.75,
              4.7
            ]
          ]
        ]
      }
    },
    {
      "type": "Feature",
      "properties": {
        "id": "Aceh Timur-240",
        "kabupaten": "Aceh Timur",
        "prov": "ACEH",
        "depth_m": 2.12,
        "wave_order": 0.184,
        "spot_idx": 1
      },
      "geometry": {
        "type": "Polygon",
        "coordinates": [
          [
            [
              97.75,
              4.725
            ],
            [
              97.775,
              4.725
            ],
            [
              97.775,
              4.75
            ],
            [
              97.75,
              4.75
            ],
            [
              97.75,
              4.725
            ]
          ]
        ]
      }
    },
    {
      "type": "Feature",
      "properties": {
        "id": "Aceh Timur-241",
        "kabupaten": "Aceh Timur",
        "prov": "ACEH",
        "depth_m": 2.19,
        "wave_order": 0.177,
        "spot_idx": 1
      },
      "geometry": {
        "type": "Polygon",
        "coordinates": [
          [
            [
              97.75,
              4.75
            ],
            [
              97.775,
              4.75
            ],
            [
              97.775,
              4.775
            ],
            [
              97.75,
              4.775
            ],
            [
              97.75,
              4.75
            ]
          ]
        ]
      }
    },
    {
      "type": "Feature",
      "properties": {
        "id": "Aceh Timur-242",
        "kabupaten": "Aceh Timur",
        "prov": "ACEH",
        "depth_m": 2.09,
        "wave_order": 0.17,
        "spot_idx": 1
      },
      "geometry": {
        "type": "Polygon",
        "coordinates": [
          [
            [
              97.75,
              4.775
            ],
            [
              97.775,
              4.775
            ],
            [
              97.775,
              4.8
            ],
            [
              97.75,
              4.8
            ],
            [
              97.75,
              4.775
            ]
          ]
        ]
      }
    },
    {
      "type": "Feature",
      "properties": {
        "id": "Aceh Timur-243",
        "kabupaten": "Aceh Timur",
        "prov": "ACEH",
        "depth_m": 2.12,
        "wave_order": 0.259,
        "spot_idx": 1
      },
      "geometry": {
        "type": "Polygon",
        "coordinates": [
          [
            [
              97.75,
              4.8
            ],
            [
              97.775,
              4.8
            ],
            [
              97.775,
              4.825
            ],
            [
              97.75,
              4.825
            ],
            [
              97.75,
              4.8
            ]
          ]
        ]
      }
    },
    {
      "type": "Feature",
      "properties": {
        "id": "Aceh Timur-244",
        "kabupaten": "Aceh Timur",
        "prov": "ACEH",
        "depth_m": 1.89,
        "wave_order": 0.272,
        "spot_idx": 1
      },
      "geometry": {
        "type": "Polygon",
        "coordinates": [
          [
            [
              97.75,
              4.825
            ],
            [
              97.775,
              4.825
            ],
            [
              97.775,
              4.85
            ],
            [
              97.75,
              4.85
            ],
            [
              97.75,
              4.825
            ]
          ]
        ]
      }
    },
    {
      "type": "Feature",
      "properties": {
        "id": "Aceh Timur-245",
        "kabupaten": "Aceh Timur",
        "prov": "ACEH",
        "depth_m": 1.95,
        "wave_order": 0.407,
        "spot_idx": 1
      },
      "geometry": {
        "type": "Polygon",
        "coordinates": [
          [
            [
              97.75,
              4.85
            ],
            [
              97.775,
              4.85
            ],
            [
              97.775,
              4.875
            ],
            [
              97.75,
              4.875
            ],
            [
              97.75,
              4.85
            ]
          ]
        ]
      }
    },
    {
      "type": "Feature",
      "properties": {
        "id": "Aceh Timur-246",
        "kabupaten": "Aceh Timur",
        "prov": "ACEH",
        "depth_m": 1.65,
        "wave_order": 0.411,
        "spot_idx": 1
      },
      "geometry": {
        "type": "Polygon",
        "coordinates": [
          [
            [
              97.75,
              4.875
            ],
            [
              97.775,
              4.875
            ],
            [
              97.775,
              4.9
            ],
            [
              97.75,
              4.9
            ],
            [
              97.75,
              4.875
            ]
          ]
        ]
      }
    },
    {
      "type": "Feature",
      "properties": {
        "id": "Aceh Timur-247",
        "kabupaten": "Aceh Timur",
        "prov": "ACEH",
        "depth_m": 1.68,
        "wave_order": 0.594,
        "spot_idx": 1
      },
      "geometry": {
        "type": "Polygon",
        "coordinates": [
          [
            [
              97.775,
              4.6
            ],
            [
              97.8,
              4.6
            ],
            [
              97.8,
              4.625
            ],
            [
              97.775,
              4.625
            ],
            [
              97.775,
              4.6
            ]
          ]
        ]
      }
    },
    {
      "type": "Feature",
      "properties": {
        "id": "Aceh Timur-248",
        "kabupaten": "Aceh Timur",
        "prov": "ACEH",
        "depth_m": 1.63,
        "wave_order": 0.459,
        "spot_idx": 1
      },
      "geometry": {
        "type": "Polygon",
        "coordinates": [
          [
            [
              97.775,
              4.625
            ],
            [
              97.8,
              4.625
            ],
            [
              97.8,
              4.65
            ],
            [
              97.775,
              4.65
            ],
            [
              97.775,
              4.625
            ]
          ]
        ]
      }
    },
    {
      "type": "Feature",
      "properties": {
        "id": "Aceh Timur-249",
        "kabupaten": "Aceh Timur",
        "prov": "ACEH",
        "depth_m": 1.85,
        "wave_order": 0.437,
        "spot_idx": 1
      },
      "geometry": {
        "type": "Polygon",
        "coordinates": [
          [
            [
              97.775,
              4.65
            ],
            [
              97.8,
              4.65
            ],
            [
              97.8,
              4.675
            ],
            [
              97.775,
              4.675
            ],
            [
              97.775,
              4.65
            ]
          ]
        ]
      }
    },
    {
      "type": "Feature",
      "properties": {
        "id": "Aceh Timur-250",
        "kabupaten": "Aceh Timur",
        "prov": "ACEH",
        "depth_m": 1.86,
        "wave_order": 0.341,
        "spot_idx": 1
      },
      "geometry": {
        "type": "Polygon",
        "coordinates": [
          [
            [
              97.775,
              4.675
            ],
            [
              97.8,
              4.675
            ],
            [
              97.8,
              4.7
            ],
            [
              97.775,
              4.7
            ],
            [
              97.775,
              4.675
            ]
          ]
        ]
      }
    },
    {
      "type": "Feature",
      "properties": {
        "id": "Aceh Timur-251",
        "kabupaten": "Aceh Timur",
        "prov": "ACEH",
        "depth_m": 1.98,
        "wave_order": 0.306,
        "spot_idx": 1
      },
      "geometry": {
        "type": "Polygon",
        "coordinates": [
          [
            [
              97.775,
              4.7
            ],
            [
              97.8,
              4.7
            ],
            [
              97.8,
              4.725
            ],
            [
              97.775,
              4.725
            ],
            [
              97.775,
              4.7
            ]
          ]
        ]
      }
    },
    {
      "type": "Feature",
      "properties": {
        "id": "Aceh Timur-252",
        "kabupaten": "Aceh Timur",
        "prov": "ACEH",
        "depth_m": 2.03,
        "wave_order": 0.267,
        "spot_idx": 1
      },
      "geometry": {
        "type": "Polygon",
        "coordinates": [
          [
            [
              97.775,
              4.725
            ],
            [
              97.8,
              4.725
            ],
            [
              97.8,
              4.75
            ],
            [
              97.775,
              4.75
            ],
            [
              97.775,
              4.725
            ]
          ]
        ]
      }
    },
    {
      "type": "Feature",
      "properties": {
        "id": "Aceh Timur-253",
        "kabupaten": "Aceh Timur",
        "prov": "ACEH",
        "depth_m": 2.01,
        "wave_order": 0.239,
        "spot_idx": 1
      },
      "geometry": {
        "type": "Polygon",
        "coordinates": [
          [
            [
              97.775,
              4.75
            ],
            [
              97.8,
              4.75
            ],
            [
              97.8,
              4.775
            ],
            [
              97.775,
              4.775
            ],
            [
              97.775,
              4.75
            ]
          ]
        ]
      }
    },
    {
      "type": "Feature",
      "properties": {
        "id": "Aceh Timur-254",
        "kabupaten": "Aceh Timur",
        "prov": "ACEH",
        "depth_m": 2.07,
        "wave_order": 0.283,
        "spot_idx": 1
      },
      "geometry": {
        "type": "Polygon",
        "coordinates": [
          [
            [
              97.775,
              4.775
            ],
            [
              97.8,
              4.775
            ],
            [
              97.8,
              4.8
            ],
            [
              97.775,
              4.8
            ],
            [
              97.775,
              4.775
            ]
          ]
        ]
      }
    },
    {
      "type": "Feature",
      "properties": {
        "id": "Aceh Timur-255",
        "kabupaten": "Aceh Timur",
        "prov": "ACEH",
        "depth_m": 1.9,
        "wave_order": 0.275,
        "spot_idx": 1
      },
      "geometry": {
        "type": "Polygon",
        "coordinates": [
          [
            [
              97.775,
              4.8
            ],
            [
              97.8,
              4.8
            ],
            [
              97.8,
              4.825
            ],
            [
              97.775,
              4.825
            ],
            [
              97.775,
              4.8
            ]
          ]
        ]
      }
    },
    {
      "type": "Feature",
      "properties": {
        "id": "Aceh Timur-256",
        "kabupaten": "Aceh Timur",
        "prov": "ACEH",
        "depth_m": 1.98,
        "wave_order": 0.387,
        "spot_idx": 1
      },
      "geometry": {
        "type": "Polygon",
        "coordinates": [
          [
            [
              97.775,
              4.825
            ],
            [
              97.8,
              4.825
            ],
            [
              97.8,
              4.85
            ],
            [
              97.775,
              4.85
            ],
            [
              97.775,
              4.825
            ]
          ]
        ]
      }
    },
    {
      "type": "Feature",
      "properties": {
        "id": "Aceh Timur-257",
        "kabupaten": "Aceh Timur",
        "prov": "ACEH",
        "depth_m": 1.7,
        "wave_order": 0.378,
        "spot_idx": 1
      },
      "geometry": {
        "type": "Polygon",
        "coordinates": [
          [
            [
              97.775,
              4.85
            ],
            [
              97.8,
              4.85
            ],
            [
              97.8,
              4.875
            ],
            [
              97.775,
              4.875
            ],
            [
              97.775,
              4.85
            ]
          ]
        ]
      }
    },
    {
      "type": "Feature",
      "properties": {
        "id": "Aceh Timur-258",
        "kabupaten": "Aceh Timur",
        "prov": "ACEH",
        "depth_m": 1.82,
        "wave_order": 0.531,
        "spot_idx": 1
      },
      "geometry": {
        "type": "Polygon",
        "coordinates": [
          [
            [
              97.775,
              4.875
            ],
            [
              97.8,
              4.875
            ],
            [
              97.8,
              4.9
            ],
            [
              97.775,
              4.9
            ],
            [
              97.775,
              4.875
            ]
          ]
        ]
      }
    },
    {
      "type": "Feature",
      "properties": {
        "id": "Aceh Timur-259",
        "kabupaten": "Aceh Timur",
        "prov": "ACEH",
        "depth_m": 1.43,
        "wave_order": 0.564,
        "spot_idx": 1
      },
      "geometry": {
        "type": "Polygon",
        "coordinates": [
          [
            [
              97.8,
              4.6
            ],
            [
              97.825,
              4.6
            ],
            [
              97.825,
              4.625
            ],
            [
              97.8,
              4.625
            ],
            [
              97.8,
              4.6
            ]
          ]
        ]
      }
    },
    {
      "type": "Feature",
      "properties": {
        "id": "Aceh Timur-260",
        "kabupaten": "Aceh Timur",
        "prov": "ACEH",
        "depth_m": 1.71,
        "wave_order": 0.565,
        "spot_idx": 1
      },
      "geometry": {
        "type": "Polygon",
        "coordinates": [
          [
            [
              97.8,
              4.625
            ],
            [
              97.825,
              4.625
            ],
            [
              97.825,
              4.65
            ],
            [
              97.8,
              4.65
            ],
            [
              97.8,
              4.625
            ]
          ]
        ]
      }
    },
    {
      "type": "Feature",
      "properties": {
        "id": "Aceh Timur-261",
        "kabupaten": "Aceh Timur",
        "prov": "ACEH",
        "depth_m": 1.66,
        "wave_order": 0.449,
        "spot_idx": 1
      },
      "geometry": {
        "type": "Polygon",
        "coordinates": [
          [
            [
              97.8,
              4.65
            ],
            [
              97.825,
              4.65
            ],
            [
              97.825,
              4.675
            ],
            [
              97.8,
              4.675
            ],
            [
              97.8,
              4.65
            ]
          ]
        ]
      }
    },
    {
      "type": "Feature",
      "properties": {
        "id": "Aceh Timur-262",
        "kabupaten": "Aceh Timur",
        "prov": "ACEH",
        "depth_m": 1.84,
        "wave_order": 0.431,
        "spot_idx": 1
      },
      "geometry": {
        "type": "Polygon",
        "coordinates": [
          [
            [
              97.8,
              4.675
            ],
            [
              97.825,
              4.675
            ],
            [
              97.825,
              4.7
            ],
            [
              97.8,
              4.7
            ],
            [
              97.8,
              4.675
            ]
          ]
        ]
      }
    },
    {
      "type": "Feature",
      "properties": {
        "id": "Aceh Timur-263",
        "kabupaten": "Aceh Timur",
        "prov": "ACEH",
        "depth_m": 1.85,
        "wave_order": 0.368,
        "spot_idx": 1
      },
      "geometry": {
        "type": "Polygon",
        "coordinates": [
          [
            [
              97.8,
              4.7
            ],
            [
              97.825,
              4.7
            ],
            [
              97.825,
              4.725
            ],
            [
              97.8,
              4.725
            ],
            [
              97.8,
              4.7
            ]
          ]
        ]
      }
    },
    {
      "type": "Feature",
      "properties": {
        "id": "Aceh Timur-264",
        "kabupaten": "Aceh Timur",
        "prov": "ACEH",
        "depth_m": 1.9,
        "wave_order": 0.34,
        "spot_idx": 1
      },
      "geometry": {
        "type": "Polygon",
        "coordinates": [
          [
            [
              97.8,
              4.725
            ],
            [
              97.825,
              4.725
            ],
            [
              97.825,
              4.75
            ],
            [
              97.8,
              4.75
            ],
            [
              97.8,
              4.725
            ]
          ]
        ]
      }
    },
    {
      "type": "Feature",
      "properties": {
        "id": "Aceh Timur-265",
        "kabupaten": "Aceh Timur",
        "prov": "ACEH",
        "depth_m": 1.95,
        "wave_order": 0.346,
        "spot_idx": 1
      },
      "geometry": {
        "type": "Polygon",
        "coordinates": [
          [
            [
              97.8,
              4.75
            ],
            [
              97.825,
              4.75
            ],
            [
              97.825,
              4.775
            ],
            [
              97.8,
              4.775
            ],
            [
              97.8,
              4.75
            ]
          ]
        ]
      }
    },
    {
      "type": "Feature",
      "properties": {
        "id": "Aceh Timur-266",
        "kabupaten": "Aceh Timur",
        "prov": "ACEH",
        "depth_m": 1.85,
        "wave_order": 0.323,
        "spot_idx": 1
      },
      "geometry": {
        "type": "Polygon",
        "coordinates": [
          [
            [
              97.8,
              4.775
            ],
            [
              97.825,
              4.775
            ],
            [
              97.825,
              4.8
            ],
            [
              97.8,
              4.8
            ],
            [
              97.8,
              4.775
            ]
          ]
        ]
      }
    },
    {
      "type": "Feature",
      "properties": {
        "id": "Aceh Timur-267",
        "kabupaten": "Aceh Timur",
        "prov": "ACEH",
        "depth_m": 1.94,
        "wave_order": 0.402,
        "spot_idx": 1
      },
      "geometry": {
        "type": "Polygon",
        "coordinates": [
          [
            [
              97.8,
              4.8
            ],
            [
              97.825,
              4.8
            ],
            [
              97.825,
              4.825
            ],
            [
              97.8,
              4.825
            ],
            [
              97.8,
              4.8
            ]
          ]
        ]
      }
    },
    {
      "type": "Feature",
      "properties": {
        "id": "Aceh Timur-268",
        "kabupaten": "Aceh Timur",
        "prov": "ACEH",
        "depth_m": 1.7,
        "wave_order": 0.381,
        "spot_idx": 1
      },
      "geometry": {
        "type": "Polygon",
        "coordinates": [
          [
            [
              97.8,
              4.825
            ],
            [
              97.825,
              4.825
            ],
            [
              97.825,
              4.85
            ],
            [
              97.8,
              4.85
            ],
            [
              97.8,
              4.825
            ]
          ]
        ]
      }
    },
    {
      "type": "Feature",
      "properties": {
        "id": "Aceh Timur-269",
        "kabupaten": "Aceh Timur",
        "prov": "ACEH",
        "depth_m": 1.84,
        "wave_order": 0.515,
        "spot_idx": 1
      },
      "geometry": {
        "type": "Polygon",
        "coordinates": [
          [
            [
              97.8,
              4.85
            ],
            [
              97.825,
              4.85
            ],
            [
              97.825,
              4.875
            ],
            [
              97.8,
              4.875
            ],
            [
              97.8,
              4.85
            ]
          ]
        ]
      }
    },
    {
      "type": "Feature",
      "properties": {
        "id": "Aceh Timur-270",
        "kabupaten": "Aceh Timur",
        "prov": "ACEH",
        "depth_m": 1.5,
        "wave_order": 0.485,
        "spot_idx": 1
      },
      "geometry": {
        "type": "Polygon",
        "coordinates": [
          [
            [
              97.8,
              4.875
            ],
            [
              97.825,
              4.875
            ],
            [
              97.825,
              4.9
            ],
            [
              97.8,
              4.9
            ],
            [
              97.8,
              4.875
            ]
          ]
        ]
      }
    },
    {
      "type": "Feature",
      "properties": {
        "id": "Aceh Timur-271",
        "kabupaten": "Aceh Timur",
        "prov": "ACEH",
        "depth_m": 1.57,
        "wave_order": 0.693,
        "spot_idx": 1
      },
      "geometry": {
        "type": "Polygon",
        "coordinates": [
          [
            [
              97.825,
              4.6
            ],
            [
              97.85,
              4.6
            ],
            [
              97.85,
              4.625
            ],
            [
              97.825,
              4.625
            ],
            [
              97.825,
              4.6
            ]
          ]
        ]
      }
    },
    {
      "type": "Feature",
      "properties": {
        "id": "Aceh Timur-272",
        "kabupaten": "Aceh Timur",
        "prov": "ACEH",
        "depth_m": 1.46,
        "wave_order": 0.557,
        "spot_idx": 1
      },
      "geometry": {
        "type": "Polygon",
        "coordinates": [
          [
            [
              97.825,
              4.625
            ],
            [
              97.85,
              4.625
            ],
            [
              97.85,
              4.65
            ],
            [
              97.825,
              4.65
            ],
            [
              97.825,
              4.625
            ]
          ]
        ]
      }
    },
    {
      "type": "Feature",
      "properties": {
        "id": "Aceh Timur-273",
        "kabupaten": "Aceh Timur",
        "prov": "ACEH",
        "depth_m": 1.7,
        "wave_order": 0.559,
        "spot_idx": 1
      },
      "geometry": {
        "type": "Polygon",
        "coordinates": [
          [
            [
              97.825,
              4.65
            ],
            [
              97.85,
              4.65
            ],
            [
              97.85,
              4.675
            ],
            [
              97.825,
              4.675
            ],
            [
              97.825,
              4.65
            ]
          ]
        ]
      }
    },
    {
      "type": "Feature",
      "properties": {
        "id": "Aceh Timur-274",
        "kabupaten": "Aceh Timur",
        "prov": "ACEH",
        "depth_m": 1.66,
        "wave_order": 0.471,
        "spot_idx": 1
      },
      "geometry": {
        "type": "Polygon",
        "coordinates": [
          [
            [
              97.825,
              4.675
            ],
            [
              97.85,
              4.675
            ],
            [
              97.85,
              4.7
            ],
            [
              97.825,
              4.7
            ],
            [
              97.825,
              4.675
            ]
          ]
        ]
      }
    },
    {
      "type": "Feature",
      "properties": {
        "id": "Aceh Timur-275",
        "kabupaten": "Aceh Timur",
        "prov": "ACEH",
        "depth_m": 1.77,
        "wave_order": 0.455,
        "spot_idx": 1
      },
      "geometry": {
        "type": "Polygon",
        "coordinates": [
          [
            [
              97.825,
              4.7
            ],
            [
              97.85,
              4.7
            ],
            [
              97.85,
              4.725
            ],
            [
              97.825,
              4.725
            ],
            [
              97.825,
              4.7
            ]
          ]
        ]
      }
    },
    {
      "type": "Feature",
      "properties": {
        "id": "Aceh Timur-276",
        "kabupaten": "Aceh Timur",
        "prov": "ACEH",
        "depth_m": 1.8,
        "wave_order": 0.429,
        "spot_idx": 1
      },
      "geometry": {
        "type": "Polygon",
        "coordinates": [
          [
            [
              97.825,
              4.725
            ],
            [
              97.85,
              4.725
            ],
            [
              97.85,
              4.75
            ],
            [
              97.825,
              4.75
            ],
            [
              97.825,
              4.725
            ]
          ]
        ]
      }
    },
    {
      "type": "Feature",
      "properties": {
        "id": "Aceh Timur-277",
        "kabupaten": "Aceh Timur",
        "prov": "ACEH",
        "depth_m": 1.76,
        "wave_order": 0.404,
        "spot_idx": 1
      },
      "geometry": {
        "type": "Polygon",
        "coordinates": [
          [
            [
              97.825,
              4.75
            ],
            [
              97.85,
              4.75
            ],
            [
              97.85,
              4.775
            ],
            [
              97.825,
              4.775
            ],
            [
              97.825,
              4.75
            ]
          ]
        ]
      }
    },
    {
      "type": "Feature",
      "properties": {
        "id": "Aceh Timur-278",
        "kabupaten": "Aceh Timur",
        "prov": "ACEH",
        "depth_m": 1.85,
        "wave_order": 0.448,
        "spot_idx": 1
      },
      "geometry": {
        "type": "Polygon",
        "coordinates": [
          [
            [
              97.825,
              4.775
            ],
            [
              97.85,
              4.775
            ],
            [
              97.85,
              4.8
            ],
            [
              97.825,
              4.8
            ],
            [
              97.825,
              4.775
            ]
          ]
        ]
      }
    },
    {
      "type": "Feature",
      "properties": {
        "id": "Aceh Timur-279",
        "kabupaten": "Aceh Timur",
        "prov": "ACEH",
        "depth_m": 1.67,
        "wave_order": 0.418,
        "spot_idx": 1
      },
      "geometry": {
        "type": "Polygon",
        "coordinates": [
          [
            [
              97.825,
              4.8
            ],
            [
              97.85,
              4.8
            ],
            [
              97.85,
              4.825
            ],
            [
              97.825,
              4.825
            ],
            [
              97.825,
              4.8
            ]
          ]
        ]
      }
    },
    {
      "type": "Feature",
      "properties": {
        "id": "Aceh Timur-280",
        "kabupaten": "Aceh Timur",
        "prov": "ACEH",
        "depth_m": 1.81,
        "wave_order": 0.526,
        "spot_idx": 1
      },
      "geometry": {
        "type": "Polygon",
        "coordinates": [
          [
            [
              97.825,
              4.825
            ],
            [
              97.85,
              4.825
            ],
            [
              97.85,
              4.85
            ],
            [
              97.825,
              4.85
            ],
            [
              97.825,
              4.825
            ]
          ]
        ]
      }
    },
    {
      "type": "Feature",
      "properties": {
        "id": "Aceh Timur-281",
        "kabupaten": "Aceh Timur",
        "prov": "ACEH",
        "depth_m": 1.51,
        "wave_order": 0.487,
        "spot_idx": 1
      },
      "geometry": {
        "type": "Polygon",
        "coordinates": [
          [
            [
              97.825,
              4.85
            ],
            [
              97.85,
              4.85
            ],
            [
              97.85,
              4.875
            ],
            [
              97.825,
              4.875
            ],
            [
              97.825,
              4.85
            ]
          ]
        ]
      }
    },
    {
      "type": "Feature",
      "properties": {
        "id": "Aceh Timur-282",
        "kabupaten": "Aceh Timur",
        "prov": "ACEH",
        "depth_m": 1.69,
        "wave_order": 0.643,
        "spot_idx": 1
      },
      "geometry": {
        "type": "Polygon",
        "coordinates": [
          [
            [
              97.825,
              4.875
            ],
            [
              97.85,
              4.875
            ],
            [
              97.85,
              4.9
            ],
            [
              97.825,
              4.9
            ],
            [
              97.825,
              4.875
            ]
          ]
        ]
      }
    },
    {
      "type": "Feature",
      "properties": {
        "id": "Aceh Timur-283",
        "kabupaten": "Aceh Timur",
        "prov": "ACEH",
        "depth_m": 1.26,
        "wave_order": 0.665,
        "spot_idx": 1
      },
      "geometry": {
        "type": "Polygon",
        "coordinates": [
          [
            [
              97.85,
              4.6
            ],
            [
              97.875,
              4.6
            ],
            [
              97.875,
              4.625
            ],
            [
              97.85,
              4.625
            ],
            [
              97.85,
              4.6
            ]
          ]
        ]
      }
    },
    {
      "type": "Feature",
      "properties": {
        "id": "Aceh Timur-284",
        "kabupaten": "Aceh Timur",
        "prov": "ACEH",
        "depth_m": 1.55,
        "wave_order": 0.687,
        "spot_idx": 1
      },
      "geometry": {
        "type": "Polygon",
        "coordinates": [
          [
            [
              97.85,
              4.625
            ],
            [
              97.875,
              4.625
            ],
            [
              97.875,
              4.65
            ],
            [
              97.85,
              4.65
            ],
            [
              97.85,
              4.625
            ]
          ]
        ]
      }
    },
    {
      "type": "Feature",
      "properties": {
        "id": "Aceh Timur-285",
        "kabupaten": "Aceh Timur",
        "prov": "ACEH",
        "depth_m": 1.46,
        "wave_order": 0.576,
        "spot_idx": 1
      },
      "geometry": {
        "type": "Polygon",
        "coordinates": [
          [
            [
              97.85,
              4.65
            ],
            [
              97.875,
              4.65
            ],
            [
              97.875,
              4.675
            ],
            [
              97.85,
              4.675
            ],
            [
              97.85,
              4.65
            ]
          ]
        ]
      }
    },
    {
      "type": "Feature",
      "properties": {
        "id": "Aceh Timur-286",
        "kabupaten": "Aceh Timur",
        "prov": "ACEH",
        "depth_m": 1.64,
        "wave_order": 0.576,
        "spot_idx": 1
      },
      "geometry": {
        "type": "Polygon",
        "coordinates": [
          [
            [
              97.85,
              4.675
            ],
            [
              97.875,
              4.675
            ],
            [
              97.875,
              4.7
            ],
            [
              97.85,
              4.7
            ],
            [
              97.85,
              4.675
            ]
          ]
        ]
      }
    },
    {
      "type": "Feature",
      "properties": {
        "id": "Aceh Timur-287",
        "kabupaten": "Aceh Timur",
        "prov": "ACEH",
        "depth_m": 1.62,
        "wave_order": 0.522,
        "spot_idx": 1
      },
      "geometry": {
        "type": "Polygon",
        "coordinates": [
          [
            [
              97.85,
              4.7
            ],
            [
              97.875,
              4.7
            ],
            [
              97.875,
              4.725
            ],
            [
              97.85,
              4.725
            ],
            [
              97.85,
              4.7
            ]
          ]
        ]
      }
    },
    {
      "type": "Feature",
      "properties": {
        "id": "Aceh Timur-288",
        "kabupaten": "Aceh Timur",
        "prov": "ACEH",
        "depth_m": 1.66,
        "wave_order": 0.503,
        "spot_idx": 1
      },
      "geometry": {
        "type": "Polygon",
        "coordinates": [
          [
            [
              97.85,
              4.725
            ],
            [
              97.875,
              4.725
            ],
            [
              97.875,
              4.75
            ],
            [
              97.85,
              4.75
            ],
            [
              97.85,
              4.725
            ]
          ]
        ]
      }
    },
    {
      "type": "Feature",
      "properties": {
        "id": "Aceh Timur-289",
        "kabupaten": "Aceh Timur",
        "prov": "ACEH",
        "depth_m": 1.72,
        "wave_order": 0.515,
        "spot_idx": 1
      },
      "geometry": {
        "type": "Polygon",
        "coordinates": [
          [
            [
              97.85,
              4.75
            ],
            [
              97.875,
              4.75
            ],
            [
              97.875,
              4.775
            ],
            [
              97.85,
              4.775
            ],
            [
              97.85,
              4.75
            ]
          ]
        ]
      }
    },
    {
      "type": "Feature",
      "properties": {
        "id": "Aceh Timur-290",
        "kabupaten": "Aceh Timur",
        "prov": "ACEH",
        "depth_m": 1.61,
        "wave_order": 0.484,
        "spot_idx": 1
      },
      "geometry": {
        "type": "Polygon",
        "coordinates": [
          [
            [
              97.85,
              4.775
            ],
            [
              97.875,
              4.775
            ],
            [
              97.875,
              4.8
            ],
            [
              97.85,
              4.8
            ],
            [
              97.85,
              4.775
            ]
          ]
        ]
      }
    },
    {
      "type": "Feature",
      "properties": {
        "id": "Aceh Timur-291",
        "kabupaten": "Aceh Timur",
        "prov": "ACEH",
        "depth_m": 1.73,
        "wave_order": 0.561,
        "spot_idx": 1
      },
      "geometry": {
        "type": "Polygon",
        "coordinates": [
          [
            [
              97.85,
              4.8
            ],
            [
              97.875,
              4.8
            ],
            [
              97.875,
              4.825
            ],
            [
              97.85,
              4.825
            ],
            [
              97.85,
              4.8
            ]
          ]
        ]
      }
    },
    {
      "type": "Feature",
      "properties": {
        "id": "Aceh Timur-292",
        "kabupaten": "Aceh Timur",
        "prov": "ACEH",
        "depth_m": 1.48,
        "wave_order": 0.518,
        "spot_idx": 1
      },
      "geometry": {
        "type": "Polygon",
        "coordinates": [
          [
            [
              97.85,
              4.825
            ],
            [
              97.875,
              4.825
            ],
            [
              97.875,
              4.85
            ],
            [
              97.85,
              4.85
            ],
            [
              97.85,
              4.825
            ]
          ]
        ]
      }
    },
    {
      "type": "Feature",
      "properties": {
        "id": "Aceh Timur-293",
        "kabupaten": "Aceh Timur",
        "prov": "ACEH",
        "depth_m": 1.67,
        "wave_order": 0.651,
        "spot_idx": 1
      },
      "geometry": {
        "type": "Polygon",
        "coordinates": [
          [
            [
              97.85,
              4.85
            ],
            [
              97.875,
              4.85
            ],
            [
              97.875,
              4.875
            ],
            [
              97.85,
              4.875
            ],
            [
              97.85,
              4.85
            ]
          ]
        ]
      }
    },
    {
      "type": "Feature",
      "properties": {
        "id": "Aceh Timur-294",
        "kabupaten": "Aceh Timur",
        "prov": "ACEH",
        "depth_m": 1.31,
        "wave_order": 0.595,
        "spot_idx": 1
      },
      "geometry": {
        "type": "Polygon",
        "coordinates": [
          [
            [
              97.85,
              4.875
            ],
            [
              97.875,
              4.875
            ],
            [
              97.875,
              4.9
            ],
            [
              97.85,
              4.9
            ],
            [
              97.85,
              4.875
            ]
          ]
        ]
      }
    },
    {
      "type": "Feature",
      "properties": {
        "id": "Aceh Timur-295",
        "kabupaten": "Aceh Timur",
        "prov": "ACEH",
        "depth_m": 1.41,
        "wave_order": 0.814,
        "spot_idx": 1
      },
      "geometry": {
        "type": "Polygon",
        "coordinates": [
          [
            [
              97.875,
              4.6
            ],
            [
              97.9,
              4.6
            ],
            [
              97.9,
              4.625
            ],
            [
              97.875,
              4.625
            ],
            [
              97.875,
              4.6
            ]
          ]
        ]
      }
    },
    {
      "type": "Feature",
      "properties": {
        "id": "Aceh Timur-296",
        "kabupaten": "Aceh Timur",
        "prov": "ACEH",
        "depth_m": 1.27,
        "wave_order": 0.682,
        "spot_idx": 1
      },
      "geometry": {
        "type": "Polygon",
        "coordinates": [
          [
            [
              97.875,
              4.625
            ],
            [
              97.9,
              4.625
            ],
            [
              97.9,
              4.65
            ],
            [
              97.875,
              4.65
            ],
            [
              97.875,
              4.625
            ]
          ]
        ]
      }
    },
    {
      "type": "Feature",
      "properties": {
        "id": "Aceh Timur-297",
        "kabupaten": "Aceh Timur",
        "prov": "ACEH",
        "depth_m": 1.5,
        "wave_order": 0.699,
        "spot_idx": 1
      },
      "geometry": {
        "type": "Polygon",
        "coordinates": [
          [
            [
              97.875,
              4.65
            ],
            [
              97.9,
              4.65
            ],
            [
              97.9,
              4.675
            ],
            [
              97.875,
              4.675
            ],
            [
              97.875,
              4.65
            ]
          ]
        ]
      }
    },
    {
      "type": "Feature",
      "properties": {
        "id": "Aceh Timur-298",
        "kabupaten": "Aceh Timur",
        "prov": "ACEH",
        "depth_m": 1.44,
        "wave_order": 0.619,
        "spot_idx": 1
      },
      "geometry": {
        "type": "Polygon",
        "coordinates": [
          [
            [
              97.875,
              4.675
            ],
            [
              97.9,
              4.675
            ],
            [
              97.9,
              4.7
            ],
            [
              97.875,
              4.7
            ],
            [
              97.875,
              4.675
            ]
          ]
        ]
      }
    },
    {
      "type": "Feature",
      "properties": {
        "id": "Aceh Timur-299",
        "kabupaten": "Aceh Timur",
        "prov": "ACEH",
        "depth_m": 1.54,
        "wave_order": 0.614,
        "spot_idx": 1
      },
      "geometry": {
        "type": "Polygon",
        "coordinates": [
          [
            [
              97.875,
              4.7
            ],
            [
              97.9,
              4.7
            ],
            [
              97.9,
              4.725
            ],
            [
              97.875,
              4.725
            ],
            [
              97.875,
              4.7
            ]
          ]
        ]
      }
    },
    {
      "type": "Feature",
      "properties": {
        "id": "Aceh Timur-300",
        "kabupaten": "Aceh Timur",
        "prov": "ACEH",
        "depth_m": 1.56,
        "wave_order": 0.594,
        "spot_idx": 1
      },
      "geometry": {
        "type": "Polygon",
        "coordinates": [
          [
            [
              97.875,
              4.725
            ],
            [
              97.9,
              4.725
            ],
            [
              97.9,
              4.75
            ],
            [
              97.875,
              4.75
            ],
            [
              97.875,
              4.725
            ]
          ]
        ]
      }
    },
    {
      "type": "Feature",
      "properties": {
        "id": "Aceh Timur-301",
        "kabupaten": "Aceh Timur",
        "prov": "ACEH",
        "depth_m": 1.52,
        "wave_order": 0.569,
        "spot_idx": 1
      },
      "geometry": {
        "type": "Polygon",
        "coordinates": [
          [
            [
              97.875,
              4.75
            ],
            [
              97.9,
              4.75
            ],
            [
              97.9,
              4.775
            ],
            [
              97.875,
              4.775
            ],
            [
              97.875,
              4.75
            ]
          ]
        ]
      }
    },
    {
      "type": "Feature",
      "properties": {
        "id": "Aceh Timur-302",
        "kabupaten": "Aceh Timur",
        "prov": "ACEH",
        "depth_m": 1.62,
        "wave_order": 0.615,
        "spot_idx": 1
      },
      "geometry": {
        "type": "Polygon",
        "coordinates": [
          [
            [
              97.875,
              4.775
            ],
            [
              97.9,
              4.775
            ],
            [
              97.9,
              4.8
            ],
            [
              97.875,
              4.8
            ],
            [
              97.875,
              4.775
            ]
          ]
        ]
      }
    },
    {
      "type": "Feature",
      "properties": {
        "id": "Aceh Timur-303",
        "kabupaten": "Aceh Timur",
        "prov": "ACEH",
        "depth_m": 1.43,
        "wave_order": 0.573,
        "spot_idx": 1
      },
      "geometry": {
        "type": "Polygon",
        "coordinates": [
          [
            [
              97.875,
              4.8
            ],
            [
              97.9,
              4.8
            ],
            [
              97.9,
              4.825
            ],
            [
              97.875,
              4.825
            ],
            [
              97.875,
              4.8
            ]
          ]
        ]
      }
    },
    {
      "type": "Feature",
      "properties": {
        "id": "Aceh Timur-304",
        "kabupaten": "Aceh Timur",
        "prov": "ACEH",
        "depth_m": 1.6,
        "wave_order": 0.679,
        "spot_idx": 1
      },
      "geometry": {
        "type": "Polygon",
        "coordinates": [
          [
            [
              97.875,
              4.825
            ],
            [
              97.9,
              4.825
            ],
            [
              97.9,
              4.85
            ],
            [
              97.875,
              4.85
            ],
            [
              97.875,
              4.825
            ]
          ]
        ]
      }
    },
    {
      "type": "Feature",
      "properties": {
        "id": "Aceh Timur-305",
        "kabupaten": "Aceh Timur",
        "prov": "ACEH",
        "depth_m": 1.29,
        "wave_order": 0.621,
        "spot_idx": 1
      },
      "geometry": {
        "type": "Polygon",
        "coordinates": [
          [
            [
              97.875,
              4.85
            ],
            [
              97.9,
              4.85
            ],
            [
              97.9,
              4.875
            ],
            [
              97.875,
              4.875
            ],
            [
              97.875,
              4.85
            ]
          ]
        ]
      }
    },
    {
      "type": "Feature",
      "properties": {
        "id": "Aceh Timur-306",
        "kabupaten": "Aceh Timur",
        "prov": "ACEH",
        "depth_m": 1.52,
        "wave_order": 0.776,
        "spot_idx": 1
      },
      "geometry": {
        "type": "Polygon",
        "coordinates": [
          [
            [
              97.875,
              4.875
            ],
            [
              97.9,
              4.875
            ],
            [
              97.9,
              4.9
            ],
            [
              97.875,
              4.9
            ],
            [
              97.875,
              4.875
            ]
          ]
        ]
      }
    },
    {
      "type": "Feature",
      "properties": {
        "id": "Aceh Tamiang-307",
        "kabupaten": "Aceh Tamiang",
        "prov": "ACEH",
        "depth_m": 1.58,
        "wave_order": 0.717,
        "spot_idx": 2
      },
      "geometry": {
        "type": "Polygon",
        "coordinates": [
          [
            [
              97.92,
              4.15
            ],
            [
              97.945,
              4.15
            ],
            [
              97.945,
              4.175
            ],
            [
              97.92,
              4.175
            ],
            [
              97.92,
              4.15
            ]
          ]
        ]
      }
    },
    {
      "type": "Feature",
      "properties": {
        "id": "Aceh Tamiang-308",
        "kabupaten": "Aceh Tamiang",
        "prov": "ACEH",
        "depth_m": 1.69,
        "wave_order": 0.649,
        "spot_idx": 2
      },
      "geometry": {
        "type": "Polygon",
        "coordinates": [
          [
            [
              97.92,
              4.175
            ],
            [
              97.945,
              4.175
            ],
            [
              97.945,
              4.2
            ],
            [
              97.92,
              4.2
            ],
            [
              97.92,
              4.175
            ]
          ]
        ]
      }
    },
    {
      "type": "Feature",
      "properties": {
        "id": "Aceh Tamiang-309",
        "kabupaten": "Aceh Tamiang",
        "prov": "ACEH",
        "depth_m": 1.83,
        "wave_order": 0.607,
        "spot_idx": 2
      },
      "geometry": {
        "type": "Polygon",
        "coordinates": [
          [
            [
              97.92,
              4.2
            ],
            [
              97.945,
              4.2
            ],
            [
              97.945,
              4.225
            ],
            [
              97.92,
              4.225
            ],
            [
              97.92,
              4.2
            ]
          ]
        ]
      }
    },
    {
      "type": "Feature",
      "properties": {
        "id": "Aceh Tamiang-310",
        "kabupaten": "Aceh Tamiang",
        "prov": "ACEH",
        "depth_m": 1.83,
        "wave_order": 0.524,
        "spot_idx": 2
      },
      "geometry": {
        "type": "Polygon",
        "coordinates": [
          [
            [
              97.92,
              4.225
            ],
            [
              97.945,
              4.225
            ],
            [
              97.945,
              4.25
            ],
            [
              97.92,
              4.25
            ],
            [
              97.92,
              4.225
            ]
          ]
        ]
      }
    },
    {
      "type": "Feature",
      "properties": {
        "id": "Aceh Tamiang-311",
        "kabupaten": "Aceh Tamiang",
        "prov": "ACEH",
        "depth_m": 2.02,
        "wave_order": 0.532,
        "spot_idx": 2
      },
      "geometry": {
        "type": "Polygon",
        "coordinates": [
          [
            [
              97.92,
              4.25
            ],
            [
              97.945,
              4.25
            ],
            [
              97.945,
              4.275
            ],
            [
              97.92,
              4.275
            ],
            [
              97.92,
              4.25
            ]
          ]
        ]
      }
    },
    {
      "type": "Feature",
      "properties": {
        "id": "Aceh Tamiang-312",
        "kabupaten": "Aceh Tamiang",
        "prov": "ACEH",
        "depth_m": 1.9,
        "wave_order": 0.446,
        "spot_idx": 2
      },
      "geometry": {
        "type": "Polygon",
        "coordinates": [
          [
            [
              97.92,
              4.275
            ],
            [
              97.945,
              4.275
            ],
            [
              97.945,
              4.3
            ],
            [
              97.92,
              4.3
            ],
            [
              97.92,
              4.275
            ]
          ]
        ]
      }
    },
    {
      "type": "Feature",
      "properties": {
        "id": "Aceh Tamiang-313",
        "kabupaten": "Aceh Tamiang",
        "prov": "ACEH",
        "depth_m": 2.11,
        "wave_order": 0.511,
        "spot_idx": 2
      },
      "geometry": {
        "type": "Polygon",
        "coordinates": [
          [
            [
              97.92,
              4.3
            ],
            [
              97.945,
              4.3
            ],
            [
              97.945,
              4.325
            ],
            [
              97.92,
              4.325
            ],
            [
              97.92,
              4.3
            ]
          ]
        ]
      }
    },
    {
      "type": "Feature",
      "properties": {
        "id": "Aceh Tamiang-314",
        "kabupaten": "Aceh Tamiang",
        "prov": "ACEH",
        "depth_m": 1.87,
        "wave_order": 0.435,
        "spot_idx": 2
      },
      "geometry": {
        "type": "Polygon",
        "coordinates": [
          [
            [
              97.92,
              4.325
            ],
            [
              97.945,
              4.325
            ],
            [
              97.945,
              4.35
            ],
            [
              97.92,
              4.35
            ],
            [
              97.92,
              4.325
            ]
          ]
        ]
      }
    },
    {
      "type": "Feature",
      "properties": {
        "id": "Aceh Tamiang-315",
        "kabupaten": "Aceh Tamiang",
        "prov": "ACEH",
        "depth_m": 2.08,
        "wave_order": 0.554,
        "spot_idx": 2
      },
      "geometry": {
        "type": "Polygon",
        "coordinates": [
          [
            [
              97.92,
              4.35
            ],
            [
              97.945,
              4.35
            ],
            [
              97.945,
              4.375
            ],
            [
              97.92,
              4.375
            ],
            [
              97.92,
              4.35
            ]
          ]
        ]
      }
    },
    {
      "type": "Feature",
      "properties": {
        "id": "Aceh Tamiang-316",
        "kabupaten": "Aceh Tamiang",
        "prov": "ACEH",
        "depth_m": 1.75,
        "wave_order": 0.492,
        "spot_idx": 2
      },
      "geometry": {
        "type": "Polygon",
        "coordinates": [
          [
            [
              97.92,
              4.375
            ],
            [
              97.945,
              4.375
            ],
            [
              97.945,
              4.4
            ],
            [
              97.92,
              4.4
            ],
            [
              97.92,
              4.375
            ]
          ]
        ]
      }
    },
    {
      "type": "Feature",
      "properties": {
        "id": "Aceh Tamiang-317",
        "kabupaten": "Aceh Tamiang",
        "prov": "ACEH",
        "depth_m": 1.95,
        "wave_order": 0.65,
        "spot_idx": 2
      },
      "geometry": {
        "type": "Polygon",
        "coordinates": [
          [
            [
              97.92,
              4.4
            ],
            [
              97.945,
              4.4
            ],
            [
              97.945,
              4.425
            ],
            [
              97.92,
              4.425
            ],
            [
              97.92,
              4.4
            ]
          ]
        ]
      }
    },
    {
      "type": "Feature",
      "properties": {
        "id": "Aceh Tamiang-318",
        "kabupaten": "Aceh Tamiang",
        "prov": "ACEH",
        "depth_m": 1.55,
        "wave_order": 0.598,
        "spot_idx": 2
      },
      "geometry": {
        "type": "Polygon",
        "coordinates": [
          [
            [
              97.92,
              4.425
            ],
            [
              97.945,
              4.425
            ],
            [
              97.945,
              4.45
            ],
            [
              97.92,
              4.45
            ],
            [
              97.92,
              4.425
            ]
          ]
        ]
      }
    },
    {
      "type": "Feature",
      "properties": {
        "id": "Aceh Tamiang-319",
        "kabupaten": "Aceh Tamiang",
        "prov": "ACEH",
        "depth_m": 1.69,
        "wave_order": 0.667,
        "spot_idx": 2
      },
      "geometry": {
        "type": "Polygon",
        "coordinates": [
          [
            [
              97.945,
              4.15
            ],
            [
              97.97,
              4.15
            ],
            [
              97.97,
              4.175
            ],
            [
              97.945,
              4.175
            ],
            [
              97.945,
              4.15
            ]
          ]
        ]
      }
    },
    {
      "type": "Feature",
      "properties": {
        "id": "Aceh Tamiang-320",
        "kabupaten": "Aceh Tamiang",
        "prov": "ACEH",
        "depth_m": 1.82,
        "wave_order": 0.596,
        "spot_idx": 2
      },
      "geometry": {
        "type": "Polygon",
        "coordinates": [
          [
            [
              97.945,
              4.175
            ],
            [
              97.97,
              4.175
            ],
            [
              97.97,
              4.2
            ],
            [
              97.945,
              4.2
            ],
            [
              97.945,
              4.175
            ]
          ]
        ]
      }
    },
    {
      "type": "Feature",
      "properties": {
        "id": "Aceh Tamiang-321",
        "kabupaten": "Aceh Tamiang",
        "prov": "ACEH",
        "depth_m": 1.89,
        "wave_order": 0.515,
        "spot_idx": 2
      },
      "geometry": {
        "type": "Polygon",
        "coordinates": [
          [
            [
              97.945,
              4.2
            ],
            [
              97.97,
              4.2
            ],
            [
              97.97,
              4.225
            ],
            [
              97.945,
              4.225
            ],
            [
              97.945,
              4.2
            ]
          ]
        ]
      }
    },
    {
      "type": "Feature",
      "properties": {
        "id": "Aceh Tamiang-322",
        "kabupaten": "Aceh Tamiang",
        "prov": "ACEH",
        "depth_m": 2.06,
        "wave_order": 0.485,
        "spot_idx": 2
      },
      "geometry": {
        "type": "Polygon",
        "coordinates": [
          [
            [
              97.945,
              4.225
            ],
            [
              97.97,
              4.225
            ],
            [
              97.97,
              4.25
            ],
            [
              97.945,
              4.25
            ],
            [
              97.945,
              4.225
            ]
          ]
        ]
      }
    },
    {
      "type": "Feature",
      "properties": {
        "id": "Aceh Tamiang-323",
        "kabupaten": "Aceh Tamiang",
        "prov": "ACEH",
        "depth_m": 2.03,
        "wave_order": 0.398,
        "spot_idx": 2
      },
      "geometry": {
        "type": "Polygon",
        "coordinates": [
          [
            [
              97.945,
              4.25
            ],
            [
              97.97,
              4.25
            ],
            [
              97.97,
              4.275
            ],
            [
              97.945,
              4.275
            ],
            [
              97.945,
              4.25
            ]
          ]
        ]
      }
    },
    {
      "type": "Feature",
      "properties": {
        "id": "Aceh Tamiang-324",
        "kabupaten": "Aceh Tamiang",
        "prov": "ACEH",
        "depth_m": 2.22,
        "wave_order": 0.421,
        "spot_idx": 2
      },
      "geometry": {
        "type": "Polygon",
        "coordinates": [
          [
            [
              97.945,
              4.275
            ],
            [
              97.97,
              4.275
            ],
            [
              97.97,
              4.3
            ],
            [
              97.945,
              4.3
            ],
            [
              97.945,
              4.275
            ]
          ]
        ]
      }
    },
    {
      "type": "Feature",
      "properties": {
        "id": "Aceh Tamiang-325",
        "kabupaten": "Aceh Tamiang",
        "prov": "ACEH",
        "depth_m": 2.07,
        "wave_order": 0.346,
        "spot_idx": 2
      },
      "geometry": {
        "type": "Polygon",
        "coordinates": [
          [
            [
              97.945,
              4.3
            ],
            [
              97.97,
              4.3
            ],
            [
              97.97,
              4.325
            ],
            [
              97.945,
              4.325
            ],
            [
              97.945,
              4.3
            ]
          ]
        ]
      }
    },
    {
      "type": "Feature",
      "properties": {
        "id": "Aceh Tamiang-326",
        "kabupaten": "Aceh Tamiang",
        "prov": "ACEH",
        "depth_m": 2.25,
        "wave_order": 0.43,
        "spot_idx": 2
      },
      "geometry": {
        "type": "Polygon",
        "coordinates": [
          [
            [
              97.945,
              4.325
            ],
            [
              97.97,
              4.325
            ],
            [
              97.97,
              4.35
            ],
            [
              97.945,
              4.35
            ],
            [
              97.945,
              4.325
            ]
          ]
        ]
      }
    },
    {
      "type": "Feature",
      "properties": {
        "id": "Aceh Tamiang-327",
        "kabupaten": "Aceh Tamiang",
        "prov": "ACEH",
        "depth_m": 1.98,
        "wave_order": 0.379,
        "spot_idx": 2
      },
      "geometry": {
        "type": "Polygon",
        "coordinates": [
          [
            [
              97.945,
              4.35
            ],
            [
              97.97,
              4.35
            ],
            [
              97.97,
              4.375
            ],
            [
              97.945,
              4.375
            ],
            [
              97.945,
              4.35
            ]
          ]
        ]
      }
    },
    {
      "type": "Feature",
      "properties": {
        "id": "Aceh Tamiang-328",
        "kabupaten": "Aceh Tamiang",
        "prov": "ACEH",
        "depth_m": 2.14,
        "wave_order": 0.513,
        "spot_idx": 2
      },
      "geometry": {
        "type": "Polygon",
        "coordinates": [
          [
            [
              97.945,
              4.375
            ],
            [
              97.97,
              4.375
            ],
            [
              97.97,
              4.4
            ],
            [
              97.945,
              4.4
            ],
            [
              97.945,
              4.375
            ]
          ]
        ]
      }
    },
    {
      "type": "Feature",
      "properties": {
        "id": "Aceh Tamiang-329",
        "kabupaten": "Aceh Tamiang",
        "prov": "ACEH",
        "depth_m": 1.79,
        "wave_order": 0.478,
        "spot_idx": 2
      },
      "geometry": {
        "type": "Polygon",
        "coordinates": [
          [
            [
              97.945,
              4.4
            ],
            [
              97.97,
              4.4
            ],
            [
              97.97,
              4.425
            ],
            [
              97.945,
              4.425
            ],
            [
              97.945,
              4.4
            ]
          ]
        ]
      }
    },
    {
      "type": "Feature",
      "properties": {
        "id": "Aceh Tamiang-330",
        "kabupaten": "Aceh Tamiang",
        "prov": "ACEH",
        "depth_m": 1.93,
        "wave_order": 0.64,
        "spot_idx": 2
      },
      "geometry": {
        "type": "Polygon",
        "coordinates": [
          [
            [
              97.945,
              4.425
            ],
            [
              97.97,
              4.425
            ],
            [
              97.97,
              4.45
            ],
            [
              97.945,
              4.45
            ],
            [
              97.945,
              4.425
            ]
          ]
        ]
      }
    },
    {
      "type": "Feature",
      "properties": {
        "id": "Aceh Tamiang-331",
        "kabupaten": "Aceh Tamiang",
        "prov": "ACEH",
        "depth_m": 1.76,
        "wave_order": 0.614,
        "spot_idx": 2
      },
      "geometry": {
        "type": "Polygon",
        "coordinates": [
          [
            [
              97.97,
              4.15
            ],
            [
              97.995,
              4.15
            ],
            [
              97.995,
              4.175
            ],
            [
              97.97,
              4.175
            ],
            [
              97.97,
              4.15
            ]
          ]
        ]
      }
    },
    {
      "type": "Feature",
      "properties": {
        "id": "Aceh Tamiang-332",
        "kabupaten": "Aceh Tamiang",
        "prov": "ACEH",
        "depth_m": 1.89,
        "wave_order": 0.535,
        "spot_idx": 2
      },
      "geometry": {
        "type": "Polygon",
        "coordinates": [
          [
            [
              97.97,
              4.175
            ],
            [
              97.995,
              4.175
            ],
            [
              97.995,
              4.2
            ],
            [
              97.97,
              4.2
            ],
            [
              97.97,
              4.175
            ]
          ]
        ]
      }
    },
    {
      "type": "Feature",
      "properties": {
        "id": "Aceh Tamiang-333",
        "kabupaten": "Aceh Tamiang",
        "prov": "ACEH",
        "depth_m": 2.04,
        "wave_order": 0.473,
        "spot_idx": 2
      },
      "geometry": {
        "type": "Polygon",
        "coordinates": [
          [
            [
              97.97,
              4.2
            ],
            [
              97.995,
              4.2
            ],
            [
              97.995,
              4.225
            ],
            [
              97.97,
              4.225
            ],
            [
              97.97,
              4.2
            ]
          ]
        ]
      }
    },
    {
      "type": "Feature",
      "properties": {
        "id": "Aceh Tamiang-334",
        "kabupaten": "Aceh Tamiang",
        "prov": "ACEH",
        "depth_m": 2.09,
        "wave_order": 0.383,
        "spot_idx": 2
      },
      "geometry": {
        "type": "Polygon",
        "coordinates": [
          [
            [
              97.97,
              4.225
            ],
            [
              97.995,
              4.225
            ],
            [
              97.995,
              4.25
            ],
            [
              97.97,
              4.25
            ],
            [
              97.97,
              4.225
            ]
          ]
        ]
      }
    },
    {
      "type": "Feature",
      "properties": {
        "id": "Aceh Tamiang-335",
        "kabupaten": "Aceh Tamiang",
        "prov": "ACEH",
        "depth_m": 2.28,
        "wave_order": 0.362,
        "spot_idx": 2
      },
      "geometry": {
        "type": "Polygon",
        "coordinates": [
          [
            [
              97.97,
              4.25
            ],
            [
              97.995,
              4.25
            ],
            [
              97.995,
              4.275
            ],
            [
              97.97,
              4.275
            ],
            [
              97.97,
              4.25
            ]
          ]
        ]
      }
    },
    {
      "type": "Feature",
      "properties": {
        "id": "Aceh Tamiang-336",
        "kabupaten": "Aceh Tamiang",
        "prov": "ACEH",
        "depth_m": 2.23,
        "wave_order": 0.28,
        "spot_idx": 2
      },
      "geometry": {
        "type": "Polygon",
        "coordinates": [
          [
            [
              97.97,
              4.275
            ],
            [
              97.995,
              4.275
            ],
            [
              97.995,
              4.3
            ],
            [
              97.97,
              4.3
            ],
            [
              97.97,
              4.275
            ]
          ]
        ]
      }
    },
    {
      "type": "Feature",
      "properties": {
        "id": "Aceh Tamiang-337",
        "kabupaten": "Aceh Tamiang",
        "prov": "ACEH",
        "depth_m": 2.39,
        "wave_order": 0.318,
        "spot_idx": 2
      },
      "geometry": {
        "type": "Polygon",
        "coordinates": [
          [
            [
              97.97,
              4.3
            ],
            [
              97.995,
              4.3
            ],
            [
              97.995,
              4.325
            ],
            [
              97.97,
              4.325
            ],
            [
              97.97,
              4.3
            ]
          ]
        ]
      }
    },
    {
      "type": "Feature",
      "properties": {
        "id": "Aceh Tamiang-338",
        "kabupaten": "Aceh Tamiang",
        "prov": "ACEH",
        "depth_m": 2.2,
        "wave_order": 0.272,
        "spot_idx": 2
      },
      "geometry": {
        "type": "Polygon",
        "coordinates": [
          [
            [
              97.97,
              4.325
            ],
            [
              97.995,
              4.325
            ],
            [
              97.995,
              4.35
            ],
            [
              97.97,
              4.35
            ],
            [
              97.97,
              4.325
            ]
          ]
        ]
      }
    },
    {
      "type": "Feature",
      "properties": {
        "id": "Aceh Tamiang-339",
        "kabupaten": "Aceh Tamiang",
        "prov": "ACEH",
        "depth_m": 2.32,
        "wave_order": 0.377,
        "spot_idx": 2
      },
      "geometry": {
        "type": "Polygon",
        "coordinates": [
          [
            [
              97.97,
              4.35
            ],
            [
              97.995,
              4.35
            ],
            [
              97.995,
              4.375
            ],
            [
              97.97,
              4.375
            ],
            [
              97.97,
              4.35
            ]
          ]
        ]
      }
    },
    {
      "type": "Feature",
      "properties": {
        "id": "Aceh Tamiang-340",
        "kabupaten": "Aceh Tamiang",
        "prov": "ACEH",
        "depth_m": 2.03,
        "wave_order": 0.36,
        "spot_idx": 2
      },
      "geometry": {
        "type": "Polygon",
        "coordinates": [
          [
            [
              97.97,
              4.375
            ],
            [
              97.995,
              4.375
            ],
            [
              97.995,
              4.4
            ],
            [
              97.97,
              4.4
            ],
            [
              97.97,
              4.375
            ]
          ]
        ]
      }
    },
    {
      "type": "Feature",
      "properties": {
        "id": "Aceh Tamiang-341",
        "kabupaten": "Aceh Tamiang",
        "prov": "ACEH",
        "depth_m": 2.12,
        "wave_order": 0.503,
        "spot_idx": 2
      },
      "geometry": {
        "type": "Polygon",
        "coordinates": [
          [
            [
              97.97,
              4.4
            ],
            [
              97.995,
              4.4
            ],
            [
              97.995,
              4.425
            ],
            [
              97.97,
              4.425
            ],
            [
              97.97,
              4.4
            ]
          ]
        ]
      }
    },
    {
      "type": "Feature",
      "properties": {
        "id": "Aceh Tamiang-342",
        "kabupaten": "Aceh Tamiang",
        "prov": "ACEH",
        "depth_m": 1.79,
        "wave_order": 0.498,
        "spot_idx": 2
      },
      "geometry": {
        "type": "Polygon",
        "coordinates": [
          [
            [
              97.97,
              4.425
            ],
            [
              97.995,
              4.425
            ],
            [
              97.995,
              4.45
            ],
            [
              97.97,
              4.45
            ],
            [
              97.97,
              4.425
            ]
          ]
        ]
      }
    },
    {
      "type": "Feature",
      "properties": {
        "id": "Aceh Tamiang-343",
        "kabupaten": "Aceh Tamiang",
        "prov": "ACEH",
        "depth_m": 1.83,
        "wave_order": 0.581,
        "spot_idx": 2
      },
      "geometry": {
        "type": "Polygon",
        "coordinates": [
          [
            [
              97.995,
              4.15
            ],
            [
              98.02,
              4.15
            ],
            [
              98.02,
              4.175
            ],
            [
              97.995,
              4.175
            ],
            [
              97.995,
              4.15
            ]
          ]
        ]
      }
    },
    {
      "type": "Feature",
      "properties": {
        "id": "Aceh Tamiang-344",
        "kabupaten": "Aceh Tamiang",
        "prov": "ACEH",
        "depth_m": 1.97,
        "wave_order": 0.498,
        "spot_idx": 2
      },
      "geometry": {
        "type": "Polygon",
        "coordinates": [
          [
            [
              97.995,
              4.175
            ],
            [
              98.02,
              4.175
            ],
            [
              98.02,
              4.2
            ],
            [
              97.995,
              4.2
            ],
            [
              97.995,
              4.175
            ]
          ]
        ]
      }
    },
    {
      "type": "Feature",
      "properties": {
        "id": "Aceh Tamiang-345",
        "kabupaten": "Aceh Tamiang",
        "prov": "ACEH",
        "depth_m": 2.09,
        "wave_order": 0.407,
        "spot_idx": 2
      },
      "geometry": {
        "type": "Polygon",
        "coordinates": [
          [
            [
              97.995,
              4.2
            ],
            [
              98.02,
              4.2
            ],
            [
              98.02,
              4.225
            ],
            [
              97.995,
              4.225
            ],
            [
              97.995,
              4.2
            ]
          ]
        ]
      }
    },
    {
      "type": "Feature",
      "properties": {
        "id": "Aceh Tamiang-346",
        "kabupaten": "Aceh Tamiang",
        "prov": "ACEH",
        "depth_m": 2.26,
        "wave_order": 0.348,
        "spot_idx": 2
      },
      "geometry": {
        "type": "Polygon",
        "coordinates": [
          [
            [
              97.995,
              4.225
            ],
            [
              98.02,
              4.225
            ],
            [
              98.02,
              4.25
            ],
            [
              97.995,
              4.25
            ],
            [
              97.995,
              4.225
            ]
          ]
        ]
      }
    },
    {
      "type": "Feature",
      "properties": {
        "id": "Aceh Tamiang-347",
        "kabupaten": "Aceh Tamiang",
        "prov": "ACEH",
        "depth_m": 2.31,
        "wave_order": 0.255,
        "spot_idx": 2
      },
      "geometry": {
        "type": "Polygon",
        "coordinates": [
          [
            [
              97.995,
              4.25
            ],
            [
              98.02,
              4.25
            ],
            [
              98.02,
              4.275
            ],
            [
              97.995,
              4.275
            ],
            [
              97.995,
              4.25
            ]
          ]
        ]
      }
    },
    {
      "type": "Feature",
      "properties": {
        "id": "Aceh Tamiang-348",
        "kabupaten": "Aceh Tamiang",
        "prov": "ACEH",
        "depth_m": 2.48,
        "wave_order": 0.238,
        "spot_idx": 2
      },
      "geometry": {
        "type": "Polygon",
        "coordinates": [
          [
            [
              97.995,
              4.275
            ],
            [
              98.02,
              4.275
            ],
            [
              98.02,
              4.3
            ],
            [
              97.995,
              4.3
            ],
            [
              97.995,
              4.275
            ]
          ]
        ]
      }
    },
    {
      "type": "Feature",
      "properties": {
        "id": "Aceh Tamiang-349",
        "kabupaten": "Aceh Tamiang",
        "prov": "ACEH",
        "depth_m": 2.41,
        "wave_order": 0.178,
        "spot_idx": 2
      },
      "geometry": {
        "type": "Polygon",
        "coordinates": [
          [
            [
              97.995,
              4.3
            ],
            [
              98.02,
              4.3
            ],
            [
              98.02,
              4.325
            ],
            [
              97.995,
              4.325
            ],
            [
              97.995,
              4.3
            ]
          ]
        ]
      }
    },
    {
      "type": "Feature",
      "properties": {
        "id": "Aceh Tamiang-350",
        "kabupaten": "Aceh Tamiang",
        "prov": "ACEH",
        "depth_m": 2.5,
        "wave_order": 0.244,
        "spot_idx": 2
      },
      "geometry": {
        "type": "Polygon",
        "coordinates": [
          [
            [
              97.995,
              4.325
            ],
            [
              98.02,
              4.325
            ],
            [
              98.02,
              4.35
            ],
            [
              97.995,
              4.35
            ],
            [
              97.995,
              4.325
            ]
          ]
        ]
      }
    },
    {
      "type": "Feature",
      "properties": {
        "id": "Aceh Tamiang-351",
        "kabupaten": "Aceh Tamiang",
        "prov": "ACEH",
        "depth_m": 2.28,
        "wave_order": 0.243,
        "spot_idx": 2
      },
      "geometry": {
        "type": "Polygon",
        "coordinates": [
          [
            [
              97.995,
              4.35
            ],
            [
              98.02,
              4.35
            ],
            [
              98.02,
              4.375
            ],
            [
              97.995,
              4.375
            ],
            [
              97.995,
              4.35
            ]
          ]
        ]
      }
    },
    {
      "type": "Feature",
      "properties": {
        "id": "Aceh Tamiang-352",
        "kabupaten": "Aceh Tamiang",
        "prov": "ACEH",
        "depth_m": 2.31,
        "wave_order": 0.366,
        "spot_idx": 2
      },
      "geometry": {
        "type": "Polygon",
        "coordinates": [
          [
            [
              97.995,
              4.375
            ],
            [
              98.02,
              4.375
            ],
            [
              98.02,
              4.4
            ],
            [
              97.995,
              4.4
            ],
            [
              97.995,
              4.375
            ]
          ]
        ]
      }
    },
    {
      "type": "Feature",
      "properties": {
        "id": "Aceh Tamiang-353",
        "kabupaten": "Aceh Tamiang",
        "prov": "ACEH",
        "depth_m": 2.03,
        "wave_order": 0.384,
        "spot_idx": 2
      },
      "geometry": {
        "type": "Polygon",
        "coordinates": [
          [
            [
              97.995,
              4.4
            ],
            [
              98.02,
              4.4
            ],
            [
              98.02,
              4.425
            ],
            [
              97.995,
              4.425
            ],
            [
              97.995,
              4.4
            ]
          ]
        ]
      }
    },
    {
      "type": "Feature",
      "properties": {
        "id": "Aceh Tamiang-354",
        "kabupaten": "Aceh Tamiang",
        "prov": "ACEH",
        "depth_m": 2.05,
        "wave_order": 0.526,
        "spot_idx": 2
      },
      "geometry": {
        "type": "Polygon",
        "coordinates": [
          [
            [
              97.995,
              4.425
            ],
            [
              98.02,
              4.425
            ],
            [
              98.02,
              4.45
            ],
            [
              97.995,
              4.45
            ],
            [
              97.995,
              4.425
            ]
          ]
        ]
      }
    },
    {
      "type": "Feature",
      "properties": {
        "id": "Aceh Tamiang-355",
        "kabupaten": "Aceh Tamiang",
        "prov": "ACEH",
        "depth_m": 1.86,
        "wave_order": 0.554,
        "spot_idx": 2
      },
      "geometry": {
        "type": "Polygon",
        "coordinates": [
          [
            [
              98.02,
              4.15
            ],
            [
              98.045,
              4.15
            ],
            [
              98.045,
              4.175
            ],
            [
              98.02,
              4.175
            ],
            [
              98.02,
              4.15
            ]
          ]
        ]
      }
    },
    {
      "type": "Feature",
      "properties": {
        "id": "Aceh Tamiang-356",
        "kabupaten": "Aceh Tamiang",
        "prov": "ACEH",
        "depth_m": 2.01,
        "wave_order": 0.464,
        "spot_idx": 2
      },
      "geometry": {
        "type": "Polygon",
        "coordinates": [
          [
            [
              98.02,
              4.175
            ],
            [
              98.045,
              4.175
            ],
            [
              98.045,
              4.2
            ],
            [
              98.02,
              4.2
            ],
            [
              98.02,
              4.175
            ]
          ]
        ]
      }
    },
    {
      "type": "Feature",
      "properties": {
        "id": "Aceh Tamiang-357",
        "kabupaten": "Aceh Tamiang",
        "prov": "ACEH",
        "depth_m": 2.18,
        "wave_order": 0.383,
        "spot_idx": 2
      },
      "geometry": {
        "type": "Polygon",
        "coordinates": [
          [
            [
              98.02,
              4.2
            ],
            [
              98.045,
              4.2
            ],
            [
              98.045,
              4.225
            ],
            [
              98.02,
              4.225
            ],
            [
              98.02,
              4.2
            ]
          ]
        ]
      }
    },
    {
      "type": "Feature",
      "properties": {
        "id": "Aceh Tamiang-358",
        "kabupaten": "Aceh Tamiang",
        "prov": "ACEH",
        "depth_m": 2.29,
        "wave_order": 0.286,
        "spot_idx": 2
      },
      "geometry": {
        "type": "Polygon",
        "coordinates": [
          [
            [
              98.02,
              4.225
            ],
            [
              98.045,
              4.225
            ],
            [
              98.045,
              4.25
            ],
            [
              98.02,
              4.25
            ],
            [
              98.02,
              4.225
            ]
          ]
        ]
      }
    },
    {
      "type": "Feature",
      "properties": {
        "id": "Aceh Tamiang-359",
        "kabupaten": "Aceh Tamiang",
        "prov": "ACEH",
        "depth_m": 2.47,
        "wave_order": 0.221,
        "spot_idx": 2
      },
      "geometry": {
        "type": "Polygon",
        "coordinates": [
          [
            [
              98.02,
              4.25
            ],
            [
              98.045,
              4.25
            ],
            [
              98.045,
              4.275
            ],
            [
              98.02,
              4.275
            ],
            [
              98.02,
              4.25
            ]
          ]
        ]
      }
    },
    {
      "type": "Feature",
      "properties": {
        "id": "Aceh Tamiang-360",
        "kabupaten": "Aceh Tamiang",
        "prov": "ACEH",
        "depth_m": 2.53,
        "wave_order": 0.129,
        "spot_idx": 2
      },
      "geometry": {
        "type": "Polygon",
        "coordinates": [
          [
            [
              98.02,
              4.275
            ],
            [
              98.045,
              4.275
            ],
            [
              98.045,
              4.3
            ],
            [
              98.02,
              4.3
            ],
            [
              98.02,
              4.275
            ]
          ]
        ]
      }
    },
    {
      "type": "Feature",
      "properties": {
        "id": "Aceh Tamiang-361",
        "kabupaten": "Aceh Tamiang",
        "prov": "ACEH",
        "depth_m": 2.66,
        "wave_order": 0.123,
        "spot_idx": 2
      },
      "geometry": {
        "type": "Polygon",
        "coordinates": [
          [
            [
              98.02,
              4.3
            ],
            [
              98.045,
              4.3
            ],
            [
              98.045,
              4.325
            ],
            [
              98.02,
              4.325
            ],
            [
              98.02,
              4.3
            ]
          ]
        ]
      }
    },
    {
      "type": "Feature",
      "properties": {
        "id": "Aceh Tamiang-362",
        "kabupaten": "Aceh Tamiang",
        "prov": "ACEH",
        "depth_m": 2.52,
        "wave_order": 0.125,
        "spot_idx": 2
      },
      "geometry": {
        "type": "Polygon",
        "coordinates": [
          [
            [
              98.02,
              4.325
            ],
            [
              98.045,
              4.325
            ],
            [
              98.045,
              4.35
            ],
            [
              98.02,
              4.35
            ],
            [
              98.02,
              4.325
            ]
          ]
        ]
      }
    },
    {
      "type": "Feature",
      "properties": {
        "id": "Aceh Tamiang-363",
        "kabupaten": "Aceh Tamiang",
        "prov": "ACEH",
        "depth_m": 2.49,
        "wave_order": 0.229,
        "spot_idx": 2
      },
      "geometry": {
        "type": "Polygon",
        "coordinates": [
          [
            [
              98.02,
              4.35
            ],
            [
              98.045,
              4.35
            ],
            [
              98.045,
              4.375
            ],
            [
              98.02,
              4.375
            ],
            [
              98.02,
              4.35
            ]
          ]
        ]
      }
    },
    {
      "type": "Feature",
      "properties": {
        "id": "Aceh Tamiang-364",
        "kabupaten": "Aceh Tamiang",
        "prov": "ACEH",
        "depth_m": 2.26,
        "wave_order": 0.274,
        "spot_idx": 2
      },
      "geometry": {
        "type": "Polygon",
        "coordinates": [
          [
            [
              98.02,
              4.375
            ],
            [
              98.045,
              4.375
            ],
            [
              98.045,
              4.4
            ],
            [
              98.02,
              4.4
            ],
            [
              98.02,
              4.375
            ]
          ]
        ]
      }
    },
    {
      "type": "Feature",
      "properties": {
        "id": "Aceh Tamiang-365",
        "kabupaten": "Aceh Tamiang",
        "prov": "ACEH",
        "depth_m": 2.22,
        "wave_order": 0.399,
        "spot_idx": 2
      },
      "geometry": {
        "type": "Polygon",
        "coordinates": [
          [
            [
              98.02,
              4.4
            ],
            [
              98.045,
              4.4
            ],
            [
              98.045,
              4.425
            ],
            [
              98.02,
              4.425
            ],
            [
              98.02,
              4.4
            ]
          ]
        ]
      }
    },
    {
      "type": "Feature",
      "properties": {
        "id": "Aceh Tamiang-366",
        "kabupaten": "Aceh Tamiang",
        "prov": "ACEH",
        "depth_m": 1.96,
        "wave_order": 0.446,
        "spot_idx": 2
      },
      "geometry": {
        "type": "Polygon",
        "coordinates": [
          [
            [
              98.02,
              4.425
            ],
            [
              98.045,
              4.425
            ],
            [
              98.045,
              4.45
            ],
            [
              98.02,
              4.45
            ],
            [
              98.02,
              4.425
            ]
          ]
        ]
      }
    },
    {
      "type": "Feature",
      "properties": {
        "id": "Aceh Tamiang-367",
        "kabupaten": "Aceh Tamiang",
        "prov": "ACEH",
        "depth_m": 1.89,
        "wave_order": 0.545,
        "spot_idx": 2
      },
      "geometry": {
        "type": "Polygon",
        "coordinates": [
          [
            [
              98.045,
              4.15
            ],
            [
              98.07,
              4.15
            ],
            [
              98.07,
              4.175
            ],
            [
              98.045,
              4.175
            ],
            [
              98.045,
              4.15
            ]
          ]
        ]
      }
    },
    {
      "type": "Feature",
      "properties": {
        "id": "Aceh Tamiang-368",
        "kabupaten": "Aceh Tamiang",
        "prov": "ACEH",
        "depth_m": 2.04,
        "wave_order": 0.454,
        "spot_idx": 2
      },
      "geometry": {
        "type": "Polygon",
        "coordinates": [
          [
            [
              98.045,
              4.175
            ],
            [
              98.07,
              4.175
            ],
            [
              98.07,
              4.2
            ],
            [
              98.045,
              4.2
            ],
            [
              98.045,
              4.175
            ]
          ]
        ]
      }
    },
    {
      "type": "Feature",
      "properties": {
        "id": "Aceh Tamiang-369",
        "kabupaten": "Aceh Tamiang",
        "prov": "ACEH",
        "depth_m": 2.18,
        "wave_order": 0.361,
        "spot_idx": 2
      },
      "geometry": {
        "type": "Polygon",
        "coordinates": [
          [
            [
              98.045,
              4.2
            ],
            [
              98.07,
              4.2
            ],
            [
              98.07,
              4.225
            ],
            [
              98.045,
              4.225
            ],
            [
              98.045,
              4.2
            ]
          ]
        ]
      }
    },
    {
      "type": "Feature",
      "properties": {
        "id": "Aceh Tamiang-370",
        "kabupaten": "Aceh Tamiang",
        "prov": "ACEH",
        "depth_m": 2.35,
        "wave_order": 0.276,
        "spot_idx": 2
      },
      "geometry": {
        "type": "Polygon",
        "coordinates": [
          [
            [
              98.045,
              4.225
            ],
            [
              98.07,
              4.225
            ],
            [
              98.07,
              4.25
            ],
            [
              98.045,
              4.25
            ],
            [
              98.045,
              4.225
            ]
          ]
        ]
      }
    },
    {
      "type": "Feature",
      "properties": {
        "id": "Aceh Tamiang-371",
        "kabupaten": "Aceh Tamiang",
        "prov": "ACEH",
        "depth_m": 2.48,
        "wave_order": 0.177,
        "spot_idx": 2
      },
      "geometry": {
        "type": "Polygon",
        "coordinates": [
          [
            [
              98.045,
              4.25
            ],
            [
              98.07,
              4.25
            ],
            [
              98.07,
              4.275
            ],
            [
              98.045,
              4.275
            ],
            [
              98.045,
              4.25
            ]
          ]
        ]
      }
    },
    {
      "type": "Feature",
      "properties": {
        "id": "Aceh Tamiang-372",
        "kabupaten": "Aceh Tamiang",
        "prov": "ACEH",
        "depth_m": 2.66,
        "wave_order": 0.099,
        "spot_idx": 2
      },
      "geometry": {
        "type": "Polygon",
        "coordinates": [
          [
            [
              98.045,
              4.275
            ],
            [
              98.07,
              4.275
            ],
            [
              98.07,
              4.3
            ],
            [
              98.045,
              4.3
            ],
            [
              98.045,
              4.275
            ]
          ]
        ]
      }
    },
    {
      "type": "Feature",
      "properties": {
        "id": "Aceh Tamiang-373",
        "kabupaten": "Aceh Tamiang",
        "prov": "ACEH",
        "depth_m": 2.75,
        "wave_order": 0.011,
        "spot_idx": 2
      },
      "geometry": {
        "type": "Polygon",
        "coordinates": [
          [
            [
              98.045,
              4.3
            ],
            [
              98.07,
              4.3
            ],
            [
              98.07,
              4.325
            ],
            [
              98.045,
              4.325
            ],
            [
              98.045,
              4.3
            ]
          ]
        ]
      }
    },
    {
      "type": "Feature",
      "properties": {
        "id": "Aceh Tamiang-374",
        "kabupaten": "Aceh Tamiang",
        "prov": "ACEH",
        "depth_m": 2.67,
        "wave_order": 0.101,
        "spot_idx": 2
      },
      "geometry": {
        "type": "Polygon",
        "coordinates": [
          [
            [
              98.045,
              4.325
            ],
            [
              98.07,
              4.325
            ],
            [
              98.07,
              4.35
            ],
            [
              98.045,
              4.35
            ],
            [
              98.045,
              4.325
            ]
          ]
        ]
      }
    },
    {
      "type": "Feature",
      "properties": {
        "id": "Aceh Tamiang-375",
        "kabupaten": "Aceh Tamiang",
        "prov": "ACEH",
        "depth_m": 2.47,
        "wave_order": 0.173,
        "spot_idx": 2
      },
      "geometry": {
        "type": "Polygon",
        "coordinates": [
          [
            [
              98.045,
              4.35
            ],
            [
              98.07,
              4.35
            ],
            [
              98.07,
              4.375
            ],
            [
              98.045,
              4.375
            ],
            [
              98.045,
              4.35
            ]
          ]
        ]
      }
    },
    {
      "type": "Feature",
      "properties": {
        "id": "Aceh Tamiang-376",
        "kabupaten": "Aceh Tamiang",
        "prov": "ACEH",
        "depth_m": 2.37,
        "wave_order": 0.282,
        "spot_idx": 2
      },
      "geometry": {
        "type": "Polygon",
        "coordinates": [
          [
            [
              98.045,
              4.375
            ],
            [
              98.07,
              4.375
            ],
            [
              98.07,
              4.4
            ],
            [
              98.045,
              4.4
            ],
            [
              98.045,
              4.375
            ]
          ]
        ]
      }
    },
    {
      "type": "Feature",
      "properties": {
        "id": "Aceh Tamiang-377",
        "kabupaten": "Aceh Tamiang",
        "prov": "ACEH",
        "depth_m": 2.16,
        "wave_order": 0.353,
        "spot_idx": 2
      },
      "geometry": {
        "type": "Polygon",
        "coordinates": [
          [
            [
              98.045,
              4.4
            ],
            [
              98.07,
              4.4
            ],
            [
              98.07,
              4.425
            ],
            [
              98.045,
              4.425
            ],
            [
              98.045,
              4.4
            ]
          ]
        ]
      }
    },
    {
      "type": "Feature",
      "properties": {
        "id": "Aceh Tamiang-378",
        "kabupaten": "Aceh Tamiang",
        "prov": "ACEH",
        "depth_m": 2.06,
        "wave_order": 0.464,
        "spot_idx": 2
      },
      "geometry": {
        "type": "Polygon",
        "coordinates": [
          [
            [
              98.045,
              4.425
            ],
            [
              98.07,
              4.425
            ],
            [
              98.07,
              4.45
            ],
            [
              98.045,
              4.45
            ],
            [
              98.045,
              4.425
            ]
          ]
        ]
      }
    },
    {
      "type": "Feature",
      "properties": {
        "id": "Aceh Tamiang-379",
        "kabupaten": "Aceh Tamiang",
        "prov": "ACEH",
        "depth_m": 1.88,
        "wave_order": 0.549,
        "spot_idx": 2
      },
      "geometry": {
        "type": "Polygon",
        "coordinates": [
          [
            [
              98.07,
              4.15
            ],
            [
              98.095,
              4.15
            ],
            [
              98.095,
              4.175
            ],
            [
              98.07,
              4.175
            ],
            [
              98.07,
              4.15
            ]
          ]
        ]
      }
    },
    {
      "type": "Feature",
      "properties": {
        "id": "Aceh Tamiang-380",
        "kabupaten": "Aceh Tamiang",
        "prov": "ACEH",
        "depth_m": 2.03,
        "wave_order": 0.459,
        "spot_idx": 2
      },
      "geometry": {
        "type": "Polygon",
        "coordinates": [
          [
            [
              98.07,
              4.175
            ],
            [
              98.095,
              4.175
            ],
            [
              98.095,
              4.2
            ],
            [
              98.07,
              4.2
            ],
            [
              98.07,
              4.175
            ]
          ]
        ]
      }
    },
    {
      "type": "Feature",
      "properties": {
        "id": "Aceh Tamiang-381",
        "kabupaten": "Aceh Tamiang",
        "prov": "ACEH",
        "depth_m": 2.18,
        "wave_order": 0.37,
        "spot_idx": 2
      },
      "geometry": {
        "type": "Polygon",
        "coordinates": [
          [
            [
              98.07,
              4.2
            ],
            [
              98.095,
              4.2
            ],
            [
              98.095,
              4.225
            ],
            [
              98.07,
              4.225
            ],
            [
              98.07,
              4.2
            ]
          ]
        ]
      }
    },
    {
      "type": "Feature",
      "properties": {
        "id": "Aceh Tamiang-382",
        "kabupaten": "Aceh Tamiang",
        "prov": "ACEH",
        "depth_m": 2.33,
        "wave_order": 0.282,
        "spot_idx": 2
      },
      "geometry": {
        "type": "Polygon",
        "coordinates": [
          [
            [
              98.07,
              4.225
            ],
            [
              98.095,
              4.225
            ],
            [
              98.095,
              4.25
            ],
            [
              98.07,
              4.25
            ],
            [
              98.07,
              4.225
            ]
          ]
        ]
      }
    },
    {
      "type": "Feature",
      "properties": {
        "id": "Aceh Tamiang-383",
        "kabupaten": "Aceh Tamiang",
        "prov": "ACEH",
        "depth_m": 2.47,
        "wave_order": 0.195,
        "spot_idx": 2
      },
      "geometry": {
        "type": "Polygon",
        "coordinates": [
          [
            [
              98.07,
              4.25
            ],
            [
              98.095,
              4.25
            ],
            [
              98.095,
              4.275
            ],
            [
              98.07,
              4.275
            ],
            [
              98.07,
              4.25
            ]
          ]
        ]
      }
    },
    {
      "type": "Feature",
      "properties": {
        "id": "Aceh Tamiang-384",
        "kabupaten": "Aceh Tamiang",
        "prov": "ACEH",
        "depth_m": 2.61,
        "wave_order": 0.116,
        "spot_idx": 2
      },
      "geometry": {
        "type": "Polygon",
        "coordinates": [
          [
            [
              98.07,
              4.275
            ],
            [
              98.095,
              4.275
            ],
            [
              98.095,
              4.3
            ],
            [
              98.07,
              4.3
            ],
            [
              98.07,
              4.275
            ]
          ]
        ]
      }
    },
    {
      "type": "Feature",
      "properties": {
        "id": "Aceh Tamiang-385",
        "kabupaten": "Aceh Tamiang",
        "prov": "ACEH",
        "depth_m": 2.68,
        "wave_order": 0.072,
        "spot_idx": 2
      },
      "geometry": {
        "type": "Polygon",
        "coordinates": [
          [
            [
              98.07,
              4.3
            ],
            [
              98.095,
              4.3
            ],
            [
              98.095,
              4.325
            ],
            [
              98.07,
              4.325
            ],
            [
              98.07,
              4.3
            ]
          ]
        ]
      }
    },
    {
      "type": "Feature",
      "properties": {
        "id": "Aceh Tamiang-386",
        "kabupaten": "Aceh Tamiang",
        "prov": "ACEH",
        "depth_m": 2.61,
        "wave_order": 0.116,
        "spot_idx": 2
      },
      "geometry": {
        "type": "Polygon",
        "coordinates": [
          [
            [
              98.07,
              4.325
            ],
            [
              98.095,
              4.325
            ],
            [
              98.095,
              4.35
            ],
            [
              98.07,
              4.35
            ],
            [
              98.07,
              4.325
            ]
          ]
        ]
      }
    },
    {
      "type": "Feature",
      "properties": {
        "id": "Aceh Tamiang-387",
        "kabupaten": "Aceh Tamiang",
        "prov": "ACEH",
        "depth_m": 2.47,
        "wave_order": 0.195,
        "spot_idx": 2
      },
      "geometry": {
        "type": "Polygon",
        "coordinates": [
          [
            [
              98.07,
              4.35
            ],
            [
              98.095,
              4.35
            ],
            [
              98.095,
              4.375
            ],
            [
              98.07,
              4.375
            ],
            [
              98.07,
              4.35
            ]
          ]
        ]
      }
    },
    {
      "type": "Feature",
      "properties": {
        "id": "Aceh Tamiang-388",
        "kabupaten": "Aceh Tamiang",
        "prov": "ACEH",
        "depth_m": 2.33,
        "wave_order": 0.282,
        "spot_idx": 2
      },
      "geometry": {
        "type": "Polygon",
        "coordinates": [
          [
            [
              98.07,
              4.375
            ],
            [
              98.095,
              4.375
            ],
            [
              98.095,
              4.4
            ],
            [
              98.07,
              4.4
            ],
            [
              98.07,
              4.375
            ]
          ]
        ]
      }
    },
    {
      "type": "Feature",
      "properties": {
        "id": "Aceh Tamiang-389",
        "kabupaten": "Aceh Tamiang",
        "prov": "ACEH",
        "depth_m": 2.18,
        "wave_order": 0.369,
        "spot_idx": 2
      },
      "geometry": {
        "type": "Polygon",
        "coordinates": [
          [
            [
              98.07,
              4.4
            ],
            [
              98.095,
              4.4
            ],
            [
              98.095,
              4.425
            ],
            [
              98.07,
              4.425
            ],
            [
              98.07,
              4.4
            ]
          ]
        ]
      }
    },
    {
      "type": "Feature",
      "properties": {
        "id": "Aceh Tamiang-390",
        "kabupaten": "Aceh Tamiang",
        "prov": "ACEH",
        "depth_m": 2.03,
        "wave_order": 0.459,
        "spot_idx": 2
      },
      "geometry": {
        "type": "Polygon",
        "coordinates": [
          [
            [
              98.07,
              4.425
            ],
            [
              98.095,
              4.425
            ],
            [
              98.095,
              4.45
            ],
            [
              98.07,
              4.45
            ],
            [
              98.07,
              4.425
            ]
          ]
        ]
      }
    },
    {
      "type": "Feature",
      "properties": {
        "id": "Aceh Tamiang-391",
        "kabupaten": "Aceh Tamiang",
        "prov": "ACEH",
        "depth_m": 1.84,
        "wave_order": 0.567,
        "spot_idx": 2
      },
      "geometry": {
        "type": "Polygon",
        "coordinates": [
          [
            [
              98.095,
              4.15
            ],
            [
              98.12,
              4.15
            ],
            [
              98.12,
              4.175
            ],
            [
              98.095,
              4.175
            ],
            [
              98.095,
              4.15
            ]
          ]
        ]
      }
    },
    {
      "type": "Feature",
      "properties": {
        "id": "Aceh Tamiang-392",
        "kabupaten": "Aceh Tamiang",
        "prov": "ACEH",
        "depth_m": 1.99,
        "wave_order": 0.481,
        "spot_idx": 2
      },
      "geometry": {
        "type": "Polygon",
        "coordinates": [
          [
            [
              98.095,
              4.175
            ],
            [
              98.12,
              4.175
            ],
            [
              98.12,
              4.2
            ],
            [
              98.095,
              4.2
            ],
            [
              98.095,
              4.175
            ]
          ]
        ]
      }
    },
    {
      "type": "Feature",
      "properties": {
        "id": "Aceh Tamiang-393",
        "kabupaten": "Aceh Tamiang",
        "prov": "ACEH",
        "depth_m": 2.14,
        "wave_order": 0.4,
        "spot_idx": 2
      },
      "geometry": {
        "type": "Polygon",
        "coordinates": [
          [
            [
              98.095,
              4.2
            ],
            [
              98.12,
              4.2
            ],
            [
              98.12,
              4.225
            ],
            [
              98.095,
              4.225
            ],
            [
              98.095,
              4.2
            ]
          ]
        ]
      }
    },
    {
      "type": "Feature",
      "properties": {
        "id": "Aceh Tamiang-394",
        "kabupaten": "Aceh Tamiang",
        "prov": "ACEH",
        "depth_m": 2.26,
        "wave_order": 0.313,
        "spot_idx": 2
      },
      "geometry": {
        "type": "Polygon",
        "coordinates": [
          [
            [
              98.095,
              4.225
            ],
            [
              98.12,
              4.225
            ],
            [
              98.12,
              4.25
            ],
            [
              98.095,
              4.25
            ],
            [
              98.095,
              4.225
            ]
          ]
        ]
      }
    },
    {
      "type": "Feature",
      "properties": {
        "id": "Aceh Tamiang-395",
        "kabupaten": "Aceh Tamiang",
        "prov": "ACEH",
        "depth_m": 2.4,
        "wave_order": 0.249,
        "spot_idx": 2
      },
      "geometry": {
        "type": "Polygon",
        "coordinates": [
          [
            [
              98.095,
              4.25
            ],
            [
              98.12,
              4.25
            ],
            [
              98.12,
              4.275
            ],
            [
              98.095,
              4.275
            ],
            [
              98.095,
              4.25
            ]
          ]
        ]
      }
    },
    {
      "type": "Feature",
      "properties": {
        "id": "Aceh Tamiang-396",
        "kabupaten": "Aceh Tamiang",
        "prov": "ACEH",
        "depth_m": 2.47,
        "wave_order": 0.18,
        "spot_idx": 2
      },
      "geometry": {
        "type": "Polygon",
        "coordinates": [
          [
            [
              98.095,
              4.275
            ],
            [
              98.12,
              4.275
            ],
            [
              98.12,
              4.3
            ],
            [
              98.095,
              4.3
            ],
            [
              98.095,
              4.275
            ]
          ]
        ]
      }
    },
    {
      "type": "Feature",
      "properties": {
        "id": "Aceh Tamiang-397",
        "kabupaten": "Aceh Tamiang",
        "prov": "ACEH",
        "depth_m": 2.55,
        "wave_order": 0.171,
        "spot_idx": 2
      },
      "geometry": {
        "type": "Polygon",
        "coordinates": [
          [
            [
              98.095,
              4.3
            ],
            [
              98.12,
              4.3
            ],
            [
              98.12,
              4.325
            ],
            [
              98.095,
              4.325
            ],
            [
              98.095,
              4.3
            ]
          ]
        ]
      }
    },
    {
      "type": "Feature",
      "properties": {
        "id": "Aceh Tamiang-398",
        "kabupaten": "Aceh Tamiang",
        "prov": "ACEH",
        "depth_m": 2.46,
        "wave_order": 0.178,
        "spot_idx": 2
      },
      "geometry": {
        "type": "Polygon",
        "coordinates": [
          [
            [
              98.095,
              4.325
            ],
            [
              98.12,
              4.325
            ],
            [
              98.12,
              4.35
            ],
            [
              98.095,
              4.35
            ],
            [
              98.095,
              4.325
            ]
          ]
        ]
      }
    },
    {
      "type": "Feature",
      "properties": {
        "id": "Aceh Tamiang-399",
        "kabupaten": "Aceh Tamiang",
        "prov": "ACEH",
        "depth_m": 2.42,
        "wave_order": 0.254,
        "spot_idx": 2
      },
      "geometry": {
        "type": "Polygon",
        "coordinates": [
          [
            [
              98.095,
              4.35
            ],
            [
              98.12,
              4.35
            ],
            [
              98.12,
              4.375
            ],
            [
              98.095,
              4.375
            ],
            [
              98.095,
              4.35
            ]
          ]
        ]
      }
    },
    {
      "type": "Feature",
      "properties": {
        "id": "Aceh Tamiang-400",
        "kabupaten": "Aceh Tamiang",
        "prov": "ACEH",
        "depth_m": 2.24,
        "wave_order": 0.307,
        "spot_idx": 2
      },
      "geometry": {
        "type": "Polygon",
        "coordinates": [
          [
            [
              98.095,
              4.375
            ],
            [
              98.12,
              4.375
            ],
            [
              98.12,
              4.4
            ],
            [
              98.095,
              4.4
            ],
            [
              98.095,
              4.375
            ]
          ]
        ]
      }
    },
    {
      "type": "Feature",
      "properties": {
        "id": "Aceh Tamiang-401",
        "kabupaten": "Aceh Tamiang",
        "prov": "ACEH",
        "depth_m": 2.16,
        "wave_order": 0.408,
        "spot_idx": 2
      },
      "geometry": {
        "type": "Polygon",
        "coordinates": [
          [
            [
              98.095,
              4.4
            ],
            [
              98.12,
              4.4
            ],
            [
              98.12,
              4.425
            ],
            [
              98.095,
              4.425
            ],
            [
              98.095,
              4.4
            ]
          ]
        ]
      }
    },
    {
      "type": "Feature",
      "properties": {
        "id": "Aceh Tamiang-402",
        "kabupaten": "Aceh Tamiang",
        "prov": "ACEH",
        "depth_m": 1.96,
        "wave_order": 0.471,
        "spot_idx": 2
      },
      "geometry": {
        "type": "Polygon",
        "coordinates": [
          [
            [
              98.095,
              4.425
            ],
            [
              98.12,
              4.425
            ],
            [
              98.12,
              4.45
            ],
            [
              98.095,
              4.45
            ],
            [
              98.095,
              4.425
            ]
          ]
        ]
      }
    },
    {
      "type": "Feature",
      "properties": {
        "id": "Aceh Tamiang-403",
        "kabupaten": "Aceh Tamiang",
        "prov": "ACEH",
        "depth_m": 1.79,
        "wave_order": 0.601,
        "spot_idx": 2
      },
      "geometry": {
        "type": "Polygon",
        "coordinates": [
          [
            [
              98.12,
              4.15
            ],
            [
              98.145,
              4.15
            ],
            [
              98.145,
              4.175
            ],
            [
              98.12,
              4.175
            ],
            [
              98.12,
              4.15
            ]
          ]
        ]
      }
    },
    {
      "type": "Feature",
      "properties": {
        "id": "Aceh Tamiang-404",
        "kabupaten": "Aceh Tamiang",
        "prov": "ACEH",
        "depth_m": 1.93,
        "wave_order": 0.521,
        "spot_idx": 2
      },
      "geometry": {
        "type": "Polygon",
        "coordinates": [
          [
            [
              98.12,
              4.175
            ],
            [
              98.145,
              4.175
            ],
            [
              98.145,
              4.2
            ],
            [
              98.12,
              4.2
            ],
            [
              98.12,
              4.175
            ]
          ]
        ]
      }
    },
    {
      "type": "Feature",
      "properties": {
        "id": "Aceh Tamiang-405",
        "kabupaten": "Aceh Tamiang",
        "prov": "ACEH",
        "depth_m": 2.04,
        "wave_order": 0.438,
        "spot_idx": 2
      },
      "geometry": {
        "type": "Polygon",
        "coordinates": [
          [
            [
              98.12,
              4.2
            ],
            [
              98.145,
              4.2
            ],
            [
              98.145,
              4.225
            ],
            [
              98.12,
              4.225
            ],
            [
              98.12,
              4.2
            ]
          ]
        ]
      }
    },
    {
      "type": "Feature",
      "properties": {
        "id": "Aceh Tamiang-406",
        "kabupaten": "Aceh Tamiang",
        "prov": "ACEH",
        "depth_m": 2.2,
        "wave_order": 0.38,
        "spot_idx": 2
      },
      "geometry": {
        "type": "Polygon",
        "coordinates": [
          [
            [
              98.12,
              4.225
            ],
            [
              98.145,
              4.225
            ],
            [
              98.145,
              4.25
            ],
            [
              98.12,
              4.25
            ],
            [
              98.12,
              4.225
            ]
          ]
        ]
      }
    },
    {
      "type": "Feature",
      "properties": {
        "id": "Aceh Tamiang-407",
        "kabupaten": "Aceh Tamiang",
        "prov": "ACEH",
        "depth_m": 2.25,
        "wave_order": 0.302,
        "spot_idx": 2
      },
      "geometry": {
        "type": "Polygon",
        "coordinates": [
          [
            [
              98.12,
              4.25
            ],
            [
              98.145,
              4.25
            ],
            [
              98.145,
              4.275
            ],
            [
              98.12,
              4.275
            ],
            [
              98.12,
              4.25
            ]
          ]
        ]
      }
    },
    {
      "type": "Feature",
      "properties": {
        "id": "Aceh Tamiang-408",
        "kabupaten": "Aceh Tamiang",
        "prov": "ACEH",
        "depth_m": 2.38,
        "wave_order": 0.282,
        "spot_idx": 2
      },
      "geometry": {
        "type": "Polygon",
        "coordinates": [
          [
            [
              98.12,
              4.275
            ],
            [
              98.145,
              4.275
            ],
            [
              98.145,
              4.3
            ],
            [
              98.12,
              4.3
            ],
            [
              98.12,
              4.275
            ]
          ]
        ]
      }
    },
    {
      "type": "Feature",
      "properties": {
        "id": "Aceh Tamiang-409",
        "kabupaten": "Aceh Tamiang",
        "prov": "ACEH",
        "depth_m": 2.33,
        "wave_order": 0.239,
        "spot_idx": 2
      },
      "geometry": {
        "type": "Polygon",
        "coordinates": [
          [
            [
              98.12,
              4.3
            ],
            [
              98.145,
              4.3
            ],
            [
              98.145,
              4.325
            ],
            [
              98.12,
              4.325
            ],
            [
              98.12,
              4.3
            ]
          ]
        ]
      }
    },
    {
      "type": "Feature",
      "properties": {
        "id": "Aceh Tamiang-410",
        "kabupaten": "Aceh Tamiang",
        "prov": "ACEH",
        "depth_m": 2.39,
        "wave_order": 0.287,
        "spot_idx": 2
      },
      "geometry": {
        "type": "Polygon",
        "coordinates": [
          [
            [
              98.12,
              4.325
            ],
            [
              98.145,
              4.325
            ],
            [
              98.145,
              4.35
            ],
            [
              98.12,
              4.35
            ],
            [
              98.12,
              4.325
            ]
          ]
        ]
      }
    },
    {
      "type": "Feature",
      "properties": {
        "id": "Aceh Tamiang-411",
        "kabupaten": "Aceh Tamiang",
        "prov": "ACEH",
        "depth_m": 2.23,
        "wave_order": 0.293,
        "spot_idx": 2
      },
      "geometry": {
        "type": "Polygon",
        "coordinates": [
          [
            [
              98.12,
              4.35
            ],
            [
              98.145,
              4.35
            ],
            [
              98.145,
              4.375
            ],
            [
              98.12,
              4.375
            ],
            [
              98.12,
              4.35
            ]
          ]
        ]
      }
    },
    {
      "type": "Feature",
      "properties": {
        "id": "Aceh Tamiang-412",
        "kabupaten": "Aceh Tamiang",
        "prov": "ACEH",
        "depth_m": 2.23,
        "wave_order": 0.392,
        "spot_idx": 2
      },
      "geometry": {
        "type": "Polygon",
        "coordinates": [
          [
            [
              98.12,
              4.375
            ],
            [
              98.145,
              4.375
            ],
            [
              98.145,
              4.4
            ],
            [
              98.12,
              4.4
            ],
            [
              98.12,
              4.375
            ]
          ]
        ]
      }
    },
    {
      "type": "Feature",
      "properties": {
        "id": "Aceh Tamiang-413",
        "kabupaten": "Aceh Tamiang",
        "prov": "ACEH",
        "depth_m": 2,
        "wave_order": 0.422,
        "spot_idx": 2
      },
      "geometry": {
        "type": "Polygon",
        "coordinates": [
          [
            [
              98.12,
              4.4
            ],
            [
              98.145,
              4.4
            ],
            [
              98.145,
              4.425
            ],
            [
              98.12,
              4.425
            ],
            [
              98.12,
              4.4
            ]
          ]
        ]
      }
    },
    {
      "type": "Feature",
      "properties": {
        "id": "Aceh Tamiang-414",
        "kabupaten": "Aceh Tamiang",
        "prov": "ACEH",
        "depth_m": 1.98,
        "wave_order": 0.541,
        "spot_idx": 2
      },
      "geometry": {
        "type": "Polygon",
        "coordinates": [
          [
            [
              98.12,
              4.425
            ],
            [
              98.145,
              4.425
            ],
            [
              98.145,
              4.45
            ],
            [
              98.12,
              4.45
            ],
            [
              98.12,
              4.425
            ]
          ]
        ]
      }
    },
    {
      "type": "Feature",
      "properties": {
        "id": "Aceh Tamiang-415",
        "kabupaten": "Aceh Tamiang",
        "prov": "ACEH",
        "depth_m": 1.71,
        "wave_order": 0.642,
        "spot_idx": 2
      },
      "geometry": {
        "type": "Polygon",
        "coordinates": [
          [
            [
              98.145,
              4.15
            ],
            [
              98.17,
              4.15
            ],
            [
              98.17,
              4.175
            ],
            [
              98.145,
              4.175
            ],
            [
              98.145,
              4.15
            ]
          ]
        ]
      }
    },
    {
      "type": "Feature",
      "properties": {
        "id": "Aceh Tamiang-416",
        "kabupaten": "Aceh Tamiang",
        "prov": "ACEH",
        "depth_m": 1.84,
        "wave_order": 0.567,
        "spot_idx": 2
      },
      "geometry": {
        "type": "Polygon",
        "coordinates": [
          [
            [
              98.145,
              4.175
            ],
            [
              98.17,
              4.175
            ],
            [
              98.17,
              4.2
            ],
            [
              98.145,
              4.2
            ],
            [
              98.145,
              4.175
            ]
          ]
        ]
      }
    },
    {
      "type": "Feature",
      "properties": {
        "id": "Aceh Tamiang-417",
        "kabupaten": "Aceh Tamiang",
        "prov": "ACEH",
        "depth_m": 1.98,
        "wave_order": 0.507,
        "spot_idx": 2
      },
      "geometry": {
        "type": "Polygon",
        "coordinates": [
          [
            [
              98.145,
              4.2
            ],
            [
              98.17,
              4.2
            ],
            [
              98.17,
              4.225
            ],
            [
              98.145,
              4.225
            ],
            [
              98.145,
              4.2
            ]
          ]
        ]
      }
    },
    {
      "type": "Feature",
      "properties": {
        "id": "Aceh Tamiang-418",
        "kabupaten": "Aceh Tamiang",
        "prov": "ACEH",
        "depth_m": 2.03,
        "wave_order": 0.428,
        "spot_idx": 2
      },
      "geometry": {
        "type": "Polygon",
        "coordinates": [
          [
            [
              98.145,
              4.225
            ],
            [
              98.17,
              4.225
            ],
            [
              98.17,
              4.25
            ],
            [
              98.145,
              4.25
            ],
            [
              98.145,
              4.225
            ]
          ]
        ]
      }
    },
    {
      "type": "Feature",
      "properties": {
        "id": "Aceh Tamiang-419",
        "kabupaten": "Aceh Tamiang",
        "prov": "ACEH",
        "depth_m": 2.19,
        "wave_order": 0.405,
        "spot_idx": 2
      },
      "geometry": {
        "type": "Polygon",
        "coordinates": [
          [
            [
              98.145,
              4.25
            ],
            [
              98.17,
              4.25
            ],
            [
              98.17,
              4.275
            ],
            [
              98.145,
              4.275
            ],
            [
              98.145,
              4.25
            ]
          ]
        ]
      }
    },
    {
      "type": "Feature",
      "properties": {
        "id": "Aceh Tamiang-420",
        "kabupaten": "Aceh Tamiang",
        "prov": "ACEH",
        "depth_m": 2.15,
        "wave_order": 0.337,
        "spot_idx": 2
      },
      "geometry": {
        "type": "Polygon",
        "coordinates": [
          [
            [
              98.145,
              4.275
            ],
            [
              98.17,
              4.275
            ],
            [
              98.17,
              4.3
            ],
            [
              98.145,
              4.3
            ],
            [
              98.145,
              4.275
            ]
          ]
        ]
      }
    },
    {
      "type": "Feature",
      "properties": {
        "id": "Aceh Tamiang-421",
        "kabupaten": "Aceh Tamiang",
        "prov": "ACEH",
        "depth_m": 2.28,
        "wave_order": 0.367,
        "spot_idx": 2
      },
      "geometry": {
        "type": "Polygon",
        "coordinates": [
          [
            [
              98.145,
              4.3
            ],
            [
              98.17,
              4.3
            ],
            [
              98.17,
              4.325
            ],
            [
              98.145,
              4.325
            ],
            [
              98.145,
              4.3
            ]
          ]
        ]
      }
    },
    {
      "type": "Feature",
      "properties": {
        "id": "Aceh Tamiang-422",
        "kabupaten": "Aceh Tamiang",
        "prov": "ACEH",
        "depth_m": 2.13,
        "wave_order": 0.331,
        "spot_idx": 2
      },
      "geometry": {
        "type": "Polygon",
        "coordinates": [
          [
            [
              98.145,
              4.325
            ],
            [
              98.17,
              4.325
            ],
            [
              98.17,
              4.35
            ],
            [
              98.145,
              4.35
            ],
            [
              98.145,
              4.325
            ]
          ]
        ]
      }
    },
    {
      "type": "Feature",
      "properties": {
        "id": "Aceh Tamiang-423",
        "kabupaten": "Aceh Tamiang",
        "prov": "ACEH",
        "depth_m": 2.22,
        "wave_order": 0.417,
        "spot_idx": 2
      },
      "geometry": {
        "type": "Polygon",
        "coordinates": [
          [
            [
              98.145,
              4.35
            ],
            [
              98.17,
              4.35
            ],
            [
              98.17,
              4.375
            ],
            [
              98.145,
              4.375
            ],
            [
              98.145,
              4.35
            ]
          ]
        ]
      }
    },
    {
      "type": "Feature",
      "properties": {
        "id": "Aceh Tamiang-424",
        "kabupaten": "Aceh Tamiang",
        "prov": "ACEH",
        "depth_m": 1.98,
        "wave_order": 0.41,
        "spot_idx": 2
      },
      "geometry": {
        "type": "Polygon",
        "coordinates": [
          [
            [
              98.145,
              4.375
            ],
            [
              98.17,
              4.375
            ],
            [
              98.17,
              4.4
            ],
            [
              98.145,
              4.4
            ],
            [
              98.145,
              4.375
            ]
          ]
        ]
      }
    },
    {
      "type": "Feature",
      "properties": {
        "id": "Aceh Tamiang-425",
        "kabupaten": "Aceh Tamiang",
        "prov": "ACEH",
        "depth_m": 2.04,
        "wave_order": 0.531,
        "spot_idx": 2
      },
      "geometry": {
        "type": "Polygon",
        "coordinates": [
          [
            [
              98.145,
              4.4
            ],
            [
              98.17,
              4.4
            ],
            [
              98.17,
              4.425
            ],
            [
              98.145,
              4.425
            ],
            [
              98.145,
              4.4
            ]
          ]
        ]
      }
    },
    {
      "type": "Feature",
      "properties": {
        "id": "Aceh Tamiang-426",
        "kabupaten": "Aceh Tamiang",
        "prov": "ACEH",
        "depth_m": 1.76,
        "wave_order": 0.538,
        "spot_idx": 2
      },
      "geometry": {
        "type": "Polygon",
        "coordinates": [
          [
            [
              98.145,
              4.425
            ],
            [
              98.17,
              4.425
            ],
            [
              98.17,
              4.45
            ],
            [
              98.145,
              4.45
            ],
            [
              98.145,
              4.425
            ]
          ]
        ]
      }
    },
    {
      "type": "Feature",
      "properties": {
        "id": "Aceh Tamiang-427",
        "kabupaten": "Aceh Tamiang",
        "prov": "ACEH",
        "depth_m": 1.64,
        "wave_order": 0.699,
        "spot_idx": 2
      },
      "geometry": {
        "type": "Polygon",
        "coordinates": [
          [
            [
              98.17,
              4.15
            ],
            [
              98.195,
              4.15
            ],
            [
              98.195,
              4.175
            ],
            [
              98.17,
              4.175
            ],
            [
              98.17,
              4.15
            ]
          ]
        ]
      }
    },
    {
      "type": "Feature",
      "properties": {
        "id": "Aceh Tamiang-428",
        "kabupaten": "Aceh Tamiang",
        "prov": "ACEH",
        "depth_m": 1.75,
        "wave_order": 0.632,
        "spot_idx": 2
      },
      "geometry": {
        "type": "Polygon",
        "coordinates": [
          [
            [
              98.17,
              4.175
            ],
            [
              98.195,
              4.175
            ],
            [
              98.195,
              4.2
            ],
            [
              98.17,
              4.2
            ],
            [
              98.17,
              4.175
            ]
          ]
        ]
      }
    },
    {
      "type": "Feature",
      "properties": {
        "id": "Aceh Tamiang-429",
        "kabupaten": "Aceh Tamiang",
        "prov": "ACEH",
        "depth_m": 1.82,
        "wave_order": 0.557,
        "spot_idx": 2
      },
      "geometry": {
        "type": "Polygon",
        "coordinates": [
          [
            [
              98.17,
              4.2
            ],
            [
              98.195,
              4.2
            ],
            [
              98.195,
              4.225
            ],
            [
              98.17,
              4.225
            ],
            [
              98.17,
              4.2
            ]
          ]
        ]
      }
    },
    {
      "type": "Feature",
      "properties": {
        "id": "Aceh Tamiang-430",
        "kabupaten": "Aceh Tamiang",
        "prov": "ACEH",
        "depth_m": 1.98,
        "wave_order": 0.528,
        "spot_idx": 2
      },
      "geometry": {
        "type": "Polygon",
        "coordinates": [
          [
            [
              98.17,
              4.225
            ],
            [
              98.195,
              4.225
            ],
            [
              98.195,
              4.25
            ],
            [
              98.17,
              4.25
            ],
            [
              98.17,
              4.225
            ]
          ]
        ]
      }
    },
    {
      "type": "Feature",
      "properties": {
        "id": "Aceh Tamiang-431",
        "kabupaten": "Aceh Tamiang",
        "prov": "ACEH",
        "depth_m": 1.96,
        "wave_order": 0.452,
        "spot_idx": 2
      },
      "geometry": {
        "type": "Polygon",
        "coordinates": [
          [
            [
              98.17,
              4.25
            ],
            [
              98.195,
              4.25
            ],
            [
              98.195,
              4.275
            ],
            [
              98.17,
              4.275
            ],
            [
              98.17,
              4.25
            ]
          ]
        ]
      }
    },
    {
      "type": "Feature",
      "properties": {
        "id": "Aceh Tamiang-432",
        "kabupaten": "Aceh Tamiang",
        "prov": "ACEH",
        "depth_m": 2.12,
        "wave_order": 0.469,
        "spot_idx": 2
      },
      "geometry": {
        "type": "Polygon",
        "coordinates": [
          [
            [
              98.17,
              4.275
            ],
            [
              98.195,
              4.275
            ],
            [
              98.195,
              4.3
            ],
            [
              98.17,
              4.3
            ],
            [
              98.17,
              4.275
            ]
          ]
        ]
      }
    },
    {
      "type": "Feature",
      "properties": {
        "id": "Aceh Tamiang-433",
        "kabupaten": "Aceh Tamiang",
        "prov": "ACEH",
        "depth_m": 1.99,
        "wave_order": 0.406,
        "spot_idx": 2
      },
      "geometry": {
        "type": "Polygon",
        "coordinates": [
          [
            [
              98.17,
              4.3
            ],
            [
              98.195,
              4.3
            ],
            [
              98.195,
              4.325
            ],
            [
              98.17,
              4.325
            ],
            [
              98.17,
              4.3
            ]
          ]
        ]
      }
    },
    {
      "type": "Feature",
      "properties": {
        "id": "Aceh Tamiang-434",
        "kabupaten": "Aceh Tamiang",
        "prov": "ACEH",
        "depth_m": 2.14,
        "wave_order": 0.477,
        "spot_idx": 2
      },
      "geometry": {
        "type": "Polygon",
        "coordinates": [
          [
            [
              98.17,
              4.325
            ],
            [
              98.195,
              4.325
            ],
            [
              98.195,
              4.35
            ],
            [
              98.17,
              4.35
            ],
            [
              98.17,
              4.325
            ]
          ]
        ]
      }
    },
    {
      "type": "Feature",
      "properties": {
        "id": "Aceh Tamiang-435",
        "kabupaten": "Aceh Tamiang",
        "prov": "ACEH",
        "depth_m": 1.91,
        "wave_order": 0.436,
        "spot_idx": 2
      },
      "geometry": {
        "type": "Polygon",
        "coordinates": [
          [
            [
              98.17,
              4.35
            ],
            [
              98.195,
              4.35
            ],
            [
              98.195,
              4.375
            ],
            [
              98.17,
              4.375
            ],
            [
              98.17,
              4.35
            ]
          ]
        ]
      }
    },
    {
      "type": "Feature",
      "properties": {
        "id": "Aceh Tamiang-436",
        "kabupaten": "Aceh Tamiang",
        "prov": "ACEH",
        "depth_m": 2.04,
        "wave_order": 0.551,
        "spot_idx": 2
      },
      "geometry": {
        "type": "Polygon",
        "coordinates": [
          [
            [
              98.17,
              4.375
            ],
            [
              98.195,
              4.375
            ],
            [
              98.195,
              4.4
            ],
            [
              98.17,
              4.4
            ],
            [
              98.17,
              4.375
            ]
          ]
        ]
      }
    },
    {
      "type": "Feature",
      "properties": {
        "id": "Aceh Tamiang-437",
        "kabupaten": "Aceh Tamiang",
        "prov": "ACEH",
        "depth_m": 1.74,
        "wave_order": 0.527,
        "spot_idx": 2
      },
      "geometry": {
        "type": "Polygon",
        "coordinates": [
          [
            [
              98.17,
              4.4
            ],
            [
              98.195,
              4.4
            ],
            [
              98.195,
              4.425
            ],
            [
              98.17,
              4.425
            ],
            [
              98.17,
              4.4
            ]
          ]
        ]
      }
    },
    {
      "type": "Feature",
      "properties": {
        "id": "Aceh Tamiang-438",
        "kabupaten": "Aceh Tamiang",
        "prov": "ACEH",
        "depth_m": 1.85,
        "wave_order": 0.669,
        "spot_idx": 2
      },
      "geometry": {
        "type": "Polygon",
        "coordinates": [
          [
            [
              98.17,
              4.425
            ],
            [
              98.195,
              4.425
            ],
            [
              98.195,
              4.45
            ],
            [
              98.17,
              4.45
            ],
            [
              98.17,
              4.425
            ]
          ]
        ]
      }
    },
    {
      "type": "Feature",
      "properties": {
        "id": "Aceh Tamiang-439",
        "kabupaten": "Aceh Tamiang",
        "prov": "ACEH",
        "depth_m": 1.52,
        "wave_order": 0.754,
        "spot_idx": 2
      },
      "geometry": {
        "type": "Polygon",
        "coordinates": [
          [
            [
              98.195,
              4.15
            ],
            [
              98.22,
              4.15
            ],
            [
              98.22,
              4.175
            ],
            [
              98.195,
              4.175
            ],
            [
              98.195,
              4.15
            ]
          ]
        ]
      }
    },
    {
      "type": "Feature",
      "properties": {
        "id": "Aceh Tamiang-440",
        "kabupaten": "Aceh Tamiang",
        "prov": "ACEH",
        "depth_m": 1.62,
        "wave_order": 0.69,
        "spot_idx": 2
      },
      "geometry": {
        "type": "Polygon",
        "coordinates": [
          [
            [
              98.195,
              4.175
            ],
            [
              98.22,
              4.175
            ],
            [
              98.22,
              4.2
            ],
            [
              98.195,
              4.2
            ],
            [
              98.195,
              4.175
            ]
          ]
        ]
      }
    },
    {
      "type": "Feature",
      "properties": {
        "id": "Aceh Tamiang-441",
        "kabupaten": "Aceh Tamiang",
        "prov": "ACEH",
        "depth_m": 1.76,
        "wave_order": 0.65,
        "spot_idx": 2
      },
      "geometry": {
        "type": "Polygon",
        "coordinates": [
          [
            [
              98.195,
              4.2
            ],
            [
              98.22,
              4.2
            ],
            [
              98.22,
              4.225
            ],
            [
              98.195,
              4.225
            ],
            [
              98.195,
              4.2
            ]
          ]
        ]
      }
    },
    {
      "type": "Feature",
      "properties": {
        "id": "Aceh Tamiang-442",
        "kabupaten": "Aceh Tamiang",
        "prov": "ACEH",
        "depth_m": 1.76,
        "wave_order": 0.574,
        "spot_idx": 2
      },
      "geometry": {
        "type": "Polygon",
        "coordinates": [
          [
            [
              98.195,
              4.225
            ],
            [
              98.22,
              4.225
            ],
            [
              98.22,
              4.25
            ],
            [
              98.195,
              4.25
            ],
            [
              98.195,
              4.225
            ]
          ]
        ]
      }
    },
    {
      "type": "Feature",
      "properties": {
        "id": "Aceh Tamiang-443",
        "kabupaten": "Aceh Tamiang",
        "prov": "ACEH",
        "depth_m": 1.93,
        "wave_order": 0.58,
        "spot_idx": 2
      },
      "geometry": {
        "type": "Polygon",
        "coordinates": [
          [
            [
              98.195,
              4.25
            ],
            [
              98.22,
              4.25
            ],
            [
              98.22,
              4.275
            ],
            [
              98.195,
              4.275
            ],
            [
              98.195,
              4.25
            ]
          ]
        ]
      }
    },
    {
      "type": "Feature",
      "properties": {
        "id": "Aceh Tamiang-444",
        "kabupaten": "Aceh Tamiang",
        "prov": "ACEH",
        "depth_m": 1.82,
        "wave_order": 0.504,
        "spot_idx": 2
      },
      "geometry": {
        "type": "Polygon",
        "coordinates": [
          [
            [
              98.195,
              4.275
            ],
            [
              98.22,
              4.275
            ],
            [
              98.22,
              4.3
            ],
            [
              98.195,
              4.3
            ],
            [
              98.195,
              4.275
            ]
          ]
        ]
      }
    },
    {
      "type": "Feature",
      "properties": {
        "id": "Aceh Tamiang-445",
        "kabupaten": "Aceh Tamiang",
        "prov": "ACEH",
        "depth_m": 2.01,
        "wave_order": 0.561,
        "spot_idx": 2
      },
      "geometry": {
        "type": "Polygon",
        "coordinates": [
          [
            [
              98.195,
              4.3
            ],
            [
              98.22,
              4.3
            ],
            [
              98.22,
              4.325
            ],
            [
              98.195,
              4.325
            ],
            [
              98.195,
              4.3
            ]
          ]
        ]
      }
    },
    {
      "type": "Feature",
      "properties": {
        "id": "Aceh Tamiang-446",
        "kabupaten": "Aceh Tamiang",
        "prov": "ACEH",
        "depth_m": 1.8,
        "wave_order": 0.494,
        "spot_idx": 2
      },
      "geometry": {
        "type": "Polygon",
        "coordinates": [
          [
            [
              98.195,
              4.325
            ],
            [
              98.22,
              4.325
            ],
            [
              98.22,
              4.35
            ],
            [
              98.195,
              4.35
            ],
            [
              98.195,
              4.325
            ]
          ]
        ]
      }
    },
    {
      "type": "Feature",
      "properties": {
        "id": "Aceh Tamiang-447",
        "kabupaten": "Aceh Tamiang",
        "prov": "ACEH",
        "depth_m": 1.98,
        "wave_order": 0.599,
        "spot_idx": 2
      },
      "geometry": {
        "type": "Polygon",
        "coordinates": [
          [
            [
              98.195,
              4.35
            ],
            [
              98.22,
              4.35
            ],
            [
              98.22,
              4.375
            ],
            [
              98.195,
              4.375
            ],
            [
              98.195,
              4.35
            ]
          ]
        ]
      }
    },
    {
      "type": "Feature",
      "properties": {
        "id": "Aceh Tamiang-448",
        "kabupaten": "Aceh Tamiang",
        "prov": "ACEH",
        "depth_m": 1.68,
        "wave_order": 0.546,
        "spot_idx": 2
      },
      "geometry": {
        "type": "Polygon",
        "coordinates": [
          [
            [
              98.195,
              4.375
            ],
            [
              98.22,
              4.375
            ],
            [
              98.22,
              4.4
            ],
            [
              98.195,
              4.4
            ],
            [
              98.195,
              4.375
            ]
          ]
        ]
      }
    },
    {
      "type": "Feature",
      "properties": {
        "id": "Aceh Tamiang-449",
        "kabupaten": "Aceh Tamiang",
        "prov": "ACEH",
        "depth_m": 1.85,
        "wave_order": 0.687,
        "spot_idx": 2
      },
      "geometry": {
        "type": "Polygon",
        "coordinates": [
          [
            [
              98.195,
              4.4
            ],
            [
              98.22,
              4.4
            ],
            [
              98.22,
              4.425
            ],
            [
              98.195,
              4.425
            ],
            [
              98.195,
              4.4
            ]
          ]
        ]
      }
    },
    {
      "type": "Feature",
      "properties": {
        "id": "Aceh Tamiang-450",
        "kabupaten": "Aceh Tamiang",
        "prov": "ACEH",
        "depth_m": 1.5,
        "wave_order": 0.645,
        "spot_idx": 2
      },
      "geometry": {
        "type": "Polygon",
        "coordinates": [
          [
            [
              98.195,
              4.425
            ],
            [
              98.22,
              4.425
            ],
            [
              98.22,
              4.45
            ],
            [
              98.195,
              4.45
            ],
            [
              98.195,
              4.425
            ]
          ]
        ]
      }
    },
    {
      "type": "Feature",
      "properties": {
        "id": "Langkat-451",
        "kabupaten": "Langkat",
        "prov": "SUMATERA UTARA",
        "depth_m": 1.38,
        "wave_order": 0.742,
        "spot_idx": 3
      },
      "geometry": {
        "type": "Polygon",
        "coordinates": [
          [
            [
              98.25,
              3.7
            ],
            [
              98.275,
              3.7
            ],
            [
              98.275,
              3.725
            ],
            [
              98.25,
              3.725
            ],
            [
              98.25,
              3.7
            ]
          ]
        ]
      }
    },
    {
      "type": "Feature",
      "properties": {
        "id": "Langkat-452",
        "kabupaten": "Langkat",
        "prov": "SUMATERA UTARA",
        "depth_m": 1.55,
        "wave_order": 0.722,
        "spot_idx": 3
      },
      "geometry": {
        "type": "Polygon",
        "coordinates": [
          [
            [
              98.25,
              3.725
            ],
            [
              98.275,
              3.725
            ],
            [
              98.275,
              3.75
            ],
            [
              98.25,
              3.75
            ],
            [
              98.25,
              3.725
            ]
          ]
        ]
      }
    },
    {
      "type": "Feature",
      "properties": {
        "id": "Langkat-453",
        "kabupaten": "Langkat",
        "prov": "SUMATERA UTARA",
        "depth_m": 1.52,
        "wave_order": 0.637,
        "spot_idx": 3
      },
      "geometry": {
        "type": "Polygon",
        "coordinates": [
          [
            [
              98.25,
              3.75
            ],
            [
              98.275,
              3.75
            ],
            [
              98.275,
              3.775
            ],
            [
              98.25,
              3.775
            ],
            [
              98.25,
              3.75
            ]
          ]
        ]
      }
    },
    {
      "type": "Feature",
      "properties": {
        "id": "Langkat-454",
        "kabupaten": "Langkat",
        "prov": "SUMATERA UTARA",
        "depth_m": 1.7,
        "wave_order": 0.644,
        "spot_idx": 3
      },
      "geometry": {
        "type": "Polygon",
        "coordinates": [
          [
            [
              98.25,
              3.775
            ],
            [
              98.275,
              3.775
            ],
            [
              98.275,
              3.8
            ],
            [
              98.25,
              3.8
            ],
            [
              98.25,
              3.775
            ]
          ]
        ]
      }
    },
    {
      "type": "Feature",
      "properties": {
        "id": "Langkat-455",
        "kabupaten": "Langkat",
        "prov": "SUMATERA UTARA",
        "depth_m": 1.61,
        "wave_order": 0.566,
        "spot_idx": 3
      },
      "geometry": {
        "type": "Polygon",
        "coordinates": [
          [
            [
              98.25,
              3.8
            ],
            [
              98.275,
              3.8
            ],
            [
              98.275,
              3.825
            ],
            [
              98.25,
              3.825
            ],
            [
              98.25,
              3.8
            ]
          ]
        ]
      }
    },
    {
      "type": "Feature",
      "properties": {
        "id": "Langkat-456",
        "kabupaten": "Langkat",
        "prov": "SUMATERA UTARA",
        "depth_m": 1.78,
        "wave_order": 0.601,
        "spot_idx": 3
      },
      "geometry": {
        "type": "Polygon",
        "coordinates": [
          [
            [
              98.25,
              3.825
            ],
            [
              98.275,
              3.825
            ],
            [
              98.275,
              3.85
            ],
            [
              98.25,
              3.85
            ],
            [
              98.25,
              3.825
            ]
          ]
        ]
      }
    },
    {
      "type": "Feature",
      "properties": {
        "id": "Langkat-457",
        "kabupaten": "Langkat",
        "prov": "SUMATERA UTARA",
        "depth_m": 1.64,
        "wave_order": 0.539,
        "spot_idx": 3
      },
      "geometry": {
        "type": "Polygon",
        "coordinates": [
          [
            [
              98.25,
              3.85
            ],
            [
              98.275,
              3.85
            ],
            [
              98.275,
              3.875
            ],
            [
              98.25,
              3.875
            ],
            [
              98.25,
              3.85
            ]
          ]
        ]
      }
    },
    {
      "type": "Feature",
      "properties": {
        "id": "Langkat-458",
        "kabupaten": "Langkat",
        "prov": "SUMATERA UTARA",
        "depth_m": 1.78,
        "wave_order": 0.602,
        "spot_idx": 3
      },
      "geometry": {
        "type": "Polygon",
        "coordinates": [
          [
            [
              98.25,
              3.875
            ],
            [
              98.275,
              3.875
            ],
            [
              98.275,
              3.9
            ],
            [
              98.25,
              3.9
            ],
            [
              98.25,
              3.875
            ]
          ]
        ]
      }
    },
    {
      "type": "Feature",
      "properties": {
        "id": "Langkat-459",
        "kabupaten": "Langkat",
        "prov": "SUMATERA UTARA",
        "depth_m": 1.6,
        "wave_order": 0.563,
        "spot_idx": 3
      },
      "geometry": {
        "type": "Polygon",
        "coordinates": [
          [
            [
              98.25,
              3.9
            ],
            [
              98.275,
              3.9
            ],
            [
              98.275,
              3.925
            ],
            [
              98.25,
              3.925
            ],
            [
              98.25,
              3.9
            ]
          ]
        ]
      }
    },
    {
      "type": "Feature",
      "properties": {
        "id": "Langkat-460",
        "kabupaten": "Langkat",
        "prov": "SUMATERA UTARA",
        "depth_m": 1.71,
        "wave_order": 0.648,
        "spot_idx": 3
      },
      "geometry": {
        "type": "Polygon",
        "coordinates": [
          [
            [
              98.25,
              3.925
            ],
            [
              98.275,
              3.925
            ],
            [
              98.275,
              3.95
            ],
            [
              98.25,
              3.95
            ],
            [
              98.25,
              3.925
            ]
          ]
        ]
      }
    },
    {
      "type": "Feature",
      "properties": {
        "id": "Langkat-461",
        "kabupaten": "Langkat",
        "prov": "SUMATERA UTARA",
        "depth_m": 1.5,
        "wave_order": 0.631,
        "spot_idx": 3
      },
      "geometry": {
        "type": "Polygon",
        "coordinates": [
          [
            [
              98.25,
              3.95
            ],
            [
              98.275,
              3.95
            ],
            [
              98.275,
              3.975
            ],
            [
              98.25,
              3.975
            ],
            [
              98.25,
              3.95
            ]
          ]
        ]
      }
    },
    {
      "type": "Feature",
      "properties": {
        "id": "Langkat-462",
        "kabupaten": "Langkat",
        "prov": "SUMATERA UTARA",
        "depth_m": 1.57,
        "wave_order": 0.729,
        "spot_idx": 3
      },
      "geometry": {
        "type": "Polygon",
        "coordinates": [
          [
            [
              98.25,
              3.975
            ],
            [
              98.275,
              3.975
            ],
            [
              98.275,
              4
            ],
            [
              98.25,
              4
            ],
            [
              98.25,
              3.975
            ]
          ]
        ]
      }
    },
    {
      "type": "Feature",
      "properties": {
        "id": "Langkat-463",
        "kabupaten": "Langkat",
        "prov": "SUMATERA UTARA",
        "depth_m": 1.36,
        "wave_order": 0.734,
        "spot_idx": 3
      },
      "geometry": {
        "type": "Polygon",
        "coordinates": [
          [
            [
              98.25,
              4
            ],
            [
              98.275,
              4
            ],
            [
              98.275,
              4.025
            ],
            [
              98.25,
              4.025
            ],
            [
              98.25,
              4
            ]
          ]
        ]
      }
    },
    {
      "type": "Feature",
      "properties": {
        "id": "Langkat-464",
        "kabupaten": "Langkat",
        "prov": "SUMATERA UTARA",
        "depth_m": 1.57,
        "wave_order": 0.716,
        "spot_idx": 3
      },
      "geometry": {
        "type": "Polygon",
        "coordinates": [
          [
            [
              98.275,
              3.7
            ],
            [
              98.3,
              3.7
            ],
            [
              98.3,
              3.725
            ],
            [
              98.275,
              3.725
            ],
            [
              98.275,
              3.7
            ]
          ]
        ]
      }
    },
    {
      "type": "Feature",
      "properties": {
        "id": "Langkat-465",
        "kabupaten": "Langkat",
        "prov": "SUMATERA UTARA",
        "depth_m": 1.54,
        "wave_order": 0.615,
        "spot_idx": 3
      },
      "geometry": {
        "type": "Polygon",
        "coordinates": [
          [
            [
              98.275,
              3.725
            ],
            [
              98.3,
              3.725
            ],
            [
              98.3,
              3.75
            ],
            [
              98.275,
              3.75
            ],
            [
              98.275,
              3.725
            ]
          ]
        ]
      }
    },
    {
      "type": "Feature",
      "properties": {
        "id": "Langkat-466",
        "kabupaten": "Langkat",
        "prov": "SUMATERA UTARA",
        "depth_m": 1.76,
        "wave_order": 0.616,
        "spot_idx": 3
      },
      "geometry": {
        "type": "Polygon",
        "coordinates": [
          [
            [
              98.275,
              3.75
            ],
            [
              98.3,
              3.75
            ],
            [
              98.3,
              3.775
            ],
            [
              98.275,
              3.775
            ],
            [
              98.275,
              3.75
            ]
          ]
        ]
      }
    },
    {
      "type": "Feature",
      "properties": {
        "id": "Langkat-467",
        "kabupaten": "Langkat",
        "prov": "SUMATERA UTARA",
        "depth_m": 1.67,
        "wave_order": 0.513,
        "spot_idx": 3
      },
      "geometry": {
        "type": "Polygon",
        "coordinates": [
          [
            [
              98.275,
              3.775
            ],
            [
              98.3,
              3.775
            ],
            [
              98.3,
              3.8
            ],
            [
              98.275,
              3.8
            ],
            [
              98.275,
              3.775
            ]
          ]
        ]
      }
    },
    {
      "type": "Feature",
      "properties": {
        "id": "Langkat-468",
        "kabupaten": "Langkat",
        "prov": "SUMATERA UTARA",
        "depth_m": 1.89,
        "wave_order": 0.546,
        "spot_idx": 3
      },
      "geometry": {
        "type": "Polygon",
        "coordinates": [
          [
            [
              98.275,
              3.8
            ],
            [
              98.3,
              3.8
            ],
            [
              98.3,
              3.825
            ],
            [
              98.275,
              3.825
            ],
            [
              98.275,
              3.8
            ]
          ]
        ]
      }
    },
    {
      "type": "Feature",
      "properties": {
        "id": "Langkat-469",
        "kabupaten": "Langkat",
        "prov": "SUMATERA UTARA",
        "depth_m": 1.74,
        "wave_order": 0.455,
        "spot_idx": 3
      },
      "geometry": {
        "type": "Polygon",
        "coordinates": [
          [
            [
              98.275,
              3.825
            ],
            [
              98.3,
              3.825
            ],
            [
              98.3,
              3.85
            ],
            [
              98.275,
              3.85
            ],
            [
              98.275,
              3.825
            ]
          ]
        ]
      }
    },
    {
      "type": "Feature",
      "properties": {
        "id": "Langkat-470",
        "kabupaten": "Langkat",
        "prov": "SUMATERA UTARA",
        "depth_m": 1.95,
        "wave_order": 0.522,
        "spot_idx": 3
      },
      "geometry": {
        "type": "Polygon",
        "coordinates": [
          [
            [
              98.275,
              3.85
            ],
            [
              98.3,
              3.85
            ],
            [
              98.3,
              3.875
            ],
            [
              98.275,
              3.875
            ],
            [
              98.275,
              3.85
            ]
          ]
        ]
      }
    },
    {
      "type": "Feature",
      "properties": {
        "id": "Langkat-471",
        "kabupaten": "Langkat",
        "prov": "SUMATERA UTARA",
        "depth_m": 1.73,
        "wave_order": 0.453,
        "spot_idx": 3
      },
      "geometry": {
        "type": "Polygon",
        "coordinates": [
          [
            [
              98.275,
              3.875
            ],
            [
              98.3,
              3.875
            ],
            [
              98.3,
              3.9
            ],
            [
              98.275,
              3.9
            ],
            [
              98.275,
              3.875
            ]
          ]
        ]
      }
    },
    {
      "type": "Feature",
      "properties": {
        "id": "Langkat-472",
        "kabupaten": "Langkat",
        "prov": "SUMATERA UTARA",
        "depth_m": 1.9,
        "wave_order": 0.55,
        "spot_idx": 3
      },
      "geometry": {
        "type": "Polygon",
        "coordinates": [
          [
            [
              98.275,
              3.9
            ],
            [
              98.3,
              3.9
            ],
            [
              98.3,
              3.925
            ],
            [
              98.275,
              3.925
            ],
            [
              98.275,
              3.9
            ]
          ]
        ]
      }
    },
    {
      "type": "Feature",
      "properties": {
        "id": "Langkat-473",
        "kabupaten": "Langkat",
        "prov": "SUMATERA UTARA",
        "depth_m": 1.65,
        "wave_order": 0.507,
        "spot_idx": 3
      },
      "geometry": {
        "type": "Polygon",
        "coordinates": [
          [
            [
              98.275,
              3.925
            ],
            [
              98.3,
              3.925
            ],
            [
              98.3,
              3.95
            ],
            [
              98.275,
              3.95
            ],
            [
              98.275,
              3.925
            ]
          ]
        ]
      }
    },
    {
      "type": "Feature",
      "properties": {
        "id": "Langkat-474",
        "kabupaten": "Langkat",
        "prov": "SUMATERA UTARA",
        "depth_m": 1.78,
        "wave_order": 0.624,
        "spot_idx": 3
      },
      "geometry": {
        "type": "Polygon",
        "coordinates": [
          [
            [
              98.275,
              3.95
            ],
            [
              98.3,
              3.95
            ],
            [
              98.3,
              3.975
            ],
            [
              98.275,
              3.975
            ],
            [
              98.275,
              3.95
            ]
          ]
        ]
      }
    },
    {
      "type": "Feature",
      "properties": {
        "id": "Langkat-475",
        "kabupaten": "Langkat",
        "prov": "SUMATERA UTARA",
        "depth_m": 1.51,
        "wave_order": 0.606,
        "spot_idx": 3
      },
      "geometry": {
        "type": "Polygon",
        "coordinates": [
          [
            [
              98.275,
              3.975
            ],
            [
              98.3,
              3.975
            ],
            [
              98.3,
              4
            ],
            [
              98.275,
              4
            ],
            [
              98.275,
              3.975
            ]
          ]
        ]
      }
    },
    {
      "type": "Feature",
      "properties": {
        "id": "Langkat-476",
        "kabupaten": "Langkat",
        "prov": "SUMATERA UTARA",
        "depth_m": 1.59,
        "wave_order": 0.727,
        "spot_idx": 3
      },
      "geometry": {
        "type": "Polygon",
        "coordinates": [
          [
            [
              98.275,
              4
            ],
            [
              98.3,
              4
            ],
            [
              98.3,
              4.025
            ],
            [
              98.275,
              4.025
            ],
            [
              98.275,
              4
            ]
          ]
        ]
      }
    },
    {
      "type": "Feature",
      "properties": {
        "id": "Langkat-477",
        "kabupaten": "Langkat",
        "prov": "SUMATERA UTARA",
        "depth_m": 1.54,
        "wave_order": 0.617,
        "spot_idx": 3
      },
      "geometry": {
        "type": "Polygon",
        "coordinates": [
          [
            [
              98.3,
              3.7
            ],
            [
              98.325,
              3.7
            ],
            [
              98.325,
              3.725
            ],
            [
              98.3,
              3.725
            ],
            [
              98.3,
              3.7
            ]
          ]
        ]
      }
    },
    {
      "type": "Feature",
      "properties": {
        "id": "Langkat-478",
        "kabupaten": "Langkat",
        "prov": "SUMATERA UTARA",
        "depth_m": 1.78,
        "wave_order": 0.608,
        "spot_idx": 3
      },
      "geometry": {
        "type": "Polygon",
        "coordinates": [
          [
            [
              98.3,
              3.725
            ],
            [
              98.325,
              3.725
            ],
            [
              98.325,
              3.75
            ],
            [
              98.3,
              3.75
            ],
            [
              98.3,
              3.725
            ]
          ]
        ]
      }
    },
    {
      "type": "Feature",
      "properties": {
        "id": "Langkat-479",
        "kabupaten": "Langkat",
        "prov": "SUMATERA UTARA",
        "depth_m": 1.69,
        "wave_order": 0.487,
        "spot_idx": 3
      },
      "geometry": {
        "type": "Polygon",
        "coordinates": [
          [
            [
              98.3,
              3.75
            ],
            [
              98.325,
              3.75
            ],
            [
              98.325,
              3.775
            ],
            [
              98.3,
              3.775
            ],
            [
              98.3,
              3.75
            ]
          ]
        ]
      }
    },
    {
      "type": "Feature",
      "properties": {
        "id": "Langkat-480",
        "kabupaten": "Langkat",
        "prov": "SUMATERA UTARA",
        "depth_m": 1.97,
        "wave_order": 0.511,
        "spot_idx": 3
      },
      "geometry": {
        "type": "Polygon",
        "coordinates": [
          [
            [
              98.3,
              3.775
            ],
            [
              98.325,
              3.775
            ],
            [
              98.325,
              3.8
            ],
            [
              98.3,
              3.8
            ],
            [
              98.3,
              3.775
            ]
          ]
        ]
      }
    },
    {
      "type": "Feature",
      "properties": {
        "id": "Langkat-481",
        "kabupaten": "Langkat",
        "prov": "SUMATERA UTARA",
        "depth_m": 1.81,
        "wave_order": 0.392,
        "spot_idx": 3
      },
      "geometry": {
        "type": "Polygon",
        "coordinates": [
          [
            [
              98.3,
              3.8
            ],
            [
              98.325,
              3.8
            ],
            [
              98.325,
              3.825
            ],
            [
              98.3,
              3.825
            ],
            [
              98.3,
              3.8
            ]
          ]
        ]
      }
    },
    {
      "type": "Feature",
      "properties": {
        "id": "Langkat-482",
        "kabupaten": "Langkat",
        "prov": "SUMATERA UTARA",
        "depth_m": 2.08,
        "wave_order": 0.454,
        "spot_idx": 3
      },
      "geometry": {
        "type": "Polygon",
        "coordinates": [
          [
            [
              98.3,
              3.825
            ],
            [
              98.325,
              3.825
            ],
            [
              98.325,
              3.85
            ],
            [
              98.3,
              3.85
            ],
            [
              98.3,
              3.825
            ]
          ]
        ]
      }
    },
    {
      "type": "Feature",
      "properties": {
        "id": "Langkat-483",
        "kabupaten": "Langkat",
        "prov": "SUMATERA UTARA",
        "depth_m": 1.85,
        "wave_order": 0.354,
        "spot_idx": 3
      },
      "geometry": {
        "type": "Polygon",
        "coordinates": [
          [
            [
              98.3,
              3.85
            ],
            [
              98.325,
              3.85
            ],
            [
              98.325,
              3.875
            ],
            [
              98.3,
              3.875
            ],
            [
              98.3,
              3.85
            ]
          ]
        ]
      }
    },
    {
      "type": "Feature",
      "properties": {
        "id": "Langkat-484",
        "kabupaten": "Langkat",
        "prov": "SUMATERA UTARA",
        "depth_m": 2.09,
        "wave_order": 0.456,
        "spot_idx": 3
      },
      "geometry": {
        "type": "Polygon",
        "coordinates": [
          [
            [
              98.3,
              3.875
            ],
            [
              98.325,
              3.875
            ],
            [
              98.325,
              3.9
            ],
            [
              98.3,
              3.9
            ],
            [
              98.3,
              3.875
            ]
          ]
        ]
      }
    },
    {
      "type": "Feature",
      "properties": {
        "id": "Langkat-485",
        "kabupaten": "Langkat",
        "prov": "SUMATERA UTARA",
        "depth_m": 1.8,
        "wave_order": 0.387,
        "spot_idx": 3
      },
      "geometry": {
        "type": "Polygon",
        "coordinates": [
          [
            [
              98.3,
              3.9
            ],
            [
              98.325,
              3.9
            ],
            [
              98.325,
              3.925
            ],
            [
              98.3,
              3.925
            ],
            [
              98.3,
              3.9
            ]
          ]
        ]
      }
    },
    {
      "type": "Feature",
      "properties": {
        "id": "Langkat-486",
        "kabupaten": "Langkat",
        "prov": "SUMATERA UTARA",
        "depth_m": 1.99,
        "wave_order": 0.518,
        "spot_idx": 3
      },
      "geometry": {
        "type": "Polygon",
        "coordinates": [
          [
            [
              98.3,
              3.925
            ],
            [
              98.325,
              3.925
            ],
            [
              98.325,
              3.95
            ],
            [
              98.3,
              3.95
            ],
            [
              98.3,
              3.925
            ]
          ]
        ]
      }
    },
    {
      "type": "Feature",
      "properties": {
        "id": "Langkat-487",
        "kabupaten": "Langkat",
        "prov": "SUMATERA UTARA",
        "depth_m": 1.67,
        "wave_order": 0.478,
        "spot_idx": 3
      },
      "geometry": {
        "type": "Polygon",
        "coordinates": [
          [
            [
              98.3,
              3.95
            ],
            [
              98.325,
              3.95
            ],
            [
              98.325,
              3.975
            ],
            [
              98.3,
              3.975
            ],
            [
              98.3,
              3.95
            ]
          ]
        ]
      }
    },
    {
      "type": "Feature",
      "properties": {
        "id": "Langkat-488",
        "kabupaten": "Langkat",
        "prov": "SUMATERA UTARA",
        "depth_m": 1.81,
        "wave_order": 0.619,
        "spot_idx": 3
      },
      "geometry": {
        "type": "Polygon",
        "coordinates": [
          [
            [
              98.3,
              3.975
            ],
            [
              98.325,
              3.975
            ],
            [
              98.325,
              4
            ],
            [
              98.3,
              4
            ],
            [
              98.3,
              3.975
            ]
          ]
        ]
      }
    },
    {
      "type": "Feature",
      "properties": {
        "id": "Langkat-489",
        "kabupaten": "Langkat",
        "prov": "SUMATERA UTARA",
        "depth_m": 1.5,
        "wave_order": 0.604,
        "spot_idx": 3
      },
      "geometry": {
        "type": "Polygon",
        "coordinates": [
          [
            [
              98.3,
              4
            ],
            [
              98.325,
              4
            ],
            [
              98.325,
              4.025
            ],
            [
              98.3,
              4.025
            ],
            [
              98.3,
              4
            ]
          ]
        ]
      }
    },
    {
      "type": "Feature",
      "properties": {
        "id": "Langkat-490",
        "kabupaten": "Langkat",
        "prov": "SUMATERA UTARA",
        "depth_m": 1.75,
        "wave_order": 0.621,
        "spot_idx": 3
      },
      "geometry": {
        "type": "Polygon",
        "coordinates": [
          [
            [
              98.325,
              3.7
            ],
            [
              98.35,
              3.7
            ],
            [
              98.35,
              3.725
            ],
            [
              98.325,
              3.725
            ],
            [
              98.325,
              3.7
            ]
          ]
        ]
      }
    },
    {
      "type": "Feature",
      "properties": {
        "id": "Langkat-491",
        "kabupaten": "Langkat",
        "prov": "SUMATERA UTARA",
        "depth_m": 1.69,
        "wave_order": 0.49,
        "spot_idx": 3
      },
      "geometry": {
        "type": "Polygon",
        "coordinates": [
          [
            [
              98.325,
              3.725
            ],
            [
              98.35,
              3.725
            ],
            [
              98.35,
              3.75
            ],
            [
              98.325,
              3.75
            ],
            [
              98.325,
              3.725
            ]
          ]
        ]
      }
    },
    {
      "type": "Feature",
      "properties": {
        "id": "Langkat-492",
        "kabupaten": "Langkat",
        "prov": "SUMATERA UTARA",
        "depth_m": 1.99,
        "wave_order": 0.5,
        "spot_idx": 3
      },
      "geometry": {
        "type": "Polygon",
        "coordinates": [
          [
            [
              98.325,
              3.75
            ],
            [
              98.35,
              3.75
            ],
            [
              98.35,
              3.775
            ],
            [
              98.325,
              3.775
            ],
            [
              98.325,
              3.75
            ]
          ]
        ]
      }
    },
    {
      "type": "Feature",
      "properties": {
        "id": "Langkat-493",
        "kabupaten": "Langkat",
        "prov": "SUMATERA UTARA",
        "depth_m": 1.85,
        "wave_order": 0.359,
        "spot_idx": 3
      },
      "geometry": {
        "type": "Polygon",
        "coordinates": [
          [
            [
              98.325,
              3.775
            ],
            [
              98.35,
              3.775
            ],
            [
              98.35,
              3.8
            ],
            [
              98.325,
              3.8
            ],
            [
              98.325,
              3.775
            ]
          ]
        ]
      }
    },
    {
      "type": "Feature",
      "properties": {
        "id": "Langkat-494",
        "kabupaten": "Langkat",
        "prov": "SUMATERA UTARA",
        "depth_m": 2.17,
        "wave_order": 0.407,
        "spot_idx": 3
      },
      "geometry": {
        "type": "Polygon",
        "coordinates": [
          [
            [
              98.325,
              3.8
            ],
            [
              98.35,
              3.8
            ],
            [
              98.35,
              3.825
            ],
            [
              98.325,
              3.825
            ],
            [
              98.325,
              3.8
            ]
          ]
        ]
      }
    },
    {
      "type": "Feature",
      "properties": {
        "id": "Langkat-495",
        "kabupaten": "Langkat",
        "prov": "SUMATERA UTARA",
        "depth_m": 1.95,
        "wave_order": 0.276,
        "spot_idx": 3
      },
      "geometry": {
        "type": "Polygon",
        "coordinates": [
          [
            [
              98.325,
              3.825
            ],
            [
              98.35,
              3.825
            ],
            [
              98.35,
              3.85
            ],
            [
              98.325,
              3.85
            ],
            [
              98.325,
              3.825
            ]
          ]
        ]
      }
    },
    {
      "type": "Feature",
      "properties": {
        "id": "Langkat-496",
        "kabupaten": "Langkat",
        "prov": "SUMATERA UTARA",
        "depth_m": 2.25,
        "wave_order": 0.371,
        "spot_idx": 3
      },
      "geometry": {
        "type": "Polygon",
        "coordinates": [
          [
            [
              98.325,
              3.85
            ],
            [
              98.35,
              3.85
            ],
            [
              98.35,
              3.875
            ],
            [
              98.325,
              3.875
            ],
            [
              98.325,
              3.85
            ]
          ]
        ]
      }
    },
    {
      "type": "Feature",
      "properties": {
        "id": "Langkat-497",
        "kabupaten": "Langkat",
        "prov": "SUMATERA UTARA",
        "depth_m": 1.94,
        "wave_order": 0.273,
        "spot_idx": 3
      },
      "geometry": {
        "type": "Polygon",
        "coordinates": [
          [
            [
              98.325,
              3.875
            ],
            [
              98.35,
              3.875
            ],
            [
              98.35,
              3.9
            ],
            [
              98.325,
              3.9
            ],
            [
              98.325,
              3.875
            ]
          ]
        ]
      }
    },
    {
      "type": "Feature",
      "properties": {
        "id": "Langkat-498",
        "kabupaten": "Langkat",
        "prov": "SUMATERA UTARA",
        "depth_m": 2.19,
        "wave_order": 0.413,
        "spot_idx": 3
      },
      "geometry": {
        "type": "Polygon",
        "coordinates": [
          [
            [
              98.325,
              3.9
            ],
            [
              98.35,
              3.9
            ],
            [
              98.35,
              3.925
            ],
            [
              98.325,
              3.925
            ],
            [
              98.325,
              3.9
            ]
          ]
        ]
      }
    },
    {
      "type": "Feature",
      "properties": {
        "id": "Langkat-499",
        "kabupaten": "Langkat",
        "prov": "SUMATERA UTARA",
        "depth_m": 1.83,
        "wave_order": 0.351,
        "spot_idx": 3
      },
      "geometry": {
        "type": "Polygon",
        "coordinates": [
          [
            [
              98.325,
              3.925
            ],
            [
              98.35,
              3.925
            ],
            [
              98.35,
              3.95
            ],
            [
              98.325,
              3.95
            ],
            [
              98.325,
              3.925
            ]
          ]
        ]
      }
    },
    {
      "type": "Feature",
      "properties": {
        "id": "Langkat-500",
        "kabupaten": "Langkat",
        "prov": "SUMATERA UTARA",
        "depth_m": 2.02,
        "wave_order": 0.511,
        "spot_idx": 3
      },
      "geometry": {
        "type": "Polygon",
        "coordinates": [
          [
            [
              98.325,
              3.95
            ],
            [
              98.35,
              3.95
            ],
            [
              98.35,
              3.975
            ],
            [
              98.325,
              3.975
            ],
            [
              98.325,
              3.95
            ]
          ]
        ]
      }
    },
    {
      "type": "Feature",
      "properties": {
        "id": "Langkat-501",
        "kabupaten": "Langkat",
        "prov": "SUMATERA UTARA",
        "depth_m": 1.66,
        "wave_order": 0.476,
        "spot_idx": 3
      },
      "geometry": {
        "type": "Polygon",
        "coordinates": [
          [
            [
              98.325,
              3.975
            ],
            [
              98.35,
              3.975
            ],
            [
              98.35,
              4
            ],
            [
              98.325,
              4
            ],
            [
              98.325,
              3.975
            ]
          ]
        ]
      }
    },
    {
      "type": "Feature",
      "properties": {
        "id": "Langkat-502",
        "kabupaten": "Langkat",
        "prov": "SUMATERA UTARA",
        "depth_m": 1.79,
        "wave_order": 0.636,
        "spot_idx": 3
      },
      "geometry": {
        "type": "Polygon",
        "coordinates": [
          [
            [
              98.325,
              4
            ],
            [
              98.35,
              4
            ],
            [
              98.35,
              4.025
            ],
            [
              98.325,
              4.025
            ],
            [
              98.325,
              4
            ]
          ]
        ]
      }
    },
    {
      "type": "Feature",
      "properties": {
        "id": "Langkat-503",
        "kabupaten": "Langkat",
        "prov": "SUMATERA UTARA",
        "depth_m": 1.65,
        "wave_order": 0.521,
        "spot_idx": 3
      },
      "geometry": {
        "type": "Polygon",
        "coordinates": [
          [
            [
              98.35,
              3.7
            ],
            [
              98.375,
              3.7
            ],
            [
              98.375,
              3.725
            ],
            [
              98.35,
              3.725
            ],
            [
              98.35,
              3.7
            ]
          ]
        ]
      }
    },
    {
      "type": "Feature",
      "properties": {
        "id": "Langkat-504",
        "kabupaten": "Langkat",
        "prov": "SUMATERA UTARA",
        "depth_m": 1.96,
        "wave_order": 0.517,
        "spot_idx": 3
      },
      "geometry": {
        "type": "Polygon",
        "coordinates": [
          [
            [
              98.35,
              3.725
            ],
            [
              98.375,
              3.725
            ],
            [
              98.375,
              3.75
            ],
            [
              98.35,
              3.75
            ],
            [
              98.35,
              3.725
            ]
          ]
        ]
      }
    },
    {
      "type": "Feature",
      "properties": {
        "id": "Langkat-505",
        "kabupaten": "Langkat",
        "prov": "SUMATERA UTARA",
        "depth_m": 1.84,
        "wave_order": 0.362,
        "spot_idx": 3
      },
      "geometry": {
        "type": "Polygon",
        "coordinates": [
          [
            [
              98.35,
              3.75
            ],
            [
              98.375,
              3.75
            ],
            [
              98.375,
              3.775
            ],
            [
              98.35,
              3.775
            ],
            [
              98.35,
              3.75
            ]
          ]
        ]
      }
    },
    {
      "type": "Feature",
      "properties": {
        "id": "Langkat-506",
        "kabupaten": "Langkat",
        "prov": "SUMATERA UTARA",
        "depth_m": 2.2,
        "wave_order": 0.393,
        "spot_idx": 3
      },
      "geometry": {
        "type": "Polygon",
        "coordinates": [
          [
            [
              98.35,
              3.775
            ],
            [
              98.375,
              3.775
            ],
            [
              98.375,
              3.8
            ],
            [
              98.35,
              3.8
            ],
            [
              98.35,
              3.775
            ]
          ]
        ]
      }
    },
    {
      "type": "Feature",
      "properties": {
        "id": "Langkat-507",
        "kabupaten": "Langkat",
        "prov": "SUMATERA UTARA",
        "depth_m": 2.01,
        "wave_order": 0.232,
        "spot_idx": 3
      },
      "geometry": {
        "type": "Polygon",
        "coordinates": [
          [
            [
              98.35,
              3.8
            ],
            [
              98.375,
              3.8
            ],
            [
              98.375,
              3.825
            ],
            [
              98.35,
              3.825
            ],
            [
              98.35,
              3.8
            ]
          ]
        ]
      }
    },
    {
      "type": "Feature",
      "properties": {
        "id": "Langkat-508",
        "kabupaten": "Langkat",
        "prov": "SUMATERA UTARA",
        "depth_m": 2.37,
        "wave_order": 0.306,
        "spot_idx": 3
      },
      "geometry": {
        "type": "Polygon",
        "coordinates": [
          [
            [
              98.35,
              3.825
            ],
            [
              98.375,
              3.825
            ],
            [
              98.375,
              3.85
            ],
            [
              98.35,
              3.85
            ],
            [
              98.35,
              3.825
            ]
          ]
        ]
      }
    },
    {
      "type": "Feature",
      "properties": {
        "id": "Langkat-509",
        "kabupaten": "Langkat",
        "prov": "SUMATERA UTARA",
        "depth_m": 2.07,
        "wave_order": 0.173,
        "spot_idx": 3
      },
      "geometry": {
        "type": "Polygon",
        "coordinates": [
          [
            [
              98.35,
              3.85
            ],
            [
              98.375,
              3.85
            ],
            [
              98.375,
              3.875
            ],
            [
              98.35,
              3.875
            ],
            [
              98.35,
              3.85
            ]
          ]
        ]
      }
    },
    {
      "type": "Feature",
      "properties": {
        "id": "Langkat-510",
        "kabupaten": "Langkat",
        "prov": "SUMATERA UTARA",
        "depth_m": 2.38,
        "wave_order": 0.31,
        "spot_idx": 3
      },
      "geometry": {
        "type": "Polygon",
        "coordinates": [
          [
            [
              98.35,
              3.875
            ],
            [
              98.375,
              3.875
            ],
            [
              98.375,
              3.9
            ],
            [
              98.35,
              3.9
            ],
            [
              98.35,
              3.875
            ]
          ]
        ]
      }
    },
    {
      "type": "Feature",
      "properties": {
        "id": "Langkat-511",
        "kabupaten": "Langkat",
        "prov": "SUMATERA UTARA",
        "depth_m": 1.99,
        "wave_order": 0.226,
        "spot_idx": 3
      },
      "geometry": {
        "type": "Polygon",
        "coordinates": [
          [
            [
              98.35,
              3.9
            ],
            [
              98.375,
              3.9
            ],
            [
              98.375,
              3.925
            ],
            [
              98.35,
              3.925
            ],
            [
              98.35,
              3.9
            ]
          ]
        ]
      }
    },
    {
      "type": "Feature",
      "properties": {
        "id": "Langkat-512",
        "kabupaten": "Langkat",
        "prov": "SUMATERA UTARA",
        "depth_m": 2.23,
        "wave_order": 0.402,
        "spot_idx": 3
      },
      "geometry": {
        "type": "Polygon",
        "coordinates": [
          [
            [
              98.35,
              3.925
            ],
            [
              98.375,
              3.925
            ],
            [
              98.375,
              3.95
            ],
            [
              98.35,
              3.95
            ],
            [
              98.35,
              3.925
            ]
          ]
        ]
      }
    },
    {
      "type": "Feature",
      "properties": {
        "id": "Langkat-513",
        "kabupaten": "Langkat",
        "prov": "SUMATERA UTARA",
        "depth_m": 1.81,
        "wave_order": 0.35,
        "spot_idx": 3
      },
      "geometry": {
        "type": "Polygon",
        "coordinates": [
          [
            [
              98.35,
              3.95
            ],
            [
              98.375,
              3.95
            ],
            [
              98.375,
              3.975
            ],
            [
              98.35,
              3.975
            ],
            [
              98.35,
              3.95
            ]
          ]
        ]
      }
    },
    {
      "type": "Feature",
      "properties": {
        "id": "Langkat-514",
        "kabupaten": "Langkat",
        "prov": "SUMATERA UTARA",
        "depth_m": 2,
        "wave_order": 0.532,
        "spot_idx": 3
      },
      "geometry": {
        "type": "Polygon",
        "coordinates": [
          [
            [
              98.35,
              3.975
            ],
            [
              98.375,
              3.975
            ],
            [
              98.375,
              4
            ],
            [
              98.35,
              4
            ],
            [
              98.35,
              3.975
            ]
          ]
        ]
      }
    },
    {
      "type": "Feature",
      "properties": {
        "id": "Langkat-515",
        "kabupaten": "Langkat",
        "prov": "SUMATERA UTARA",
        "depth_m": 1.61,
        "wave_order": 0.504,
        "spot_idx": 3
      },
      "geometry": {
        "type": "Polygon",
        "coordinates": [
          [
            [
              98.35,
              4
            ],
            [
              98.375,
              4
            ],
            [
              98.375,
              4.025
            ],
            [
              98.35,
              4.025
            ],
            [
              98.35,
              4
            ]
          ]
        ]
      }
    },
    {
      "type": "Feature",
      "properties": {
        "id": "Langkat-516",
        "kabupaten": "Langkat",
        "prov": "SUMATERA UTARA",
        "depth_m": 1.88,
        "wave_order": 0.557,
        "spot_idx": 3
      },
      "geometry": {
        "type": "Polygon",
        "coordinates": [
          [
            [
              98.375,
              3.7
            ],
            [
              98.4,
              3.7
            ],
            [
              98.4,
              3.725
            ],
            [
              98.375,
              3.725
            ],
            [
              98.375,
              3.7
            ]
          ]
        ]
      }
    },
    {
      "type": "Feature",
      "properties": {
        "id": "Langkat-517",
        "kabupaten": "Langkat",
        "prov": "SUMATERA UTARA",
        "depth_m": 1.8,
        "wave_order": 0.401,
        "spot_idx": 3
      },
      "geometry": {
        "type": "Polygon",
        "coordinates": [
          [
            [
              98.375,
              3.725
            ],
            [
              98.4,
              3.725
            ],
            [
              98.4,
              3.75
            ],
            [
              98.375,
              3.75
            ],
            [
              98.375,
              3.725
            ]
          ]
        ]
      }
    },
    {
      "type": "Feature",
      "properties": {
        "id": "Langkat-518",
        "kabupaten": "Langkat",
        "prov": "SUMATERA UTARA",
        "depth_m": 2.16,
        "wave_order": 0.415,
        "spot_idx": 3
      },
      "geometry": {
        "type": "Polygon",
        "coordinates": [
          [
            [
              98.375,
              3.75
            ],
            [
              98.4,
              3.75
            ],
            [
              98.4,
              3.775
            ],
            [
              98.375,
              3.775
            ],
            [
              98.375,
              3.75
            ]
          ]
        ]
      }
    },
    {
      "type": "Feature",
      "properties": {
        "id": "Langkat-519",
        "kabupaten": "Langkat",
        "prov": "SUMATERA UTARA",
        "depth_m": 2,
        "wave_order": 0.237,
        "spot_idx": 3
      },
      "geometry": {
        "type": "Polygon",
        "coordinates": [
          [
            [
              98.375,
              3.775
            ],
            [
              98.4,
              3.775
            ],
            [
              98.4,
              3.8
            ],
            [
              98.375,
              3.8
            ],
            [
              98.375,
              3.775
            ]
          ]
        ]
      }
    },
    {
      "type": "Feature",
      "properties": {
        "id": "Langkat-520",
        "kabupaten": "Langkat",
        "prov": "SUMATERA UTARA",
        "depth_m": 2.41,
        "wave_order": 0.284,
        "spot_idx": 3
      },
      "geometry": {
        "type": "Polygon",
        "coordinates": [
          [
            [
              98.375,
              3.8
            ],
            [
              98.4,
              3.8
            ],
            [
              98.4,
              3.825
            ],
            [
              98.375,
              3.825
            ],
            [
              98.375,
              3.8
            ]
          ]
        ]
      }
    },
    {
      "type": "Feature",
      "properties": {
        "id": "Langkat-521",
        "kabupaten": "Langkat",
        "prov": "SUMATERA UTARA",
        "depth_m": 2.16,
        "wave_order": 0.108,
        "spot_idx": 3
      },
      "geometry": {
        "type": "Polygon",
        "coordinates": [
          [
            [
              98.375,
              3.825
            ],
            [
              98.4,
              3.825
            ],
            [
              98.4,
              3.85
            ],
            [
              98.375,
              3.85
            ],
            [
              98.375,
              3.825
            ]
          ]
        ]
      }
    },
    {
      "type": "Feature",
      "properties": {
        "id": "Langkat-522",
        "kabupaten": "Langkat",
        "prov": "SUMATERA UTARA",
        "depth_m": 2.54,
        "wave_order": 0.216,
        "spot_idx": 3
      },
      "geometry": {
        "type": "Polygon",
        "coordinates": [
          [
            [
              98.375,
              3.85
            ],
            [
              98.4,
              3.85
            ],
            [
              98.4,
              3.875
            ],
            [
              98.375,
              3.875
            ],
            [
              98.375,
              3.85
            ]
          ]
        ]
      }
    },
    {
      "type": "Feature",
      "properties": {
        "id": "Langkat-523",
        "kabupaten": "Langkat",
        "prov": "SUMATERA UTARA",
        "depth_m": 2.15,
        "wave_order": 0.105,
        "spot_idx": 3
      },
      "geometry": {
        "type": "Polygon",
        "coordinates": [
          [
            [
              98.375,
              3.875
            ],
            [
              98.4,
              3.875
            ],
            [
              98.4,
              3.9
            ],
            [
              98.375,
              3.9
            ],
            [
              98.375,
              3.875
            ]
          ]
        ]
      }
    },
    {
      "type": "Feature",
      "properties": {
        "id": "Langkat-524",
        "kabupaten": "Langkat",
        "prov": "SUMATERA UTARA",
        "depth_m": 2.43,
        "wave_order": 0.291,
        "spot_idx": 3
      },
      "geometry": {
        "type": "Polygon",
        "coordinates": [
          [
            [
              98.375,
              3.9
            ],
            [
              98.4,
              3.9
            ],
            [
              98.4,
              3.925
            ],
            [
              98.375,
              3.925
            ],
            [
              98.375,
              3.9
            ]
          ]
        ]
      }
    },
    {
      "type": "Feature",
      "properties": {
        "id": "Langkat-525",
        "kabupaten": "Langkat",
        "prov": "SUMATERA UTARA",
        "depth_m": 1.97,
        "wave_order": 0.227,
        "spot_idx": 3
      },
      "geometry": {
        "type": "Polygon",
        "coordinates": [
          [
            [
              98.375,
              3.925
            ],
            [
              98.4,
              3.925
            ],
            [
              98.4,
              3.95
            ],
            [
              98.375,
              3.95
            ],
            [
              98.375,
              3.925
            ]
          ]
        ]
      }
    },
    {
      "type": "Feature",
      "properties": {
        "id": "Langkat-526",
        "kabupaten": "Langkat",
        "prov": "SUMATERA UTARA",
        "depth_m": 2.2,
        "wave_order": 0.428,
        "spot_idx": 3
      },
      "geometry": {
        "type": "Polygon",
        "coordinates": [
          [
            [
              98.375,
              3.95
            ],
            [
              98.4,
              3.95
            ],
            [
              98.4,
              3.975
            ],
            [
              98.375,
              3.975
            ],
            [
              98.375,
              3.95
            ]
          ]
        ]
      }
    },
    {
      "type": "Feature",
      "properties": {
        "id": "Langkat-527",
        "kabupaten": "Langkat",
        "prov": "SUMATERA UTARA",
        "depth_m": 1.75,
        "wave_order": 0.385,
        "spot_idx": 3
      },
      "geometry": {
        "type": "Polygon",
        "coordinates": [
          [
            [
              98.375,
              3.975
            ],
            [
              98.4,
              3.975
            ],
            [
              98.4,
              4
            ],
            [
              98.375,
              4
            ],
            [
              98.375,
              3.975
            ]
          ]
        ]
      }
    },
    {
      "type": "Feature",
      "properties": {
        "id": "Langkat-528",
        "kabupaten": "Langkat",
        "prov": "SUMATERA UTARA",
        "depth_m": 1.93,
        "wave_order": 0.575,
        "spot_idx": 3
      },
      "geometry": {
        "type": "Polygon",
        "coordinates": [
          [
            [
              98.375,
              4
            ],
            [
              98.4,
              4
            ],
            [
              98.4,
              4.025
            ],
            [
              98.375,
              4.025
            ],
            [
              98.375,
              4
            ]
          ]
        ]
      }
    },
    {
      "type": "Feature",
      "properties": {
        "id": "Langkat-529",
        "kabupaten": "Langkat",
        "prov": "SUMATERA UTARA",
        "depth_m": 1.72,
        "wave_order": 0.469,
        "spot_idx": 3
      },
      "geometry": {
        "type": "Polygon",
        "coordinates": [
          [
            [
              98.4,
              3.7
            ],
            [
              98.425,
              3.7
            ],
            [
              98.425,
              3.725
            ],
            [
              98.4,
              3.725
            ],
            [
              98.4,
              3.7
            ]
          ]
        ]
      }
    },
    {
      "type": "Feature",
      "properties": {
        "id": "Langkat-530",
        "kabupaten": "Langkat",
        "prov": "SUMATERA UTARA",
        "depth_m": 2.06,
        "wave_order": 0.467,
        "spot_idx": 3
      },
      "geometry": {
        "type": "Polygon",
        "coordinates": [
          [
            [
              98.4,
              3.725
            ],
            [
              98.425,
              3.725
            ],
            [
              98.425,
              3.75
            ],
            [
              98.4,
              3.75
            ],
            [
              98.4,
              3.725
            ]
          ]
        ]
      }
    },
    {
      "type": "Feature",
      "properties": {
        "id": "Langkat-531",
        "kabupaten": "Langkat",
        "prov": "SUMATERA UTARA",
        "depth_m": 1.93,
        "wave_order": 0.288,
        "spot_idx": 3
      },
      "geometry": {
        "type": "Polygon",
        "coordinates": [
          [
            [
              98.4,
              3.75
            ],
            [
              98.425,
              3.75
            ],
            [
              98.425,
              3.775
            ],
            [
              98.4,
              3.775
            ],
            [
              98.4,
              3.75
            ]
          ]
        ]
      }
    },
    {
      "type": "Feature",
      "properties": {
        "id": "Langkat-532",
        "kabupaten": "Langkat",
        "prov": "SUMATERA UTARA",
        "depth_m": 2.35,
        "wave_order": 0.317,
        "spot_idx": 3
      },
      "geometry": {
        "type": "Polygon",
        "coordinates": [
          [
            [
              98.4,
              3.775
            ],
            [
              98.425,
              3.775
            ],
            [
              98.425,
              3.8
            ],
            [
              98.4,
              3.8
            ],
            [
              98.4,
              3.775
            ]
          ]
        ]
      }
    },
    {
      "type": "Feature",
      "properties": {
        "id": "Langkat-533",
        "kabupaten": "Langkat",
        "prov": "SUMATERA UTARA",
        "depth_m": 2.15,
        "wave_order": 0.116,
        "spot_idx": 3
      },
      "geometry": {
        "type": "Polygon",
        "coordinates": [
          [
            [
              98.4,
              3.8
            ],
            [
              98.425,
              3.8
            ],
            [
              98.425,
              3.825
            ],
            [
              98.4,
              3.825
            ],
            [
              98.4,
              3.8
            ]
          ]
        ]
      }
    },
    {
      "type": "Feature",
      "properties": {
        "id": "Langkat-534",
        "kabupaten": "Langkat",
        "prov": "SUMATERA UTARA",
        "depth_m": 2.61,
        "wave_order": 0.174,
        "spot_idx": 3
      },
      "geometry": {
        "type": "Polygon",
        "coordinates": [
          [
            [
              98.4,
              3.825
            ],
            [
              98.425,
              3.825
            ],
            [
              98.425,
              3.85
            ],
            [
              98.4,
              3.85
            ],
            [
              98.4,
              3.825
            ]
          ]
        ]
      }
    },
    {
      "type": "Feature",
      "properties": {
        "id": "Langkat-535",
        "kabupaten": "Langkat",
        "prov": "SUMATERA UTARA",
        "depth_m": 2.31,
        "wave_order": 0,
        "spot_idx": 3
      },
      "geometry": {
        "type": "Polygon",
        "coordinates": [
          [
            [
              98.4,
              3.85
            ],
            [
              98.425,
              3.85
            ],
            [
              98.425,
              3.875
            ],
            [
              98.4,
              3.875
            ],
            [
              98.4,
              3.85
            ]
          ]
        ]
      }
    },
    {
      "type": "Feature",
      "properties": {
        "id": "Langkat-536",
        "kabupaten": "Langkat",
        "prov": "SUMATERA UTARA",
        "depth_m": 2.62,
        "wave_order": 0.178,
        "spot_idx": 3
      },
      "geometry": {
        "type": "Polygon",
        "coordinates": [
          [
            [
              98.4,
              3.875
            ],
            [
              98.425,
              3.875
            ],
            [
              98.425,
              3.9
            ],
            [
              98.4,
              3.9
            ],
            [
              98.4,
              3.875
            ]
          ]
        ]
      }
    },
    {
      "type": "Feature",
      "properties": {
        "id": "Langkat-537",
        "kabupaten": "Langkat",
        "prov": "SUMATERA UTARA",
        "depth_m": 2.13,
        "wave_order": 0.109,
        "spot_idx": 3
      },
      "geometry": {
        "type": "Polygon",
        "coordinates": [
          [
            [
              98.4,
              3.9
            ],
            [
              98.425,
              3.9
            ],
            [
              98.425,
              3.925
            ],
            [
              98.4,
              3.925
            ],
            [
              98.4,
              3.9
            ]
          ]
        ]
      }
    },
    {
      "type": "Feature",
      "properties": {
        "id": "Langkat-538",
        "kabupaten": "Langkat",
        "prov": "SUMATERA UTARA",
        "depth_m": 2.38,
        "wave_order": 0.328,
        "spot_idx": 3
      },
      "geometry": {
        "type": "Polygon",
        "coordinates": [
          [
            [
              98.4,
              3.925
            ],
            [
              98.425,
              3.925
            ],
            [
              98.425,
              3.95
            ],
            [
              98.4,
              3.95
            ],
            [
              98.4,
              3.925
            ]
          ]
        ]
      }
    },
    {
      "type": "Feature",
      "properties": {
        "id": "Langkat-539",
        "kabupaten": "Langkat",
        "prov": "SUMATERA UTARA",
        "depth_m": 1.89,
        "wave_order": 0.274,
        "spot_idx": 3
      },
      "geometry": {
        "type": "Polygon",
        "coordinates": [
          [
            [
              98.4,
              3.95
            ],
            [
              98.425,
              3.95
            ],
            [
              98.425,
              3.975
            ],
            [
              98.4,
              3.975
            ],
            [
              98.4,
              3.95
            ]
          ]
        ]
      }
    },
    {
      "type": "Feature",
      "properties": {
        "id": "Langkat-540",
        "kabupaten": "Langkat",
        "prov": "SUMATERA UTARA",
        "depth_m": 2.11,
        "wave_order": 0.484,
        "spot_idx": 3
      },
      "geometry": {
        "type": "Polygon",
        "coordinates": [
          [
            [
              98.4,
              3.975
            ],
            [
              98.425,
              3.975
            ],
            [
              98.425,
              4
            ],
            [
              98.4,
              4
            ],
            [
              98.4,
              3.975
            ]
          ]
        ]
      }
    },
    {
      "type": "Feature",
      "properties": {
        "id": "Langkat-541",
        "kabupaten": "Langkat",
        "prov": "SUMATERA UTARA",
        "depth_m": 1.66,
        "wave_order": 0.449,
        "spot_idx": 3
      },
      "geometry": {
        "type": "Polygon",
        "coordinates": [
          [
            [
              98.4,
              4
            ],
            [
              98.425,
              4
            ],
            [
              98.425,
              4.025
            ],
            [
              98.4,
              4.025
            ],
            [
              98.4,
              4
            ]
          ]
        ]
      }
    },
    {
      "type": "Feature",
      "properties": {
        "id": "Langkat-542",
        "kabupaten": "Langkat",
        "prov": "SUMATERA UTARA",
        "depth_m": 1.92,
        "wave_order": 0.539,
        "spot_idx": 3
      },
      "geometry": {
        "type": "Polygon",
        "coordinates": [
          [
            [
              98.425,
              3.7
            ],
            [
              98.45,
              3.7
            ],
            [
              98.45,
              3.725
            ],
            [
              98.425,
              3.725
            ],
            [
              98.425,
              3.7
            ]
          ]
        ]
      }
    },
    {
      "type": "Feature",
      "properties": {
        "id": "Langkat-543",
        "kabupaten": "Langkat",
        "prov": "SUMATERA UTARA",
        "depth_m": 1.83,
        "wave_order": 0.371,
        "spot_idx": 3
      },
      "geometry": {
        "type": "Polygon",
        "coordinates": [
          [
            [
              98.425,
              3.725
            ],
            [
              98.45,
              3.725
            ],
            [
              98.45,
              3.75
            ],
            [
              98.425,
              3.75
            ],
            [
              98.425,
              3.725
            ]
          ]
        ]
      }
    },
    {
      "type": "Feature",
      "properties": {
        "id": "Langkat-544",
        "kabupaten": "Langkat",
        "prov": "SUMATERA UTARA",
        "depth_m": 2.22,
        "wave_order": 0.388,
        "spot_idx": 3
      },
      "geometry": {
        "type": "Polygon",
        "coordinates": [
          [
            [
              98.425,
              3.75
            ],
            [
              98.45,
              3.75
            ],
            [
              98.45,
              3.775
            ],
            [
              98.425,
              3.775
            ],
            [
              98.425,
              3.75
            ]
          ]
        ]
      }
    },
    {
      "type": "Feature",
      "properties": {
        "id": "Langkat-545",
        "kabupaten": "Langkat",
        "prov": "SUMATERA UTARA",
        "depth_m": 2.05,
        "wave_order": 0.19,
        "spot_idx": 3
      },
      "geometry": {
        "type": "Polygon",
        "coordinates": [
          [
            [
              98.425,
              3.775
            ],
            [
              98.45,
              3.775
            ],
            [
              98.45,
              3.8
            ],
            [
              98.425,
              3.8
            ],
            [
              98.425,
              3.775
            ]
          ]
        ]
      }
    },
    {
      "type": "Feature",
      "properties": {
        "id": "Langkat-546",
        "kabupaten": "Langkat",
        "prov": "SUMATERA UTARA",
        "depth_m": 2.51,
        "wave_order": 0.233,
        "spot_idx": 3
      },
      "geometry": {
        "type": "Polygon",
        "coordinates": [
          [
            [
              98.425,
              3.8
            ],
            [
              98.45,
              3.8
            ],
            [
              98.45,
              3.825
            ],
            [
              98.425,
              3.825
            ],
            [
              98.425,
              3.8
            ]
          ]
        ]
      }
    },
    {
      "type": "Feature",
      "properties": {
        "id": "Langkat-547",
        "kabupaten": "Langkat",
        "prov": "SUMATERA UTARA",
        "depth_m": 2.28,
        "wave_order": 0.015,
        "spot_idx": 3
      },
      "geometry": {
        "type": "Polygon",
        "coordinates": [
          [
            [
              98.425,
              3.825
            ],
            [
              98.45,
              3.825
            ],
            [
              98.45,
              3.85
            ],
            [
              98.425,
              3.85
            ],
            [
              98.425,
              3.825
            ]
          ]
        ]
      }
    },
    {
      "type": "Feature",
      "properties": {
        "id": "Langkat-548",
        "kabupaten": "Langkat",
        "prov": "SUMATERA UTARA",
        "depth_m": 2.77,
        "wave_order": 0.089,
        "spot_idx": 3
      },
      "geometry": {
        "type": "Polygon",
        "coordinates": [
          [
            [
              98.425,
              3.85
            ],
            [
              98.45,
              3.85
            ],
            [
              98.45,
              3.875
            ],
            [
              98.425,
              3.875
            ],
            [
              98.425,
              3.85
            ]
          ]
        ]
      }
    },
    {
      "type": "Feature",
      "properties": {
        "id": "Langkat-549",
        "kabupaten": "Langkat",
        "prov": "SUMATERA UTARA",
        "depth_m": 2.27,
        "wave_order": 0.011,
        "spot_idx": 3
      },
      "geometry": {
        "type": "Polygon",
        "coordinates": [
          [
            [
              98.425,
              3.875
            ],
            [
              98.45,
              3.875
            ],
            [
              98.45,
              3.9
            ],
            [
              98.425,
              3.9
            ],
            [
              98.425,
              3.875
            ]
          ]
        ]
      }
    },
    {
      "type": "Feature",
      "properties": {
        "id": "Langkat-550",
        "kabupaten": "Langkat",
        "prov": "SUMATERA UTARA",
        "depth_m": 2.53,
        "wave_order": 0.241,
        "spot_idx": 3
      },
      "geometry": {
        "type": "Polygon",
        "coordinates": [
          [
            [
              98.425,
              3.9
            ],
            [
              98.45,
              3.9
            ],
            [
              98.45,
              3.925
            ],
            [
              98.425,
              3.925
            ],
            [
              98.425,
              3.9
            ]
          ]
        ]
      }
    },
    {
      "type": "Feature",
      "properties": {
        "id": "Langkat-551",
        "kabupaten": "Langkat",
        "prov": "SUMATERA UTARA",
        "depth_m": 2.02,
        "wave_order": 0.179,
        "spot_idx": 3
      },
      "geometry": {
        "type": "Polygon",
        "coordinates": [
          [
            [
              98.425,
              3.925
            ],
            [
              98.45,
              3.925
            ],
            [
              98.45,
              3.95
            ],
            [
              98.425,
              3.95
            ],
            [
              98.425,
              3.925
            ]
          ]
        ]
      }
    },
    {
      "type": "Feature",
      "properties": {
        "id": "Langkat-552",
        "kabupaten": "Langkat",
        "prov": "SUMATERA UTARA",
        "depth_m": 2.26,
        "wave_order": 0.403,
        "spot_idx": 3
      },
      "geometry": {
        "type": "Polygon",
        "coordinates": [
          [
            [
              98.425,
              3.95
            ],
            [
              98.45,
              3.95
            ],
            [
              98.45,
              3.975
            ],
            [
              98.425,
              3.975
            ],
            [
              98.425,
              3.95
            ]
          ]
        ]
      }
    },
    {
      "type": "Feature",
      "properties": {
        "id": "Langkat-553",
        "kabupaten": "Langkat",
        "prov": "SUMATERA UTARA",
        "depth_m": 1.78,
        "wave_order": 0.354,
        "spot_idx": 3
      },
      "geometry": {
        "type": "Polygon",
        "coordinates": [
          [
            [
              98.425,
              3.975
            ],
            [
              98.45,
              3.975
            ],
            [
              98.45,
              4
            ],
            [
              98.425,
              4
            ],
            [
              98.425,
              3.975
            ]
          ]
        ]
      }
    },
    {
      "type": "Feature",
      "properties": {
        "id": "Langkat-554",
        "kabupaten": "Langkat",
        "prov": "SUMATERA UTARA",
        "depth_m": 1.97,
        "wave_order": 0.559,
        "spot_idx": 3
      },
      "geometry": {
        "type": "Polygon",
        "coordinates": [
          [
            [
              98.425,
              4
            ],
            [
              98.45,
              4
            ],
            [
              98.45,
              4.025
            ],
            [
              98.425,
              4.025
            ],
            [
              98.425,
              4
            ]
          ]
        ]
      }
    },
    {
      "type": "Feature",
      "properties": {
        "id": "Langkat-555",
        "kabupaten": "Langkat",
        "prov": "SUMATERA UTARA",
        "depth_m": 1.7,
        "wave_order": 0.472,
        "spot_idx": 3
      },
      "geometry": {
        "type": "Polygon",
        "coordinates": [
          [
            [
              98.45,
              3.7
            ],
            [
              98.475,
              3.7
            ],
            [
              98.475,
              3.725
            ],
            [
              98.45,
              3.725
            ],
            [
              98.45,
              3.7
            ]
          ]
        ]
      }
    },
    {
      "type": "Feature",
      "properties": {
        "id": "Langkat-556",
        "kabupaten": "Langkat",
        "prov": "SUMATERA UTARA",
        "depth_m": 2.06,
        "wave_order": 0.476,
        "spot_idx": 3
      },
      "geometry": {
        "type": "Polygon",
        "coordinates": [
          [
            [
              98.45,
              3.725
            ],
            [
              98.475,
              3.725
            ],
            [
              98.475,
              3.75
            ],
            [
              98.45,
              3.75
            ],
            [
              98.45,
              3.725
            ]
          ]
        ]
      }
    },
    {
      "type": "Feature",
      "properties": {
        "id": "Langkat-557",
        "kabupaten": "Langkat",
        "prov": "SUMATERA UTARA",
        "depth_m": 1.91,
        "wave_order": 0.294,
        "spot_idx": 3
      },
      "geometry": {
        "type": "Polygon",
        "coordinates": [
          [
            [
              98.45,
              3.75
            ],
            [
              98.475,
              3.75
            ],
            [
              98.475,
              3.775
            ],
            [
              98.45,
              3.775
            ],
            [
              98.45,
              3.75
            ]
          ]
        ]
      }
    },
    {
      "type": "Feature",
      "properties": {
        "id": "Langkat-558",
        "kabupaten": "Langkat",
        "prov": "SUMATERA UTARA",
        "depth_m": 2.34,
        "wave_order": 0.331,
        "spot_idx": 3
      },
      "geometry": {
        "type": "Polygon",
        "coordinates": [
          [
            [
              98.45,
              3.775
            ],
            [
              98.475,
              3.775
            ],
            [
              98.475,
              3.8
            ],
            [
              98.45,
              3.8
            ],
            [
              98.45,
              3.775
            ]
          ]
        ]
      }
    },
    {
      "type": "Feature",
      "properties": {
        "id": "Langkat-559",
        "kabupaten": "Langkat",
        "prov": "SUMATERA UTARA",
        "depth_m": 2.12,
        "wave_order": 0.128,
        "spot_idx": 3
      },
      "geometry": {
        "type": "Polygon",
        "coordinates": [
          [
            [
              98.45,
              3.8
            ],
            [
              98.475,
              3.8
            ],
            [
              98.475,
              3.825
            ],
            [
              98.45,
              3.825
            ],
            [
              98.45,
              3.8
            ]
          ]
        ]
      }
    },
    {
      "type": "Feature",
      "properties": {
        "id": "Langkat-560",
        "kabupaten": "Langkat",
        "prov": "SUMATERA UTARA",
        "depth_m": 2.59,
        "wave_order": 0.201,
        "spot_idx": 3
      },
      "geometry": {
        "type": "Polygon",
        "coordinates": [
          [
            [
              98.45,
              3.825
            ],
            [
              98.475,
              3.825
            ],
            [
              98.475,
              3.85
            ],
            [
              98.45,
              3.85
            ],
            [
              98.45,
              3.825
            ]
          ]
        ]
      }
    },
    {
      "type": "Feature",
      "properties": {
        "id": "Langkat-561",
        "kabupaten": "Langkat",
        "prov": "SUMATERA UTARA",
        "depth_m": 2.25,
        "wave_order": 0.026,
        "spot_idx": 3
      },
      "geometry": {
        "type": "Polygon",
        "coordinates": [
          [
            [
              98.45,
              3.85
            ],
            [
              98.475,
              3.85
            ],
            [
              98.475,
              3.875
            ],
            [
              98.45,
              3.875
            ],
            [
              98.45,
              3.85
            ]
          ]
        ]
      }
    },
    {
      "type": "Feature",
      "properties": {
        "id": "Langkat-562",
        "kabupaten": "Langkat",
        "prov": "SUMATERA UTARA",
        "depth_m": 2.6,
        "wave_order": 0.205,
        "spot_idx": 3
      },
      "geometry": {
        "type": "Polygon",
        "coordinates": [
          [
            [
              98.45,
              3.875
            ],
            [
              98.475,
              3.875
            ],
            [
              98.475,
              3.9
            ],
            [
              98.45,
              3.9
            ],
            [
              98.45,
              3.875
            ]
          ]
        ]
      }
    },
    {
      "type": "Feature",
      "properties": {
        "id": "Langkat-563",
        "kabupaten": "Langkat",
        "prov": "SUMATERA UTARA",
        "depth_m": 2.1,
        "wave_order": 0.12,
        "spot_idx": 3
      },
      "geometry": {
        "type": "Polygon",
        "coordinates": [
          [
            [
              98.45,
              3.9
            ],
            [
              98.475,
              3.9
            ],
            [
              98.475,
              3.925
            ],
            [
              98.45,
              3.925
            ],
            [
              98.45,
              3.9
            ]
          ]
        ]
      }
    },
    {
      "type": "Feature",
      "properties": {
        "id": "Langkat-564",
        "kabupaten": "Langkat",
        "prov": "SUMATERA UTARA",
        "depth_m": 2.37,
        "wave_order": 0.342,
        "spot_idx": 3
      },
      "geometry": {
        "type": "Polygon",
        "coordinates": [
          [
            [
              98.45,
              3.925
            ],
            [
              98.475,
              3.925
            ],
            [
              98.475,
              3.95
            ],
            [
              98.45,
              3.95
            ],
            [
              98.45,
              3.925
            ]
          ]
        ]
      }
    },
    {
      "type": "Feature",
      "properties": {
        "id": "Langkat-565",
        "kabupaten": "Langkat",
        "prov": "SUMATERA UTARA",
        "depth_m": 1.87,
        "wave_order": 0.279,
        "spot_idx": 3
      },
      "geometry": {
        "type": "Polygon",
        "coordinates": [
          [
            [
              98.45,
              3.95
            ],
            [
              98.475,
              3.95
            ],
            [
              98.475,
              3.975
            ],
            [
              98.45,
              3.975
            ],
            [
              98.45,
              3.95
            ]
          ]
        ]
      }
    },
    {
      "type": "Feature",
      "properties": {
        "id": "Langkat-566",
        "kabupaten": "Langkat",
        "prov": "SUMATERA UTARA",
        "depth_m": 2.1,
        "wave_order": 0.494,
        "spot_idx": 3
      },
      "geometry": {
        "type": "Polygon",
        "coordinates": [
          [
            [
              98.45,
              3.975
            ],
            [
              98.475,
              3.975
            ],
            [
              98.475,
              4
            ],
            [
              98.45,
              4
            ],
            [
              98.45,
              3.975
            ]
          ]
        ]
      }
    },
    {
      "type": "Feature",
      "properties": {
        "id": "Langkat-567",
        "kabupaten": "Langkat",
        "prov": "SUMATERA UTARA",
        "depth_m": 1.65,
        "wave_order": 0.451,
        "spot_idx": 3
      },
      "geometry": {
        "type": "Polygon",
        "coordinates": [
          [
            [
              98.45,
              4
            ],
            [
              98.475,
              4
            ],
            [
              98.475,
              4.025
            ],
            [
              98.45,
              4.025
            ],
            [
              98.45,
              4
            ]
          ]
        ]
      }
    },
    {
      "type": "Feature",
      "properties": {
        "id": "Langkat-568",
        "kabupaten": "Langkat",
        "prov": "SUMATERA UTARA",
        "depth_m": 1.87,
        "wave_order": 0.571,
        "spot_idx": 3
      },
      "geometry": {
        "type": "Polygon",
        "coordinates": [
          [
            [
              98.475,
              3.7
            ],
            [
              98.5,
              3.7
            ],
            [
              98.5,
              3.725
            ],
            [
              98.475,
              3.725
            ],
            [
              98.475,
              3.7
            ]
          ]
        ]
      }
    },
    {
      "type": "Feature",
      "properties": {
        "id": "Langkat-569",
        "kabupaten": "Langkat",
        "prov": "SUMATERA UTARA",
        "depth_m": 1.76,
        "wave_order": 0.409,
        "spot_idx": 3
      },
      "geometry": {
        "type": "Polygon",
        "coordinates": [
          [
            [
              98.475,
              3.725
            ],
            [
              98.5,
              3.725
            ],
            [
              98.5,
              3.75
            ],
            [
              98.475,
              3.75
            ],
            [
              98.475,
              3.725
            ]
          ]
        ]
      }
    },
    {
      "type": "Feature",
      "properties": {
        "id": "Langkat-570",
        "kabupaten": "Langkat",
        "prov": "SUMATERA UTARA",
        "depth_m": 2.15,
        "wave_order": 0.435,
        "spot_idx": 3
      },
      "geometry": {
        "type": "Polygon",
        "coordinates": [
          [
            [
              98.475,
              3.75
            ],
            [
              98.5,
              3.75
            ],
            [
              98.5,
              3.775
            ],
            [
              98.475,
              3.775
            ],
            [
              98.475,
              3.75
            ]
          ]
        ]
      }
    },
    {
      "type": "Feature",
      "properties": {
        "id": "Langkat-571",
        "kabupaten": "Langkat",
        "prov": "SUMATERA UTARA",
        "depth_m": 1.95,
        "wave_order": 0.249,
        "spot_idx": 3
      },
      "geometry": {
        "type": "Polygon",
        "coordinates": [
          [
            [
              98.475,
              3.775
            ],
            [
              98.5,
              3.775
            ],
            [
              98.5,
              3.8
            ],
            [
              98.475,
              3.8
            ],
            [
              98.475,
              3.775
            ]
          ]
        ]
      }
    },
    {
      "type": "Feature",
      "properties": {
        "id": "Langkat-572",
        "kabupaten": "Langkat",
        "prov": "SUMATERA UTARA",
        "depth_m": 2.39,
        "wave_order": 0.315,
        "spot_idx": 3
      },
      "geometry": {
        "type": "Polygon",
        "coordinates": [
          [
            [
              98.475,
              3.8
            ],
            [
              98.5,
              3.8
            ],
            [
              98.5,
              3.825
            ],
            [
              98.475,
              3.825
            ],
            [
              98.475,
              3.8
            ]
          ]
        ]
      }
    },
    {
      "type": "Feature",
      "properties": {
        "id": "Langkat-573",
        "kabupaten": "Langkat",
        "prov": "SUMATERA UTARA",
        "depth_m": 2.1,
        "wave_order": 0.131,
        "spot_idx": 3
      },
      "geometry": {
        "type": "Polygon",
        "coordinates": [
          [
            [
              98.475,
              3.825
            ],
            [
              98.5,
              3.825
            ],
            [
              98.5,
              3.85
            ],
            [
              98.475,
              3.85
            ],
            [
              98.475,
              3.825
            ]
          ]
        ]
      }
    },
    {
      "type": "Feature",
      "properties": {
        "id": "Langkat-574",
        "kabupaten": "Langkat",
        "prov": "SUMATERA UTARA",
        "depth_m": 2.51,
        "wave_order": 0.257,
        "spot_idx": 3
      },
      "geometry": {
        "type": "Polygon",
        "coordinates": [
          [
            [
              98.475,
              3.85
            ],
            [
              98.5,
              3.85
            ],
            [
              98.5,
              3.875
            ],
            [
              98.475,
              3.875
            ],
            [
              98.475,
              3.85
            ]
          ]
        ]
      }
    },
    {
      "type": "Feature",
      "properties": {
        "id": "Langkat-575",
        "kabupaten": "Langkat",
        "prov": "SUMATERA UTARA",
        "depth_m": 2.09,
        "wave_order": 0.127,
        "spot_idx": 3
      },
      "geometry": {
        "type": "Polygon",
        "coordinates": [
          [
            [
              98.475,
              3.875
            ],
            [
              98.5,
              3.875
            ],
            [
              98.5,
              3.9
            ],
            [
              98.475,
              3.9
            ],
            [
              98.475,
              3.875
            ]
          ]
        ]
      }
    },
    {
      "type": "Feature",
      "properties": {
        "id": "Langkat-576",
        "kabupaten": "Langkat",
        "prov": "SUMATERA UTARA",
        "depth_m": 2.41,
        "wave_order": 0.322,
        "spot_idx": 3
      },
      "geometry": {
        "type": "Polygon",
        "coordinates": [
          [
            [
              98.475,
              3.9
            ],
            [
              98.5,
              3.9
            ],
            [
              98.5,
              3.925
            ],
            [
              98.475,
              3.925
            ],
            [
              98.475,
              3.9
            ]
          ]
        ]
      }
    },
    {
      "type": "Feature",
      "properties": {
        "id": "Langkat-577",
        "kabupaten": "Langkat",
        "prov": "SUMATERA UTARA",
        "depth_m": 1.92,
        "wave_order": 0.238,
        "spot_idx": 3
      },
      "geometry": {
        "type": "Polygon",
        "coordinates": [
          [
            [
              98.475,
              3.925
            ],
            [
              98.5,
              3.925
            ],
            [
              98.5,
              3.95
            ],
            [
              98.475,
              3.95
            ],
            [
              98.475,
              3.925
            ]
          ]
        ]
      }
    },
    {
      "type": "Feature",
      "properties": {
        "id": "Langkat-578",
        "kabupaten": "Langkat",
        "prov": "SUMATERA UTARA",
        "depth_m": 2.19,
        "wave_order": 0.45,
        "spot_idx": 3
      },
      "geometry": {
        "type": "Polygon",
        "coordinates": [
          [
            [
              98.475,
              3.95
            ],
            [
              98.5,
              3.95
            ],
            [
              98.5,
              3.975
            ],
            [
              98.475,
              3.975
            ],
            [
              98.475,
              3.95
            ]
          ]
        ]
      }
    },
    {
      "type": "Feature",
      "properties": {
        "id": "Langkat-579",
        "kabupaten": "Langkat",
        "prov": "SUMATERA UTARA",
        "depth_m": 1.72,
        "wave_order": 0.391,
        "spot_idx": 3
      },
      "geometry": {
        "type": "Polygon",
        "coordinates": [
          [
            [
              98.475,
              3.975
            ],
            [
              98.5,
              3.975
            ],
            [
              98.5,
              4
            ],
            [
              98.475,
              4
            ],
            [
              98.475,
              3.975
            ]
          ]
        ]
      }
    },
    {
      "type": "Feature",
      "properties": {
        "id": "Langkat-580",
        "kabupaten": "Langkat",
        "prov": "SUMATERA UTARA",
        "depth_m": 1.92,
        "wave_order": 0.592,
        "spot_idx": 3
      },
      "geometry": {
        "type": "Polygon",
        "coordinates": [
          [
            [
              98.475,
              4
            ],
            [
              98.5,
              4
            ],
            [
              98.5,
              4.025
            ],
            [
              98.475,
              4.025
            ],
            [
              98.475,
              4
            ]
          ]
        ]
      }
    },
    {
      "type": "Feature",
      "properties": {
        "id": "Langkat-581",
        "kabupaten": "Langkat",
        "prov": "SUMATERA UTARA",
        "depth_m": 1.62,
        "wave_order": 0.53,
        "spot_idx": 3
      },
      "geometry": {
        "type": "Polygon",
        "coordinates": [
          [
            [
              98.5,
              3.7
            ],
            [
              98.525,
              3.7
            ],
            [
              98.525,
              3.725
            ],
            [
              98.5,
              3.725
            ],
            [
              98.5,
              3.7
            ]
          ]
        ]
      }
    },
    {
      "type": "Feature",
      "properties": {
        "id": "Langkat-582",
        "kabupaten": "Langkat",
        "prov": "SUMATERA UTARA",
        "depth_m": 1.95,
        "wave_order": 0.541,
        "spot_idx": 3
      },
      "geometry": {
        "type": "Polygon",
        "coordinates": [
          [
            [
              98.5,
              3.725
            ],
            [
              98.525,
              3.725
            ],
            [
              98.525,
              3.75
            ],
            [
              98.5,
              3.75
            ],
            [
              98.5,
              3.725
            ]
          ]
        ]
      }
    },
    {
      "type": "Feature",
      "properties": {
        "id": "Langkat-583",
        "kabupaten": "Langkat",
        "prov": "SUMATERA UTARA",
        "depth_m": 1.79,
        "wave_order": 0.374,
        "spot_idx": 3
      },
      "geometry": {
        "type": "Polygon",
        "coordinates": [
          [
            [
              98.5,
              3.75
            ],
            [
              98.525,
              3.75
            ],
            [
              98.525,
              3.775
            ],
            [
              98.5,
              3.775
            ],
            [
              98.5,
              3.75
            ]
          ]
        ]
      }
    },
    {
      "type": "Feature",
      "properties": {
        "id": "Langkat-584",
        "kabupaten": "Langkat",
        "prov": "SUMATERA UTARA",
        "depth_m": 2.19,
        "wave_order": 0.426,
        "spot_idx": 3
      },
      "geometry": {
        "type": "Polygon",
        "coordinates": [
          [
            [
              98.5,
              3.775
            ],
            [
              98.525,
              3.775
            ],
            [
              98.525,
              3.8
            ],
            [
              98.5,
              3.8
            ],
            [
              98.5,
              3.775
            ]
          ]
        ]
      }
    },
    {
      "type": "Feature",
      "properties": {
        "id": "Langkat-585",
        "kabupaten": "Langkat",
        "prov": "SUMATERA UTARA",
        "depth_m": 1.94,
        "wave_order": 0.25,
        "spot_idx": 3
      },
      "geometry": {
        "type": "Polygon",
        "coordinates": [
          [
            [
              98.5,
              3.8
            ],
            [
              98.525,
              3.8
            ],
            [
              98.525,
              3.825
            ],
            [
              98.5,
              3.825
            ],
            [
              98.5,
              3.8
            ]
          ]
        ]
      }
    },
    {
      "type": "Feature",
      "properties": {
        "id": "Langkat-586",
        "kabupaten": "Langkat",
        "prov": "SUMATERA UTARA",
        "depth_m": 2.35,
        "wave_order": 0.349,
        "spot_idx": 3
      },
      "geometry": {
        "type": "Polygon",
        "coordinates": [
          [
            [
              98.5,
              3.825
            ],
            [
              98.525,
              3.825
            ],
            [
              98.525,
              3.85
            ],
            [
              98.5,
              3.85
            ],
            [
              98.5,
              3.825
            ]
          ]
        ]
      }
    },
    {
      "type": "Feature",
      "properties": {
        "id": "Langkat-587",
        "kabupaten": "Langkat",
        "prov": "SUMATERA UTARA",
        "depth_m": 1.99,
        "wave_order": 0.195,
        "spot_idx": 3
      },
      "geometry": {
        "type": "Polygon",
        "coordinates": [
          [
            [
              98.5,
              3.85
            ],
            [
              98.525,
              3.85
            ],
            [
              98.525,
              3.875
            ],
            [
              98.5,
              3.875
            ],
            [
              98.5,
              3.85
            ]
          ]
        ]
      }
    },
    {
      "type": "Feature",
      "properties": {
        "id": "Langkat-588",
        "kabupaten": "Langkat",
        "prov": "SUMATERA UTARA",
        "depth_m": 2.36,
        "wave_order": 0.352,
        "spot_idx": 3
      },
      "geometry": {
        "type": "Polygon",
        "coordinates": [
          [
            [
              98.5,
              3.875
            ],
            [
              98.525,
              3.875
            ],
            [
              98.525,
              3.9
            ],
            [
              98.5,
              3.9
            ],
            [
              98.5,
              3.875
            ]
          ]
        ]
      }
    },
    {
      "type": "Feature",
      "properties": {
        "id": "Langkat-589",
        "kabupaten": "Langkat",
        "prov": "SUMATERA UTARA",
        "depth_m": 1.92,
        "wave_order": 0.242,
        "spot_idx": 3
      },
      "geometry": {
        "type": "Polygon",
        "coordinates": [
          [
            [
              98.5,
              3.9
            ],
            [
              98.525,
              3.9
            ],
            [
              98.525,
              3.925
            ],
            [
              98.5,
              3.925
            ],
            [
              98.5,
              3.9
            ]
          ]
        ]
      }
    },
    {
      "type": "Feature",
      "properties": {
        "id": "Langkat-590",
        "kabupaten": "Langkat",
        "prov": "SUMATERA UTARA",
        "depth_m": 2.22,
        "wave_order": 0.437,
        "spot_idx": 3
      },
      "geometry": {
        "type": "Polygon",
        "coordinates": [
          [
            [
              98.5,
              3.925
            ],
            [
              98.525,
              3.925
            ],
            [
              98.525,
              3.95
            ],
            [
              98.5,
              3.95
            ],
            [
              98.5,
              3.925
            ]
          ]
        ]
      }
    },
    {
      "type": "Feature",
      "properties": {
        "id": "Langkat-591",
        "kabupaten": "Langkat",
        "prov": "SUMATERA UTARA",
        "depth_m": 1.75,
        "wave_order": 0.36,
        "spot_idx": 3
      },
      "geometry": {
        "type": "Polygon",
        "coordinates": [
          [
            [
              98.5,
              3.95
            ],
            [
              98.525,
              3.95
            ],
            [
              98.525,
              3.975
            ],
            [
              98.5,
              3.975
            ],
            [
              98.5,
              3.95
            ]
          ]
        ]
      }
    },
    {
      "type": "Feature",
      "properties": {
        "id": "Langkat-592",
        "kabupaten": "Langkat",
        "prov": "SUMATERA UTARA",
        "depth_m": 2,
        "wave_order": 0.558,
        "spot_idx": 3
      },
      "geometry": {
        "type": "Polygon",
        "coordinates": [
          [
            [
              98.5,
              3.975
            ],
            [
              98.525,
              3.975
            ],
            [
              98.525,
              4
            ],
            [
              98.5,
              4
            ],
            [
              98.5,
              3.975
            ]
          ]
        ]
      }
    },
    {
      "type": "Feature",
      "properties": {
        "id": "Langkat-593",
        "kabupaten": "Langkat",
        "prov": "SUMATERA UTARA",
        "depth_m": 1.56,
        "wave_order": 0.51,
        "spot_idx": 3
      },
      "geometry": {
        "type": "Polygon",
        "coordinates": [
          [
            [
              98.5,
              4
            ],
            [
              98.525,
              4
            ],
            [
              98.525,
              4.025
            ],
            [
              98.5,
              4.025
            ],
            [
              98.5,
              4
            ]
          ]
        ]
      }
    },
    {
      "type": "Feature",
      "properties": {
        "id": "Langkat-594",
        "kabupaten": "Langkat",
        "prov": "SUMATERA UTARA",
        "depth_m": 1.74,
        "wave_order": 0.647,
        "spot_idx": 3
      },
      "geometry": {
        "type": "Polygon",
        "coordinates": [
          [
            [
              98.525,
              3.7
            ],
            [
              98.55,
              3.7
            ],
            [
              98.55,
              3.725
            ],
            [
              98.525,
              3.725
            ],
            [
              98.525,
              3.7
            ]
          ]
        ]
      }
    },
    {
      "type": "Feature",
      "properties": {
        "id": "Langkat-595",
        "kabupaten": "Langkat",
        "prov": "SUMATERA UTARA",
        "depth_m": 1.63,
        "wave_order": 0.501,
        "spot_idx": 3
      },
      "geometry": {
        "type": "Polygon",
        "coordinates": [
          [
            [
              98.525,
              3.725
            ],
            [
              98.55,
              3.725
            ],
            [
              98.55,
              3.75
            ],
            [
              98.525,
              3.75
            ],
            [
              98.525,
              3.725
            ]
          ]
        ]
      }
    },
    {
      "type": "Feature",
      "properties": {
        "id": "Langkat-596",
        "kabupaten": "Langkat",
        "prov": "SUMATERA UTARA",
        "depth_m": 1.98,
        "wave_order": 0.535,
        "spot_idx": 3
      },
      "geometry": {
        "type": "Polygon",
        "coordinates": [
          [
            [
              98.525,
              3.75
            ],
            [
              98.55,
              3.75
            ],
            [
              98.55,
              3.775
            ],
            [
              98.525,
              3.775
            ],
            [
              98.525,
              3.75
            ]
          ]
        ]
      }
    },
    {
      "type": "Feature",
      "properties": {
        "id": "Langkat-597",
        "kabupaten": "Langkat",
        "prov": "SUMATERA UTARA",
        "depth_m": 1.78,
        "wave_order": 0.374,
        "spot_idx": 3
      },
      "geometry": {
        "type": "Polygon",
        "coordinates": [
          [
            [
              98.525,
              3.775
            ],
            [
              98.55,
              3.775
            ],
            [
              98.55,
              3.8
            ],
            [
              98.525,
              3.8
            ],
            [
              98.525,
              3.775
            ]
          ]
        ]
      }
    },
    {
      "type": "Feature",
      "properties": {
        "id": "Langkat-598",
        "kabupaten": "Langkat",
        "prov": "SUMATERA UTARA",
        "depth_m": 2.16,
        "wave_order": 0.45,
        "spot_idx": 3
      },
      "geometry": {
        "type": "Polygon",
        "coordinates": [
          [
            [
              98.525,
              3.8
            ],
            [
              98.55,
              3.8
            ],
            [
              98.55,
              3.825
            ],
            [
              98.525,
              3.825
            ],
            [
              98.525,
              3.8
            ]
          ]
        ]
      }
    },
    {
      "type": "Feature",
      "properties": {
        "id": "Langkat-599",
        "kabupaten": "Langkat",
        "prov": "SUMATERA UTARA",
        "depth_m": 1.86,
        "wave_order": 0.294,
        "spot_idx": 3
      },
      "geometry": {
        "type": "Polygon",
        "coordinates": [
          [
            [
              98.525,
              3.825
            ],
            [
              98.55,
              3.825
            ],
            [
              98.55,
              3.85
            ],
            [
              98.525,
              3.85
            ],
            [
              98.525,
              3.825
            ]
          ]
        ]
      }
    },
    {
      "type": "Feature",
      "properties": {
        "id": "Langkat-600",
        "kabupaten": "Langkat",
        "prov": "SUMATERA UTARA",
        "depth_m": 2.24,
        "wave_order": 0.419,
        "spot_idx": 3
      },
      "geometry": {
        "type": "Polygon",
        "coordinates": [
          [
            [
              98.525,
              3.85
            ],
            [
              98.55,
              3.85
            ],
            [
              98.55,
              3.875
            ],
            [
              98.525,
              3.875
            ],
            [
              98.525,
              3.85
            ]
          ]
        ]
      }
    },
    {
      "type": "Feature",
      "properties": {
        "id": "Langkat-601",
        "kabupaten": "Langkat",
        "prov": "SUMATERA UTARA",
        "depth_m": 1.85,
        "wave_order": 0.291,
        "spot_idx": 3
      },
      "geometry": {
        "type": "Polygon",
        "coordinates": [
          [
            [
              98.525,
              3.875
            ],
            [
              98.55,
              3.875
            ],
            [
              98.55,
              3.9
            ],
            [
              98.525,
              3.9
            ],
            [
              98.525,
              3.875
            ]
          ]
        ]
      }
    },
    {
      "type": "Feature",
      "properties": {
        "id": "Langkat-602",
        "kabupaten": "Langkat",
        "prov": "SUMATERA UTARA",
        "depth_m": 2.18,
        "wave_order": 0.457,
        "spot_idx": 3
      },
      "geometry": {
        "type": "Polygon",
        "coordinates": [
          [
            [
              98.525,
              3.9
            ],
            [
              98.55,
              3.9
            ],
            [
              98.55,
              3.925
            ],
            [
              98.525,
              3.925
            ],
            [
              98.525,
              3.9
            ]
          ]
        ]
      }
    },
    {
      "type": "Feature",
      "properties": {
        "id": "Langkat-603",
        "kabupaten": "Langkat",
        "prov": "SUMATERA UTARA",
        "depth_m": 1.75,
        "wave_order": 0.363,
        "spot_idx": 3
      },
      "geometry": {
        "type": "Polygon",
        "coordinates": [
          [
            [
              98.525,
              3.925
            ],
            [
              98.55,
              3.925
            ],
            [
              98.55,
              3.95
            ],
            [
              98.525,
              3.95
            ],
            [
              98.525,
              3.925
            ]
          ]
        ]
      }
    },
    {
      "type": "Feature",
      "properties": {
        "id": "Langkat-604",
        "kabupaten": "Langkat",
        "prov": "SUMATERA UTARA",
        "depth_m": 2.02,
        "wave_order": 0.548,
        "spot_idx": 3
      },
      "geometry": {
        "type": "Polygon",
        "coordinates": [
          [
            [
              98.525,
              3.95
            ],
            [
              98.55,
              3.95
            ],
            [
              98.55,
              3.975
            ],
            [
              98.525,
              3.975
            ],
            [
              98.525,
              3.95
            ]
          ]
        ]
      }
    },
    {
      "type": "Feature",
      "properties": {
        "id": "Langkat-605",
        "kabupaten": "Langkat",
        "prov": "SUMATERA UTARA",
        "depth_m": 1.59,
        "wave_order": 0.485,
        "spot_idx": 3
      },
      "geometry": {
        "type": "Polygon",
        "coordinates": [
          [
            [
              98.525,
              3.975
            ],
            [
              98.55,
              3.975
            ],
            [
              98.55,
              4
            ],
            [
              98.525,
              4
            ],
            [
              98.525,
              3.975
            ]
          ]
        ]
      }
    },
    {
      "type": "Feature",
      "properties": {
        "id": "Langkat-606",
        "kabupaten": "Langkat",
        "prov": "SUMATERA UTARA",
        "depth_m": 1.79,
        "wave_order": 0.666,
        "spot_idx": 3
      },
      "geometry": {
        "type": "Polygon",
        "coordinates": [
          [
            [
              98.525,
              4
            ],
            [
              98.55,
              4
            ],
            [
              98.55,
              4.025
            ],
            [
              98.525,
              4.025
            ],
            [
              98.525,
              4
            ]
          ]
        ]
      }
    },
    {
      "type": "Feature",
      "properties": {
        "id": "Langkat-607",
        "kabupaten": "Langkat",
        "prov": "SUMATERA UTARA",
        "depth_m": 1.48,
        "wave_order": 0.629,
        "spot_idx": 3
      },
      "geometry": {
        "type": "Polygon",
        "coordinates": [
          [
            [
              98.55,
              3.7
            ],
            [
              98.575,
              3.7
            ],
            [
              98.575,
              3.725
            ],
            [
              98.55,
              3.725
            ],
            [
              98.55,
              3.7
            ]
          ]
        ]
      }
    },
    {
      "type": "Feature",
      "properties": {
        "id": "Langkat-608",
        "kabupaten": "Langkat",
        "prov": "SUMATERA UTARA",
        "depth_m": 1.77,
        "wave_order": 0.643,
        "spot_idx": 3
      },
      "geometry": {
        "type": "Polygon",
        "coordinates": [
          [
            [
              98.55,
              3.725
            ],
            [
              98.575,
              3.725
            ],
            [
              98.575,
              3.75
            ],
            [
              98.55,
              3.75
            ],
            [
              98.55,
              3.725
            ]
          ]
        ]
      }
    },
    {
      "type": "Feature",
      "properties": {
        "id": "Langkat-609",
        "kabupaten": "Langkat",
        "prov": "SUMATERA UTARA",
        "depth_m": 1.62,
        "wave_order": 0.5,
        "spot_idx": 3
      },
      "geometry": {
        "type": "Polygon",
        "coordinates": [
          [
            [
              98.55,
              3.75
            ],
            [
              98.575,
              3.75
            ],
            [
              98.575,
              3.775
            ],
            [
              98.55,
              3.775
            ],
            [
              98.55,
              3.75
            ]
          ]
        ]
      }
    },
    {
      "type": "Feature",
      "properties": {
        "id": "Langkat-610",
        "kabupaten": "Langkat",
        "prov": "SUMATERA UTARA",
        "depth_m": 1.96,
        "wave_order": 0.554,
        "spot_idx": 3
      },
      "geometry": {
        "type": "Polygon",
        "coordinates": [
          [
            [
              98.55,
              3.775
            ],
            [
              98.575,
              3.775
            ],
            [
              98.575,
              3.8
            ],
            [
              98.55,
              3.8
            ],
            [
              98.55,
              3.775
            ]
          ]
        ]
      }
    },
    {
      "type": "Feature",
      "properties": {
        "id": "Langkat-611",
        "kabupaten": "Langkat",
        "prov": "SUMATERA UTARA",
        "depth_m": 1.72,
        "wave_order": 0.407,
        "spot_idx": 3
      },
      "geometry": {
        "type": "Polygon",
        "coordinates": [
          [
            [
              98.55,
              3.8
            ],
            [
              98.575,
              3.8
            ],
            [
              98.575,
              3.825
            ],
            [
              98.55,
              3.825
            ],
            [
              98.55,
              3.8
            ]
          ]
        ]
      }
    },
    {
      "type": "Feature",
      "properties": {
        "id": "Langkat-612",
        "kabupaten": "Langkat",
        "prov": "SUMATERA UTARA",
        "depth_m": 2.07,
        "wave_order": 0.503,
        "spot_idx": 3
      },
      "geometry": {
        "type": "Polygon",
        "coordinates": [
          [
            [
              98.55,
              3.825
            ],
            [
              98.575,
              3.825
            ],
            [
              98.575,
              3.85
            ],
            [
              98.55,
              3.85
            ],
            [
              98.55,
              3.825
            ]
          ]
        ]
      }
    },
    {
      "type": "Feature",
      "properties": {
        "id": "Langkat-613",
        "kabupaten": "Langkat",
        "prov": "SUMATERA UTARA",
        "depth_m": 1.75,
        "wave_order": 0.37,
        "spot_idx": 3
      },
      "geometry": {
        "type": "Polygon",
        "coordinates": [
          [
            [
              98.55,
              3.85
            ],
            [
              98.575,
              3.85
            ],
            [
              98.575,
              3.875
            ],
            [
              98.55,
              3.875
            ],
            [
              98.55,
              3.85
            ]
          ]
        ]
      }
    },
    {
      "type": "Feature",
      "properties": {
        "id": "Langkat-614",
        "kabupaten": "Langkat",
        "prov": "SUMATERA UTARA",
        "depth_m": 2.08,
        "wave_order": 0.507,
        "spot_idx": 3
      },
      "geometry": {
        "type": "Polygon",
        "coordinates": [
          [
            [
              98.55,
              3.875
            ],
            [
              98.575,
              3.875
            ],
            [
              98.575,
              3.9
            ],
            [
              98.55,
              3.9
            ],
            [
              98.55,
              3.875
            ]
          ]
        ]
      }
    },
    {
      "type": "Feature",
      "properties": {
        "id": "Langkat-615",
        "kabupaten": "Langkat",
        "prov": "SUMATERA UTARA",
        "depth_m": 1.7,
        "wave_order": 0.4,
        "spot_idx": 3
      },
      "geometry": {
        "type": "Polygon",
        "coordinates": [
          [
            [
              98.55,
              3.9
            ],
            [
              98.575,
              3.9
            ],
            [
              98.575,
              3.925
            ],
            [
              98.55,
              3.925
            ],
            [
              98.55,
              3.9
            ]
          ]
        ]
      }
    },
    {
      "type": "Feature",
      "properties": {
        "id": "Langkat-616",
        "kabupaten": "Langkat",
        "prov": "SUMATERA UTARA",
        "depth_m": 1.99,
        "wave_order": 0.564,
        "spot_idx": 3
      },
      "geometry": {
        "type": "Polygon",
        "coordinates": [
          [
            [
              98.55,
              3.925
            ],
            [
              98.575,
              3.925
            ],
            [
              98.575,
              3.95
            ],
            [
              98.55,
              3.95
            ],
            [
              98.55,
              3.925
            ]
          ]
        ]
      }
    },
    {
      "type": "Feature",
      "properties": {
        "id": "Langkat-617",
        "kabupaten": "Langkat",
        "prov": "SUMATERA UTARA",
        "depth_m": 1.59,
        "wave_order": 0.487,
        "spot_idx": 3
      },
      "geometry": {
        "type": "Polygon",
        "coordinates": [
          [
            [
              98.55,
              3.95
            ],
            [
              98.575,
              3.95
            ],
            [
              98.575,
              3.975
            ],
            [
              98.55,
              3.975
            ],
            [
              98.55,
              3.95
            ]
          ]
        ]
      }
    },
    {
      "type": "Feature",
      "properties": {
        "id": "Langkat-618",
        "kabupaten": "Langkat",
        "prov": "SUMATERA UTARA",
        "depth_m": 1.81,
        "wave_order": 0.658,
        "spot_idx": 3
      },
      "geometry": {
        "type": "Polygon",
        "coordinates": [
          [
            [
              98.55,
              3.975
            ],
            [
              98.575,
              3.975
            ],
            [
              98.575,
              4
            ],
            [
              98.55,
              4
            ],
            [
              98.55,
              3.975
            ]
          ]
        ]
      }
    },
    {
      "type": "Feature",
      "properties": {
        "id": "Langkat-619",
        "kabupaten": "Langkat",
        "prov": "SUMATERA UTARA",
        "depth_m": 1.43,
        "wave_order": 0.611,
        "spot_idx": 3
      },
      "geometry": {
        "type": "Polygon",
        "coordinates": [
          [
            [
              98.55,
              4
            ],
            [
              98.575,
              4
            ],
            [
              98.575,
              4.025
            ],
            [
              98.55,
              4.025
            ],
            [
              98.55,
              4
            ]
          ]
        ]
      }
    },
    {
      "type": "Feature",
      "properties": {
        "id": "Langkat-620",
        "kabupaten": "Langkat",
        "prov": "SUMATERA UTARA",
        "depth_m": 1.56,
        "wave_order": 0.75,
        "spot_idx": 3
      },
      "geometry": {
        "type": "Polygon",
        "coordinates": [
          [
            [
              98.575,
              3.7
            ],
            [
              98.6,
              3.7
            ],
            [
              98.6,
              3.725
            ],
            [
              98.575,
              3.725
            ],
            [
              98.575,
              3.7
            ]
          ]
        ]
      }
    },
    {
      "type": "Feature",
      "properties": {
        "id": "Langkat-621",
        "kabupaten": "Langkat",
        "prov": "SUMATERA UTARA",
        "depth_m": 1.46,
        "wave_order": 0.628,
        "spot_idx": 3
      },
      "geometry": {
        "type": "Polygon",
        "coordinates": [
          [
            [
              98.575,
              3.725
            ],
            [
              98.6,
              3.725
            ],
            [
              98.6,
              3.75
            ],
            [
              98.575,
              3.75
            ],
            [
              98.575,
              3.725
            ]
          ]
        ]
      }
    },
    {
      "type": "Feature",
      "properties": {
        "id": "Langkat-622",
        "kabupaten": "Langkat",
        "prov": "SUMATERA UTARA",
        "depth_m": 1.75,
        "wave_order": 0.659,
        "spot_idx": 3
      },
      "geometry": {
        "type": "Polygon",
        "coordinates": [
          [
            [
              98.575,
              3.75
            ],
            [
              98.6,
              3.75
            ],
            [
              98.6,
              3.775
            ],
            [
              98.575,
              3.775
            ],
            [
              98.575,
              3.75
            ]
          ]
        ]
      }
    },
    {
      "type": "Feature",
      "properties": {
        "id": "Langkat-623",
        "kabupaten": "Langkat",
        "prov": "SUMATERA UTARA",
        "depth_m": 1.57,
        "wave_order": 0.526,
        "spot_idx": 3
      },
      "geometry": {
        "type": "Polygon",
        "coordinates": [
          [
            [
              98.575,
              3.775
            ],
            [
              98.6,
              3.775
            ],
            [
              98.6,
              3.8
            ],
            [
              98.575,
              3.8
            ],
            [
              98.575,
              3.775
            ]
          ]
        ]
      }
    },
    {
      "type": "Feature",
      "properties": {
        "id": "Langkat-624",
        "kabupaten": "Langkat",
        "prov": "SUMATERA UTARA",
        "depth_m": 1.89,
        "wave_order": 0.596,
        "spot_idx": 3
      },
      "geometry": {
        "type": "Polygon",
        "coordinates": [
          [
            [
              98.575,
              3.8
            ],
            [
              98.6,
              3.8
            ],
            [
              98.6,
              3.825
            ],
            [
              98.575,
              3.825
            ],
            [
              98.575,
              3.8
            ]
          ]
        ]
      }
    },
    {
      "type": "Feature",
      "properties": {
        "id": "Langkat-625",
        "kabupaten": "Langkat",
        "prov": "SUMATERA UTARA",
        "depth_m": 1.63,
        "wave_order": 0.468,
        "spot_idx": 3
      },
      "geometry": {
        "type": "Polygon",
        "coordinates": [
          [
            [
              98.575,
              3.825
            ],
            [
              98.6,
              3.825
            ],
            [
              98.6,
              3.85
            ],
            [
              98.575,
              3.85
            ],
            [
              98.575,
              3.825
            ]
          ]
        ]
      }
    },
    {
      "type": "Feature",
      "properties": {
        "id": "Langkat-626",
        "kabupaten": "Langkat",
        "prov": "SUMATERA UTARA",
        "depth_m": 1.95,
        "wave_order": 0.575,
        "spot_idx": 3
      },
      "geometry": {
        "type": "Polygon",
        "coordinates": [
          [
            [
              98.575,
              3.85
            ],
            [
              98.6,
              3.85
            ],
            [
              98.6,
              3.875
            ],
            [
              98.575,
              3.875
            ],
            [
              98.575,
              3.85
            ]
          ]
        ]
      }
    },
    {
      "type": "Feature",
      "properties": {
        "id": "Langkat-627",
        "kabupaten": "Langkat",
        "prov": "SUMATERA UTARA",
        "depth_m": 1.63,
        "wave_order": 0.465,
        "spot_idx": 3
      },
      "geometry": {
        "type": "Polygon",
        "coordinates": [
          [
            [
              98.575,
              3.875
            ],
            [
              98.6,
              3.875
            ],
            [
              98.6,
              3.9
            ],
            [
              98.575,
              3.9
            ],
            [
              98.575,
              3.875
            ]
          ]
        ]
      }
    },
    {
      "type": "Feature",
      "properties": {
        "id": "Langkat-628",
        "kabupaten": "Langkat",
        "prov": "SUMATERA UTARA",
        "depth_m": 1.91,
        "wave_order": 0.602,
        "spot_idx": 3
      },
      "geometry": {
        "type": "Polygon",
        "coordinates": [
          [
            [
              98.575,
              3.9
            ],
            [
              98.6,
              3.9
            ],
            [
              98.6,
              3.925
            ],
            [
              98.575,
              3.925
            ],
            [
              98.575,
              3.9
            ]
          ]
        ]
      }
    },
    {
      "type": "Feature",
      "properties": {
        "id": "Langkat-629",
        "kabupaten": "Langkat",
        "prov": "SUMATERA UTARA",
        "depth_m": 1.55,
        "wave_order": 0.517,
        "spot_idx": 3
      },
      "geometry": {
        "type": "Polygon",
        "coordinates": [
          [
            [
              98.575,
              3.925
            ],
            [
              98.6,
              3.925
            ],
            [
              98.6,
              3.95
            ],
            [
              98.575,
              3.95
            ],
            [
              98.575,
              3.925
            ]
          ]
        ]
      }
    },
    {
      "type": "Feature",
      "properties": {
        "id": "Langkat-630",
        "kabupaten": "Langkat",
        "prov": "SUMATERA UTARA",
        "depth_m": 1.79,
        "wave_order": 0.67,
        "spot_idx": 3
      },
      "geometry": {
        "type": "Polygon",
        "coordinates": [
          [
            [
              98.575,
              3.95
            ],
            [
              98.6,
              3.95
            ],
            [
              98.6,
              3.975
            ],
            [
              98.575,
              3.975
            ],
            [
              98.575,
              3.95
            ]
          ]
        ]
      }
    },
    {
      "type": "Feature",
      "properties": {
        "id": "Langkat-631",
        "kabupaten": "Langkat",
        "prov": "SUMATERA UTARA",
        "depth_m": 1.43,
        "wave_order": 0.613,
        "spot_idx": 3
      },
      "geometry": {
        "type": "Polygon",
        "coordinates": [
          [
            [
              98.575,
              3.975
            ],
            [
              98.6,
              3.975
            ],
            [
              98.6,
              4
            ],
            [
              98.575,
              4
            ],
            [
              98.575,
              3.975
            ]
          ]
        ]
      }
    },
    {
      "type": "Feature",
      "properties": {
        "id": "Langkat-632",
        "kabupaten": "Langkat",
        "prov": "SUMATERA UTARA",
        "depth_m": 1.6,
        "wave_order": 0.766,
        "spot_idx": 3
      },
      "geometry": {
        "type": "Polygon",
        "coordinates": [
          [
            [
              98.575,
              4
            ],
            [
              98.6,
              4
            ],
            [
              98.6,
              4.025
            ],
            [
              98.575,
              4.025
            ],
            [
              98.575,
              4
            ]
          ]
        ]
      }
    },
    {
      "type": "Feature",
      "properties": {
        "id": "Deli Serdang-633",
        "kabupaten": "Deli Serdang",
        "prov": "SUMATERA UTARA",
        "depth_m": 1.09,
        "wave_order": 0.626,
        "spot_idx": 4
      },
      "geometry": {
        "type": "Polygon",
        "coordinates": [
          [
            [
              98.58,
              3.5
            ],
            [
              98.605,
              3.5
            ],
            [
              98.605,
              3.525
            ],
            [
              98.58,
              3.525
            ],
            [
              98.58,
              3.5
            ]
          ]
        ]
      }
    },
    {
      "type": "Feature",
      "properties": {
        "id": "Deli Serdang-634",
        "kabupaten": "Deli Serdang",
        "prov": "SUMATERA UTARA",
        "depth_m": 1.36,
        "wave_order": 0.636,
        "spot_idx": 4
      },
      "geometry": {
        "type": "Polygon",
        "coordinates": [
          [
            [
              98.58,
              3.525
            ],
            [
              98.605,
              3.525
            ],
            [
              98.605,
              3.55
            ],
            [
              98.58,
              3.55
            ],
            [
              98.58,
              3.525
            ]
          ]
        ]
      }
    },
    {
      "type": "Feature",
      "properties": {
        "id": "Deli Serdang-635",
        "kabupaten": "Deli Serdang",
        "prov": "SUMATERA UTARA",
        "depth_m": 1.28,
        "wave_order": 0.524,
        "spot_idx": 4
      },
      "geometry": {
        "type": "Polygon",
        "coordinates": [
          [
            [
              98.58,
              3.55
            ],
            [
              98.605,
              3.55
            ],
            [
              98.605,
              3.575
            ],
            [
              98.58,
              3.575
            ],
            [
              98.58,
              3.55
            ]
          ]
        ]
      }
    },
    {
      "type": "Feature",
      "properties": {
        "id": "Deli Serdang-636",
        "kabupaten": "Deli Serdang",
        "prov": "SUMATERA UTARA",
        "depth_m": 1.43,
        "wave_order": 0.518,
        "spot_idx": 4
      },
      "geometry": {
        "type": "Polygon",
        "coordinates": [
          [
            [
              98.58,
              3.575
            ],
            [
              98.605,
              3.575
            ],
            [
              98.605,
              3.6
            ],
            [
              98.58,
              3.6
            ],
            [
              98.58,
              3.575
            ]
          ]
        ]
      }
    },
    {
      "type": "Feature",
      "properties": {
        "id": "Deli Serdang-637",
        "kabupaten": "Deli Serdang",
        "prov": "SUMATERA UTARA",
        "depth_m": 1.42,
        "wave_order": 0.477,
        "spot_idx": 4
      },
      "geometry": {
        "type": "Polygon",
        "coordinates": [
          [
            [
              98.58,
              3.6
            ],
            [
              98.605,
              3.6
            ],
            [
              98.605,
              3.625
            ],
            [
              98.58,
              3.625
            ],
            [
              98.58,
              3.6
            ]
          ]
        ]
      }
    },
    {
      "type": "Feature",
      "properties": {
        "id": "Deli Serdang-638",
        "kabupaten": "Deli Serdang",
        "prov": "SUMATERA UTARA",
        "depth_m": 1.41,
        "wave_order": 0.465,
        "spot_idx": 4
      },
      "geometry": {
        "type": "Polygon",
        "coordinates": [
          [
            [
              98.58,
              3.625
            ],
            [
              98.605,
              3.625
            ],
            [
              98.605,
              3.65
            ],
            [
              98.58,
              3.65
            ],
            [
              98.58,
              3.625
            ]
          ]
        ]
      }
    },
    {
      "type": "Feature",
      "properties": {
        "id": "Deli Serdang-639",
        "kabupaten": "Deli Serdang",
        "prov": "SUMATERA UTARA",
        "depth_m": 1.47,
        "wave_order": 0.506,
        "spot_idx": 4
      },
      "geometry": {
        "type": "Polygon",
        "coordinates": [
          [
            [
              98.58,
              3.65
            ],
            [
              98.605,
              3.65
            ],
            [
              98.605,
              3.675
            ],
            [
              98.58,
              3.675
            ],
            [
              98.58,
              3.65
            ]
          ]
        ]
      }
    },
    {
      "type": "Feature",
      "properties": {
        "id": "Deli Serdang-640",
        "kabupaten": "Deli Serdang",
        "prov": "SUMATERA UTARA",
        "depth_m": 1.3,
        "wave_order": 0.491,
        "spot_idx": 4
      },
      "geometry": {
        "type": "Polygon",
        "coordinates": [
          [
            [
              98.58,
              3.675
            ],
            [
              98.605,
              3.675
            ],
            [
              98.605,
              3.7
            ],
            [
              98.58,
              3.7
            ],
            [
              98.58,
              3.675
            ]
          ]
        ]
      }
    },
    {
      "type": "Feature",
      "properties": {
        "id": "Deli Serdang-641",
        "kabupaten": "Deli Serdang",
        "prov": "SUMATERA UTARA",
        "depth_m": 1.42,
        "wave_order": 0.606,
        "spot_idx": 4
      },
      "geometry": {
        "type": "Polygon",
        "coordinates": [
          [
            [
              98.58,
              3.7
            ],
            [
              98.605,
              3.7
            ],
            [
              98.605,
              3.725
            ],
            [
              98.58,
              3.725
            ],
            [
              98.58,
              3.7
            ]
          ]
        ]
      }
    },
    {
      "type": "Feature",
      "properties": {
        "id": "Deli Serdang-642",
        "kabupaten": "Deli Serdang",
        "prov": "SUMATERA UTARA",
        "depth_m": 1.12,
        "wave_order": 0.581,
        "spot_idx": 4
      },
      "geometry": {
        "type": "Polygon",
        "coordinates": [
          [
            [
              98.58,
              3.725
            ],
            [
              98.605,
              3.725
            ],
            [
              98.605,
              3.75
            ],
            [
              98.58,
              3.75
            ],
            [
              98.58,
              3.725
            ]
          ]
        ]
      }
    },
    {
      "type": "Feature",
      "properties": {
        "id": "Deli Serdang-643",
        "kabupaten": "Deli Serdang",
        "prov": "SUMATERA UTARA",
        "depth_m": 1.31,
        "wave_order": 0.752,
        "spot_idx": 4
      },
      "geometry": {
        "type": "Polygon",
        "coordinates": [
          [
            [
              98.58,
              3.75
            ],
            [
              98.605,
              3.75
            ],
            [
              98.605,
              3.775
            ],
            [
              98.58,
              3.775
            ],
            [
              98.58,
              3.75
            ]
          ]
        ]
      }
    },
    {
      "type": "Feature",
      "properties": {
        "id": "Deli Serdang-644",
        "kabupaten": "Deli Serdang",
        "prov": "SUMATERA UTARA",
        "depth_m": 1.39,
        "wave_order": 0.644,
        "spot_idx": 4
      },
      "geometry": {
        "type": "Polygon",
        "coordinates": [
          [
            [
              98.605,
              3.5
            ],
            [
              98.63,
              3.5
            ],
            [
              98.63,
              3.525
            ],
            [
              98.605,
              3.525
            ],
            [
              98.605,
              3.5
            ]
          ]
        ]
      }
    },
    {
      "type": "Feature",
      "properties": {
        "id": "Deli Serdang-645",
        "kabupaten": "Deli Serdang",
        "prov": "SUMATERA UTARA",
        "depth_m": 1.28,
        "wave_order": 0.497,
        "spot_idx": 4
      },
      "geometry": {
        "type": "Polygon",
        "coordinates": [
          [
            [
              98.605,
              3.525
            ],
            [
              98.63,
              3.525
            ],
            [
              98.63,
              3.55
            ],
            [
              98.605,
              3.55
            ],
            [
              98.605,
              3.525
            ]
          ]
        ]
      }
    },
    {
      "type": "Feature",
      "properties": {
        "id": "Deli Serdang-646",
        "kabupaten": "Deli Serdang",
        "prov": "SUMATERA UTARA",
        "depth_m": 1.5,
        "wave_order": 0.488,
        "spot_idx": 4
      },
      "geometry": {
        "type": "Polygon",
        "coordinates": [
          [
            [
              98.605,
              3.55
            ],
            [
              98.63,
              3.55
            ],
            [
              98.63,
              3.575
            ],
            [
              98.605,
              3.575
            ],
            [
              98.605,
              3.55
            ]
          ]
        ]
      }
    },
    {
      "type": "Feature",
      "properties": {
        "id": "Deli Serdang-647",
        "kabupaten": "Deli Serdang",
        "prov": "SUMATERA UTARA",
        "depth_m": 1.47,
        "wave_order": 0.402,
        "spot_idx": 4
      },
      "geometry": {
        "type": "Polygon",
        "coordinates": [
          [
            [
              98.605,
              3.575
            ],
            [
              98.63,
              3.575
            ],
            [
              98.63,
              3.6
            ],
            [
              98.605,
              3.6
            ],
            [
              98.605,
              3.575
            ]
          ]
        ]
      }
    },
    {
      "type": "Feature",
      "properties": {
        "id": "Deli Serdang-648",
        "kabupaten": "Deli Serdang",
        "prov": "SUMATERA UTARA",
        "depth_m": 1.55,
        "wave_order": 0.385,
        "spot_idx": 4
      },
      "geometry": {
        "type": "Polygon",
        "coordinates": [
          [
            [
              98.605,
              3.6
            ],
            [
              98.63,
              3.6
            ],
            [
              98.63,
              3.625
            ],
            [
              98.605,
              3.625
            ],
            [
              98.605,
              3.6
            ]
          ]
        ]
      }
    },
    {
      "type": "Feature",
      "properties": {
        "id": "Deli Serdang-649",
        "kabupaten": "Deli Serdang",
        "prov": "SUMATERA UTARA",
        "depth_m": 1.57,
        "wave_order": 0.383,
        "spot_idx": 4
      },
      "geometry": {
        "type": "Polygon",
        "coordinates": [
          [
            [
              98.605,
              3.625
            ],
            [
              98.63,
              3.625
            ],
            [
              98.63,
              3.65
            ],
            [
              98.605,
              3.65
            ],
            [
              98.605,
              3.625
            ]
          ]
        ]
      }
    },
    {
      "type": "Feature",
      "properties": {
        "id": "Deli Serdang-650",
        "kabupaten": "Deli Serdang",
        "prov": "SUMATERA UTARA",
        "depth_m": 1.48,
        "wave_order": 0.374,
        "spot_idx": 4
      },
      "geometry": {
        "type": "Polygon",
        "coordinates": [
          [
            [
              98.605,
              3.65
            ],
            [
              98.63,
              3.65
            ],
            [
              98.63,
              3.675
            ],
            [
              98.605,
              3.675
            ],
            [
              98.605,
              3.65
            ]
          ]
        ]
      }
    },
    {
      "type": "Feature",
      "properties": {
        "id": "Deli Serdang-651",
        "kabupaten": "Deli Serdang",
        "prov": "SUMATERA UTARA",
        "depth_m": 1.56,
        "wave_order": 0.461,
        "spot_idx": 4
      },
      "geometry": {
        "type": "Polygon",
        "coordinates": [
          [
            [
              98.605,
              3.675
            ],
            [
              98.63,
              3.675
            ],
            [
              98.63,
              3.7
            ],
            [
              98.605,
              3.7
            ],
            [
              98.605,
              3.675
            ]
          ]
        ]
      }
    },
    {
      "type": "Feature",
      "properties": {
        "id": "Deli Serdang-652",
        "kabupaten": "Deli Serdang",
        "prov": "SUMATERA UTARA",
        "depth_m": 1.31,
        "wave_order": 0.452,
        "spot_idx": 4
      },
      "geometry": {
        "type": "Polygon",
        "coordinates": [
          [
            [
              98.605,
              3.7
            ],
            [
              98.63,
              3.7
            ],
            [
              98.63,
              3.725
            ],
            [
              98.605,
              3.725
            ],
            [
              98.605,
              3.7
            ]
          ]
        ]
      }
    },
    {
      "type": "Feature",
      "properties": {
        "id": "Deli Serdang-653",
        "kabupaten": "Deli Serdang",
        "prov": "SUMATERA UTARA",
        "depth_m": 1.45,
        "wave_order": 0.604,
        "spot_idx": 4
      },
      "geometry": {
        "type": "Polygon",
        "coordinates": [
          [
            [
              98.605,
              3.725
            ],
            [
              98.63,
              3.725
            ],
            [
              98.63,
              3.75
            ],
            [
              98.605,
              3.75
            ],
            [
              98.605,
              3.725
            ]
          ]
        ]
      }
    },
    {
      "type": "Feature",
      "properties": {
        "id": "Deli Serdang-654",
        "kabupaten": "Deli Serdang",
        "prov": "SUMATERA UTARA",
        "depth_m": 1.1,
        "wave_order": 0.581,
        "spot_idx": 4
      },
      "geometry": {
        "type": "Polygon",
        "coordinates": [
          [
            [
              98.605,
              3.75
            ],
            [
              98.63,
              3.75
            ],
            [
              98.63,
              3.775
            ],
            [
              98.605,
              3.775
            ],
            [
              98.605,
              3.75
            ]
          ]
        ]
      }
    },
    {
      "type": "Feature",
      "properties": {
        "id": "Deli Serdang-655",
        "kabupaten": "Deli Serdang",
        "prov": "SUMATERA UTARA",
        "depth_m": 1.24,
        "wave_order": 0.508,
        "spot_idx": 4
      },
      "geometry": {
        "type": "Polygon",
        "coordinates": [
          [
            [
              98.63,
              3.5
            ],
            [
              98.655,
              3.5
            ],
            [
              98.655,
              3.525
            ],
            [
              98.63,
              3.525
            ],
            [
              98.63,
              3.5
            ]
          ]
        ]
      }
    },
    {
      "type": "Feature",
      "properties": {
        "id": "Deli Serdang-656",
        "kabupaten": "Deli Serdang",
        "prov": "SUMATERA UTARA",
        "depth_m": 1.52,
        "wave_order": 0.496,
        "spot_idx": 4
      },
      "geometry": {
        "type": "Polygon",
        "coordinates": [
          [
            [
              98.63,
              3.525
            ],
            [
              98.655,
              3.525
            ],
            [
              98.655,
              3.55
            ],
            [
              98.63,
              3.55
            ],
            [
              98.63,
              3.525
            ]
          ]
        ]
      }
    },
    {
      "type": "Feature",
      "properties": {
        "id": "Deli Serdang-657",
        "kabupaten": "Deli Serdang",
        "prov": "SUMATERA UTARA",
        "depth_m": 1.47,
        "wave_order": 0.368,
        "spot_idx": 4
      },
      "geometry": {
        "type": "Polygon",
        "coordinates": [
          [
            [
              98.63,
              3.55
            ],
            [
              98.655,
              3.55
            ],
            [
              98.655,
              3.575
            ],
            [
              98.63,
              3.575
            ],
            [
              98.63,
              3.55
            ]
          ]
        ]
      }
    },
    {
      "type": "Feature",
      "properties": {
        "id": "Deli Serdang-658",
        "kabupaten": "Deli Serdang",
        "prov": "SUMATERA UTARA",
        "depth_m": 1.64,
        "wave_order": 0.34,
        "spot_idx": 4
      },
      "geometry": {
        "type": "Polygon",
        "coordinates": [
          [
            [
              98.63,
              3.575
            ],
            [
              98.655,
              3.575
            ],
            [
              98.655,
              3.6
            ],
            [
              98.63,
              3.6
            ],
            [
              98.63,
              3.575
            ]
          ]
        ]
      }
    },
    {
      "type": "Feature",
      "properties": {
        "id": "Deli Serdang-659",
        "kabupaten": "Deli Serdang",
        "prov": "SUMATERA UTARA",
        "depth_m": 1.65,
        "wave_order": 0.285,
        "spot_idx": 4
      },
      "geometry": {
        "type": "Polygon",
        "coordinates": [
          [
            [
              98.63,
              3.6
            ],
            [
              98.655,
              3.6
            ],
            [
              98.655,
              3.625
            ],
            [
              98.63,
              3.625
            ],
            [
              98.63,
              3.6
            ]
          ]
        ]
      }
    },
    {
      "type": "Feature",
      "properties": {
        "id": "Deli Serdang-660",
        "kabupaten": "Deli Serdang",
        "prov": "SUMATERA UTARA",
        "depth_m": 1.65,
        "wave_order": 0.269,
        "spot_idx": 4
      },
      "geometry": {
        "type": "Polygon",
        "coordinates": [
          [
            [
              98.63,
              3.625
            ],
            [
              98.655,
              3.625
            ],
            [
              98.655,
              3.65
            ],
            [
              98.63,
              3.65
            ],
            [
              98.63,
              3.625
            ]
          ]
        ]
      }
    },
    {
      "type": "Feature",
      "properties": {
        "id": "Deli Serdang-661",
        "kabupaten": "Deli Serdang",
        "prov": "SUMATERA UTARA",
        "depth_m": 1.69,
        "wave_order": 0.318,
        "spot_idx": 4
      },
      "geometry": {
        "type": "Polygon",
        "coordinates": [
          [
            [
              98.63,
              3.65
            ],
            [
              98.655,
              3.65
            ],
            [
              98.655,
              3.675
            ],
            [
              98.63,
              3.675
            ],
            [
              98.63,
              3.65
            ]
          ]
        ]
      }
    },
    {
      "type": "Feature",
      "properties": {
        "id": "Deli Serdang-662",
        "kabupaten": "Deli Serdang",
        "prov": "SUMATERA UTARA",
        "depth_m": 1.51,
        "wave_order": 0.324,
        "spot_idx": 4
      },
      "geometry": {
        "type": "Polygon",
        "coordinates": [
          [
            [
              98.63,
              3.675
            ],
            [
              98.655,
              3.675
            ],
            [
              98.655,
              3.7
            ],
            [
              98.63,
              3.7
            ],
            [
              98.63,
              3.675
            ]
          ]
        ]
      }
    },
    {
      "type": "Feature",
      "properties": {
        "id": "Deli Serdang-663",
        "kabupaten": "Deli Serdang",
        "prov": "SUMATERA UTARA",
        "depth_m": 1.59,
        "wave_order": 0.455,
        "spot_idx": 4
      },
      "geometry": {
        "type": "Polygon",
        "coordinates": [
          [
            [
              98.63,
              3.7
            ],
            [
              98.655,
              3.7
            ],
            [
              98.655,
              3.725
            ],
            [
              98.63,
              3.725
            ],
            [
              98.63,
              3.7
            ]
          ]
        ]
      }
    },
    {
      "type": "Feature",
      "properties": {
        "id": "Deli Serdang-664",
        "kabupaten": "Deli Serdang",
        "prov": "SUMATERA UTARA",
        "depth_m": 1.29,
        "wave_order": 0.453,
        "spot_idx": 4
      },
      "geometry": {
        "type": "Polygon",
        "coordinates": [
          [
            [
              98.63,
              3.725
            ],
            [
              98.655,
              3.725
            ],
            [
              98.655,
              3.75
            ],
            [
              98.63,
              3.75
            ],
            [
              98.63,
              3.725
            ]
          ]
        ]
      }
    },
    {
      "type": "Feature",
      "properties": {
        "id": "Deli Serdang-665",
        "kabupaten": "Deli Serdang",
        "prov": "SUMATERA UTARA",
        "depth_m": 1.44,
        "wave_order": 0.633,
        "spot_idx": 4
      },
      "geometry": {
        "type": "Polygon",
        "coordinates": [
          [
            [
              98.63,
              3.75
            ],
            [
              98.655,
              3.75
            ],
            [
              98.655,
              3.775
            ],
            [
              98.63,
              3.775
            ],
            [
              98.63,
              3.75
            ]
          ]
        ]
      }
    },
    {
      "type": "Feature",
      "properties": {
        "id": "Deli Serdang-666",
        "kabupaten": "Deli Serdang",
        "prov": "SUMATERA UTARA",
        "depth_m": 1.49,
        "wave_order": 0.542,
        "spot_idx": 4
      },
      "geometry": {
        "type": "Polygon",
        "coordinates": [
          [
            [
              98.655,
              3.5
            ],
            [
              98.68,
              3.5
            ],
            [
              98.68,
              3.525
            ],
            [
              98.655,
              3.525
            ],
            [
              98.655,
              3.5
            ]
          ]
        ]
      }
    },
    {
      "type": "Feature",
      "properties": {
        "id": "Deli Serdang-667",
        "kabupaten": "Deli Serdang",
        "prov": "SUMATERA UTARA",
        "depth_m": 1.43,
        "wave_order": 0.385,
        "spot_idx": 4
      },
      "geometry": {
        "type": "Polygon",
        "coordinates": [
          [
            [
              98.655,
              3.525
            ],
            [
              98.68,
              3.525
            ],
            [
              98.68,
              3.55
            ],
            [
              98.655,
              3.55
            ],
            [
              98.655,
              3.525
            ]
          ]
        ]
      }
    },
    {
      "type": "Feature",
      "properties": {
        "id": "Deli Serdang-668",
        "kabupaten": "Deli Serdang",
        "prov": "SUMATERA UTARA",
        "depth_m": 1.66,
        "wave_order": 0.348,
        "spot_idx": 4
      },
      "geometry": {
        "type": "Polygon",
        "coordinates": [
          [
            [
              98.655,
              3.55
            ],
            [
              98.68,
              3.55
            ],
            [
              98.68,
              3.575
            ],
            [
              98.655,
              3.575
            ],
            [
              98.655,
              3.55
            ]
          ]
        ]
      }
    },
    {
      "type": "Feature",
      "properties": {
        "id": "Deli Serdang-669",
        "kabupaten": "Deli Serdang",
        "prov": "SUMATERA UTARA",
        "depth_m": 1.67,
        "wave_order": 0.239,
        "spot_idx": 4
      },
      "geometry": {
        "type": "Polygon",
        "coordinates": [
          [
            [
              98.655,
              3.575
            ],
            [
              98.68,
              3.575
            ],
            [
              98.68,
              3.6
            ],
            [
              98.655,
              3.6
            ],
            [
              98.655,
              3.575
            ]
          ]
        ]
      }
    },
    {
      "type": "Feature",
      "properties": {
        "id": "Deli Serdang-670",
        "kabupaten": "Deli Serdang",
        "prov": "SUMATERA UTARA",
        "depth_m": 1.77,
        "wave_order": 0.196,
        "spot_idx": 4
      },
      "geometry": {
        "type": "Polygon",
        "coordinates": [
          [
            [
              98.655,
              3.6
            ],
            [
              98.68,
              3.6
            ],
            [
              98.68,
              3.625
            ],
            [
              98.655,
              3.625
            ],
            [
              98.655,
              3.6
            ]
          ]
        ]
      }
    },
    {
      "type": "Feature",
      "properties": {
        "id": "Deli Serdang-671",
        "kabupaten": "Deli Serdang",
        "prov": "SUMATERA UTARA",
        "depth_m": 1.81,
        "wave_order": 0.186,
        "spot_idx": 4
      },
      "geometry": {
        "type": "Polygon",
        "coordinates": [
          [
            [
              98.655,
              3.625
            ],
            [
              98.68,
              3.625
            ],
            [
              98.68,
              3.65
            ],
            [
              98.655,
              3.65
            ],
            [
              98.655,
              3.625
            ]
          ]
        ]
      }
    },
    {
      "type": "Feature",
      "properties": {
        "id": "Deli Serdang-672",
        "kabupaten": "Deli Serdang",
        "prov": "SUMATERA UTARA",
        "depth_m": 1.7,
        "wave_order": 0.197,
        "spot_idx": 4
      },
      "geometry": {
        "type": "Polygon",
        "coordinates": [
          [
            [
              98.655,
              3.65
            ],
            [
              98.68,
              3.65
            ],
            [
              98.68,
              3.675
            ],
            [
              98.655,
              3.675
            ],
            [
              98.655,
              3.65
            ]
          ]
        ]
      }
    },
    {
      "type": "Feature",
      "properties": {
        "id": "Deli Serdang-673",
        "kabupaten": "Deli Serdang",
        "prov": "SUMATERA UTARA",
        "depth_m": 1.73,
        "wave_order": 0.305,
        "spot_idx": 4
      },
      "geometry": {
        "type": "Polygon",
        "coordinates": [
          [
            [
              98.655,
              3.675
            ],
            [
              98.68,
              3.675
            ],
            [
              98.68,
              3.7
            ],
            [
              98.655,
              3.7
            ],
            [
              98.655,
              3.675
            ]
          ]
        ]
      }
    },
    {
      "type": "Feature",
      "properties": {
        "id": "Deli Serdang-674",
        "kabupaten": "Deli Serdang",
        "prov": "SUMATERA UTARA",
        "depth_m": 1.48,
        "wave_order": 0.328,
        "spot_idx": 4
      },
      "geometry": {
        "type": "Polygon",
        "coordinates": [
          [
            [
              98.655,
              3.7
            ],
            [
              98.68,
              3.7
            ],
            [
              98.68,
              3.725
            ],
            [
              98.655,
              3.725
            ],
            [
              98.655,
              3.7
            ]
          ]
        ]
      }
    },
    {
      "type": "Feature",
      "properties": {
        "id": "Deli Serdang-675",
        "kabupaten": "Deli Serdang",
        "prov": "SUMATERA UTARA",
        "depth_m": 1.57,
        "wave_order": 0.491,
        "spot_idx": 4
      },
      "geometry": {
        "type": "Polygon",
        "coordinates": [
          [
            [
              98.655,
              3.725
            ],
            [
              98.68,
              3.725
            ],
            [
              98.68,
              3.75
            ],
            [
              98.655,
              3.75
            ],
            [
              98.655,
              3.725
            ]
          ]
        ]
      }
    },
    {
      "type": "Feature",
      "properties": {
        "id": "Deli Serdang-676",
        "kabupaten": "Deli Serdang",
        "prov": "SUMATERA UTARA",
        "depth_m": 1.22,
        "wave_order": 0.494,
        "spot_idx": 4
      },
      "geometry": {
        "type": "Polygon",
        "coordinates": [
          [
            [
              98.655,
              3.75
            ],
            [
              98.68,
              3.75
            ],
            [
              98.68,
              3.775
            ],
            [
              98.655,
              3.775
            ],
            [
              98.655,
              3.75
            ]
          ]
        ]
      }
    },
    {
      "type": "Feature",
      "properties": {
        "id": "Deli Serdang-677",
        "kabupaten": "Deli Serdang",
        "prov": "SUMATERA UTARA",
        "depth_m": 1.33,
        "wave_order": 0.445,
        "spot_idx": 4
      },
      "geometry": {
        "type": "Polygon",
        "coordinates": [
          [
            [
              98.68,
              3.5
            ],
            [
              98.705,
              3.5
            ],
            [
              98.705,
              3.525
            ],
            [
              98.68,
              3.525
            ],
            [
              98.68,
              3.5
            ]
          ]
        ]
      }
    },
    {
      "type": "Feature",
      "properties": {
        "id": "Deli Serdang-678",
        "kabupaten": "Deli Serdang",
        "prov": "SUMATERA UTARA",
        "depth_m": 1.61,
        "wave_order": 0.409,
        "spot_idx": 4
      },
      "geometry": {
        "type": "Polygon",
        "coordinates": [
          [
            [
              98.68,
              3.525
            ],
            [
              98.705,
              3.525
            ],
            [
              98.705,
              3.55
            ],
            [
              98.68,
              3.55
            ],
            [
              98.68,
              3.525
            ]
          ]
        ]
      }
    },
    {
      "type": "Feature",
      "properties": {
        "id": "Deli Serdang-679",
        "kabupaten": "Deli Serdang",
        "prov": "SUMATERA UTARA",
        "depth_m": 1.61,
        "wave_order": 0.268,
        "spot_idx": 4
      },
      "geometry": {
        "type": "Polygon",
        "coordinates": [
          [
            [
              98.68,
              3.55
            ],
            [
              98.705,
              3.55
            ],
            [
              98.705,
              3.575
            ],
            [
              98.68,
              3.575
            ],
            [
              98.68,
              3.55
            ]
          ]
        ]
      }
    },
    {
      "type": "Feature",
      "properties": {
        "id": "Deli Serdang-680",
        "kabupaten": "Deli Serdang",
        "prov": "SUMATERA UTARA",
        "depth_m": 1.79,
        "wave_order": 0.204,
        "spot_idx": 4
      },
      "geometry": {
        "type": "Polygon",
        "coordinates": [
          [
            [
              98.68,
              3.575
            ],
            [
              98.705,
              3.575
            ],
            [
              98.705,
              3.6
            ],
            [
              98.68,
              3.6
            ],
            [
              98.68,
              3.575
            ]
          ]
        ]
      }
    },
    {
      "type": "Feature",
      "properties": {
        "id": "Deli Serdang-681",
        "kabupaten": "Deli Serdang",
        "prov": "SUMATERA UTARA",
        "depth_m": 1.86,
        "wave_order": 0.11,
        "spot_idx": 4
      },
      "geometry": {
        "type": "Polygon",
        "coordinates": [
          [
            [
              98.68,
              3.6
            ],
            [
              98.705,
              3.6
            ],
            [
              98.705,
              3.625
            ],
            [
              98.68,
              3.625
            ],
            [
              98.68,
              3.6
            ]
          ]
        ]
      }
    },
    {
      "type": "Feature",
      "properties": {
        "id": "Deli Serdang-682",
        "kabupaten": "Deli Serdang",
        "prov": "SUMATERA UTARA",
        "depth_m": 1.88,
        "wave_order": 0.075,
        "spot_idx": 4
      },
      "geometry": {
        "type": "Polygon",
        "coordinates": [
          [
            [
              98.68,
              3.625
            ],
            [
              98.705,
              3.625
            ],
            [
              98.705,
              3.65
            ],
            [
              98.68,
              3.65
            ],
            [
              98.68,
              3.625
            ]
          ]
        ]
      }
    },
    {
      "type": "Feature",
      "properties": {
        "id": "Deli Serdang-683",
        "kabupaten": "Deli Serdang",
        "prov": "SUMATERA UTARA",
        "depth_m": 1.87,
        "wave_order": 0.157,
        "spot_idx": 4
      },
      "geometry": {
        "type": "Polygon",
        "coordinates": [
          [
            [
              98.68,
              3.65
            ],
            [
              98.705,
              3.65
            ],
            [
              98.705,
              3.675
            ],
            [
              98.68,
              3.675
            ],
            [
              98.68,
              3.65
            ]
          ]
        ]
      }
    },
    {
      "type": "Feature",
      "properties": {
        "id": "Deli Serdang-684",
        "kabupaten": "Deli Serdang",
        "prov": "SUMATERA UTARA",
        "depth_m": 1.66,
        "wave_order": 0.207,
        "spot_idx": 4
      },
      "geometry": {
        "type": "Polygon",
        "coordinates": [
          [
            [
              98.68,
              3.675
            ],
            [
              98.705,
              3.675
            ],
            [
              98.705,
              3.7
            ],
            [
              98.68,
              3.7
            ],
            [
              98.68,
              3.675
            ]
          ]
        ]
      }
    },
    {
      "type": "Feature",
      "properties": {
        "id": "Deli Serdang-685",
        "kabupaten": "Deli Serdang",
        "prov": "SUMATERA UTARA",
        "depth_m": 1.69,
        "wave_order": 0.356,
        "spot_idx": 4
      },
      "geometry": {
        "type": "Polygon",
        "coordinates": [
          [
            [
              98.68,
              3.7
            ],
            [
              98.705,
              3.7
            ],
            [
              98.705,
              3.725
            ],
            [
              98.68,
              3.725
            ],
            [
              98.68,
              3.7
            ]
          ]
        ]
      }
    },
    {
      "type": "Feature",
      "properties": {
        "id": "Deli Serdang-686",
        "kabupaten": "Deli Serdang",
        "prov": "SUMATERA UTARA",
        "depth_m": 1.39,
        "wave_order": 0.383,
        "spot_idx": 4
      },
      "geometry": {
        "type": "Polygon",
        "coordinates": [
          [
            [
              98.68,
              3.725
            ],
            [
              98.705,
              3.725
            ],
            [
              98.705,
              3.75
            ],
            [
              98.68,
              3.75
            ],
            [
              98.68,
              3.725
            ]
          ]
        ]
      }
    },
    {
      "type": "Feature",
      "properties": {
        "id": "Deli Serdang-687",
        "kabupaten": "Deli Serdang",
        "prov": "SUMATERA UTARA",
        "depth_m": 1.5,
        "wave_order": 0.562,
        "spot_idx": 4
      },
      "geometry": {
        "type": "Polygon",
        "coordinates": [
          [
            [
              98.68,
              3.75
            ],
            [
              98.705,
              3.75
            ],
            [
              98.705,
              3.775
            ],
            [
              98.68,
              3.775
            ],
            [
              98.68,
              3.75
            ]
          ]
        ]
      }
    },
    {
      "type": "Feature",
      "properties": {
        "id": "Deli Serdang-688",
        "kabupaten": "Deli Serdang",
        "prov": "SUMATERA UTARA",
        "depth_m": 1.51,
        "wave_order": 0.503,
        "spot_idx": 4
      },
      "geometry": {
        "type": "Polygon",
        "coordinates": [
          [
            [
              98.705,
              3.5
            ],
            [
              98.73,
              3.5
            ],
            [
              98.73,
              3.525
            ],
            [
              98.705,
              3.525
            ],
            [
              98.705,
              3.5
            ]
          ]
        ]
      }
    },
    {
      "type": "Feature",
      "properties": {
        "id": "Deli Serdang-689",
        "kabupaten": "Deli Serdang",
        "prov": "SUMATERA UTARA",
        "depth_m": 1.49,
        "wave_order": 0.351,
        "spot_idx": 4
      },
      "geometry": {
        "type": "Polygon",
        "coordinates": [
          [
            [
              98.705,
              3.525
            ],
            [
              98.73,
              3.525
            ],
            [
              98.73,
              3.55
            ],
            [
              98.705,
              3.55
            ],
            [
              98.705,
              3.525
            ]
          ]
        ]
      }
    },
    {
      "type": "Feature",
      "properties": {
        "id": "Deli Serdang-690",
        "kabupaten": "Deli Serdang",
        "prov": "SUMATERA UTARA",
        "depth_m": 1.71,
        "wave_order": 0.293,
        "spot_idx": 4
      },
      "geometry": {
        "type": "Polygon",
        "coordinates": [
          [
            [
              98.705,
              3.55
            ],
            [
              98.73,
              3.55
            ],
            [
              98.73,
              3.575
            ],
            [
              98.705,
              3.575
            ],
            [
              98.705,
              3.55
            ]
          ]
        ]
      }
    },
    {
      "type": "Feature",
      "properties": {
        "id": "Deli Serdang-691",
        "kabupaten": "Deli Serdang",
        "prov": "SUMATERA UTARA",
        "depth_m": 1.76,
        "wave_order": 0.169,
        "spot_idx": 4
      },
      "geometry": {
        "type": "Polygon",
        "coordinates": [
          [
            [
              98.705,
              3.575
            ],
            [
              98.73,
              3.575
            ],
            [
              98.73,
              3.6
            ],
            [
              98.705,
              3.6
            ],
            [
              98.705,
              3.575
            ]
          ]
        ]
      }
    },
    {
      "type": "Feature",
      "properties": {
        "id": "Deli Serdang-692",
        "kabupaten": "Deli Serdang",
        "prov": "SUMATERA UTARA",
        "depth_m": 1.91,
        "wave_order": 0.083,
        "spot_idx": 4
      },
      "geometry": {
        "type": "Polygon",
        "coordinates": [
          [
            [
              98.705,
              3.6
            ],
            [
              98.73,
              3.6
            ],
            [
              98.73,
              3.625
            ],
            [
              98.705,
              3.625
            ],
            [
              98.705,
              3.6
            ]
          ]
        ]
      }
    },
    {
      "type": "Feature",
      "properties": {
        "id": "Deli Serdang-693",
        "kabupaten": "Deli Serdang",
        "prov": "SUMATERA UTARA",
        "depth_m": 1.98,
        "wave_order": 0.034,
        "spot_idx": 4
      },
      "geometry": {
        "type": "Polygon",
        "coordinates": [
          [
            [
              98.705,
              3.625
            ],
            [
              98.73,
              3.625
            ],
            [
              98.73,
              3.65
            ],
            [
              98.705,
              3.65
            ],
            [
              98.705,
              3.625
            ]
          ]
        ]
      }
    },
    {
      "type": "Feature",
      "properties": {
        "id": "Deli Serdang-694",
        "kabupaten": "Deli Serdang",
        "prov": "SUMATERA UTARA",
        "depth_m": 1.82,
        "wave_order": 0.106,
        "spot_idx": 4
      },
      "geometry": {
        "type": "Polygon",
        "coordinates": [
          [
            [
              98.705,
              3.65
            ],
            [
              98.73,
              3.65
            ],
            [
              98.73,
              3.675
            ],
            [
              98.705,
              3.675
            ],
            [
              98.705,
              3.65
            ]
          ]
        ]
      }
    },
    {
      "type": "Feature",
      "properties": {
        "id": "Deli Serdang-695",
        "kabupaten": "Deli Serdang",
        "prov": "SUMATERA UTARA",
        "depth_m": 1.79,
        "wave_order": 0.238,
        "spot_idx": 4
      },
      "geometry": {
        "type": "Polygon",
        "coordinates": [
          [
            [
              98.705,
              3.675
            ],
            [
              98.73,
              3.675
            ],
            [
              98.73,
              3.7
            ],
            [
              98.705,
              3.7
            ],
            [
              98.705,
              3.675
            ]
          ]
        ]
      }
    },
    {
      "type": "Feature",
      "properties": {
        "id": "Deli Serdang-696",
        "kabupaten": "Deli Serdang",
        "prov": "SUMATERA UTARA",
        "depth_m": 1.55,
        "wave_order": 0.288,
        "spot_idx": 4
      },
      "geometry": {
        "type": "Polygon",
        "coordinates": [
          [
            [
              98.705,
              3.7
            ],
            [
              98.73,
              3.7
            ],
            [
              98.73,
              3.725
            ],
            [
              98.705,
              3.725
            ],
            [
              98.705,
              3.7
            ]
          ]
        ]
      }
    },
    {
      "type": "Feature",
      "properties": {
        "id": "Deli Serdang-697",
        "kabupaten": "Deli Serdang",
        "prov": "SUMATERA UTARA",
        "depth_m": 1.59,
        "wave_order": 0.448,
        "spot_idx": 4
      },
      "geometry": {
        "type": "Polygon",
        "coordinates": [
          [
            [
              98.705,
              3.725
            ],
            [
              98.73,
              3.725
            ],
            [
              98.73,
              3.75
            ],
            [
              98.705,
              3.75
            ],
            [
              98.705,
              3.725
            ]
          ]
        ]
      }
    },
    {
      "type": "Feature",
      "properties": {
        "id": "Deli Serdang-698",
        "kabupaten": "Deli Serdang",
        "prov": "SUMATERA UTARA",
        "depth_m": 1.28,
        "wave_order": 0.473,
        "spot_idx": 4
      },
      "geometry": {
        "type": "Polygon",
        "coordinates": [
          [
            [
              98.705,
              3.75
            ],
            [
              98.73,
              3.75
            ],
            [
              98.73,
              3.775
            ],
            [
              98.705,
              3.775
            ],
            [
              98.705,
              3.75
            ]
          ]
        ]
      }
    },
    {
      "type": "Feature",
      "properties": {
        "id": "Deli Serdang-699",
        "kabupaten": "Deli Serdang",
        "prov": "SUMATERA UTARA",
        "depth_m": 1.35,
        "wave_order": 0.462,
        "spot_idx": 4
      },
      "geometry": {
        "type": "Polygon",
        "coordinates": [
          [
            [
              98.73,
              3.5
            ],
            [
              98.755,
              3.5
            ],
            [
              98.755,
              3.525
            ],
            [
              98.73,
              3.525
            ],
            [
              98.73,
              3.5
            ]
          ]
        ]
      }
    },
    {
      "type": "Feature",
      "properties": {
        "id": "Deli Serdang-700",
        "kabupaten": "Deli Serdang",
        "prov": "SUMATERA UTARA",
        "depth_m": 1.58,
        "wave_order": 0.413,
        "spot_idx": 4
      },
      "geometry": {
        "type": "Polygon",
        "coordinates": [
          [
            [
              98.73,
              3.525
            ],
            [
              98.755,
              3.525
            ],
            [
              98.755,
              3.55
            ],
            [
              98.73,
              3.55
            ],
            [
              98.73,
              3.525
            ]
          ]
        ]
      }
    },
    {
      "type": "Feature",
      "properties": {
        "id": "Deli Serdang-701",
        "kabupaten": "Deli Serdang",
        "prov": "SUMATERA UTARA",
        "depth_m": 1.6,
        "wave_order": 0.286,
        "spot_idx": 4
      },
      "geometry": {
        "type": "Polygon",
        "coordinates": [
          [
            [
              98.73,
              3.55
            ],
            [
              98.755,
              3.55
            ],
            [
              98.755,
              3.575
            ],
            [
              98.73,
              3.575
            ],
            [
              98.73,
              3.55
            ]
          ]
        ]
      }
    },
    {
      "type": "Feature",
      "properties": {
        "id": "Deli Serdang-702",
        "kabupaten": "Deli Serdang",
        "prov": "SUMATERA UTARA",
        "depth_m": 1.77,
        "wave_order": 0.221,
        "spot_idx": 4
      },
      "geometry": {
        "type": "Polygon",
        "coordinates": [
          [
            [
              98.73,
              3.575
            ],
            [
              98.755,
              3.575
            ],
            [
              98.755,
              3.6
            ],
            [
              98.73,
              3.6
            ],
            [
              98.73,
              3.575
            ]
          ]
        ]
      }
    },
    {
      "type": "Feature",
      "properties": {
        "id": "Deli Serdang-703",
        "kabupaten": "Deli Serdang",
        "prov": "SUMATERA UTARA",
        "depth_m": 1.83,
        "wave_order": 0.141,
        "spot_idx": 4
      },
      "geometry": {
        "type": "Polygon",
        "coordinates": [
          [
            [
              98.73,
              3.6
            ],
            [
              98.755,
              3.6
            ],
            [
              98.755,
              3.625
            ],
            [
              98.73,
              3.625
            ],
            [
              98.73,
              3.6
            ]
          ]
        ]
      }
    },
    {
      "type": "Feature",
      "properties": {
        "id": "Deli Serdang-704",
        "kabupaten": "Deli Serdang",
        "prov": "SUMATERA UTARA",
        "depth_m": 1.84,
        "wave_order": 0.115,
        "spot_idx": 4
      },
      "geometry": {
        "type": "Polygon",
        "coordinates": [
          [
            [
              98.73,
              3.625
            ],
            [
              98.755,
              3.625
            ],
            [
              98.755,
              3.65
            ],
            [
              98.73,
              3.65
            ],
            [
              98.73,
              3.625
            ]
          ]
        ]
      }
    },
    {
      "type": "Feature",
      "properties": {
        "id": "Deli Serdang-705",
        "kabupaten": "Deli Serdang",
        "prov": "SUMATERA UTARA",
        "depth_m": 1.83,
        "wave_order": 0.179,
        "spot_idx": 4
      },
      "geometry": {
        "type": "Polygon",
        "coordinates": [
          [
            [
              98.73,
              3.65
            ],
            [
              98.755,
              3.65
            ],
            [
              98.755,
              3.675
            ],
            [
              98.73,
              3.675
            ],
            [
              98.73,
              3.65
            ]
          ]
        ]
      }
    },
    {
      "type": "Feature",
      "properties": {
        "id": "Deli Serdang-706",
        "kabupaten": "Deli Serdang",
        "prov": "SUMATERA UTARA",
        "depth_m": 1.66,
        "wave_order": 0.229,
        "spot_idx": 4
      },
      "geometry": {
        "type": "Polygon",
        "coordinates": [
          [
            [
              98.73,
              3.675
            ],
            [
              98.755,
              3.675
            ],
            [
              98.755,
              3.7
            ],
            [
              98.73,
              3.7
            ],
            [
              98.73,
              3.675
            ]
          ]
        ]
      }
    },
    {
      "type": "Feature",
      "properties": {
        "id": "Deli Serdang-707",
        "kabupaten": "Deli Serdang",
        "prov": "SUMATERA UTARA",
        "depth_m": 1.66,
        "wave_order": 0.36,
        "spot_idx": 4
      },
      "geometry": {
        "type": "Polygon",
        "coordinates": [
          [
            [
              98.73,
              3.7
            ],
            [
              98.755,
              3.7
            ],
            [
              98.755,
              3.725
            ],
            [
              98.73,
              3.725
            ],
            [
              98.73,
              3.7
            ]
          ]
        ]
      }
    },
    {
      "type": "Feature",
      "properties": {
        "id": "Deli Serdang-708",
        "kabupaten": "Deli Serdang",
        "prov": "SUMATERA UTARA",
        "depth_m": 1.41,
        "wave_order": 0.402,
        "spot_idx": 4
      },
      "geometry": {
        "type": "Polygon",
        "coordinates": [
          [
            [
              98.73,
              3.725
            ],
            [
              98.755,
              3.725
            ],
            [
              98.755,
              3.75
            ],
            [
              98.73,
              3.75
            ],
            [
              98.73,
              3.725
            ]
          ]
        ]
      }
    },
    {
      "type": "Feature",
      "properties": {
        "id": "Deli Serdang-709",
        "kabupaten": "Deli Serdang",
        "prov": "SUMATERA UTARA",
        "depth_m": 1.46,
        "wave_order": 0.559,
        "spot_idx": 4
      },
      "geometry": {
        "type": "Polygon",
        "coordinates": [
          [
            [
              98.73,
              3.75
            ],
            [
              98.755,
              3.75
            ],
            [
              98.755,
              3.775
            ],
            [
              98.73,
              3.775
            ],
            [
              98.73,
              3.75
            ]
          ]
        ]
      }
    },
    {
      "type": "Feature",
      "properties": {
        "id": "Deli Serdang-710",
        "kabupaten": "Deli Serdang",
        "prov": "SUMATERA UTARA",
        "depth_m": 1.43,
        "wave_order": 0.541,
        "spot_idx": 4
      },
      "geometry": {
        "type": "Polygon",
        "coordinates": [
          [
            [
              98.755,
              3.5
            ],
            [
              98.78,
              3.5
            ],
            [
              98.78,
              3.525
            ],
            [
              98.755,
              3.525
            ],
            [
              98.755,
              3.5
            ]
          ]
        ]
      }
    },
    {
      "type": "Feature",
      "properties": {
        "id": "Deli Serdang-711",
        "kabupaten": "Deli Serdang",
        "prov": "SUMATERA UTARA",
        "depth_m": 1.44,
        "wave_order": 0.416,
        "spot_idx": 4
      },
      "geometry": {
        "type": "Polygon",
        "coordinates": [
          [
            [
              98.755,
              3.525
            ],
            [
              98.78,
              3.525
            ],
            [
              98.78,
              3.55
            ],
            [
              98.755,
              3.55
            ],
            [
              98.755,
              3.525
            ]
          ]
        ]
      }
    },
    {
      "type": "Feature",
      "properties": {
        "id": "Deli Serdang-712",
        "kabupaten": "Deli Serdang",
        "prov": "SUMATERA UTARA",
        "depth_m": 1.61,
        "wave_order": 0.362,
        "spot_idx": 4
      },
      "geometry": {
        "type": "Polygon",
        "coordinates": [
          [
            [
              98.755,
              3.55
            ],
            [
              98.78,
              3.55
            ],
            [
              98.78,
              3.575
            ],
            [
              98.755,
              3.575
            ],
            [
              98.755,
              3.55
            ]
          ]
        ]
      }
    },
    {
      "type": "Feature",
      "properties": {
        "id": "Deli Serdang-713",
        "kabupaten": "Deli Serdang",
        "prov": "SUMATERA UTARA",
        "depth_m": 1.65,
        "wave_order": 0.274,
        "spot_idx": 4
      },
      "geometry": {
        "type": "Polygon",
        "coordinates": [
          [
            [
              98.755,
              3.575
            ],
            [
              98.78,
              3.575
            ],
            [
              98.78,
              3.6
            ],
            [
              98.755,
              3.6
            ],
            [
              98.755,
              3.575
            ]
          ]
        ]
      }
    },
    {
      "type": "Feature",
      "properties": {
        "id": "Deli Serdang-714",
        "kabupaten": "Deli Serdang",
        "prov": "SUMATERA UTARA",
        "depth_m": 1.73,
        "wave_order": 0.232,
        "spot_idx": 4
      },
      "geometry": {
        "type": "Polygon",
        "coordinates": [
          [
            [
              98.755,
              3.6
            ],
            [
              98.78,
              3.6
            ],
            [
              98.78,
              3.625
            ],
            [
              98.755,
              3.625
            ],
            [
              98.755,
              3.6
            ]
          ]
        ]
      }
    },
    {
      "type": "Feature",
      "properties": {
        "id": "Deli Serdang-715",
        "kabupaten": "Deli Serdang",
        "prov": "SUMATERA UTARA",
        "depth_m": 1.75,
        "wave_order": 0.222,
        "spot_idx": 4
      },
      "geometry": {
        "type": "Polygon",
        "coordinates": [
          [
            [
              98.755,
              3.625
            ],
            [
              98.78,
              3.625
            ],
            [
              98.78,
              3.65
            ],
            [
              98.755,
              3.65
            ],
            [
              98.755,
              3.625
            ]
          ]
        ]
      }
    },
    {
      "type": "Feature",
      "properties": {
        "id": "Deli Serdang-716",
        "kabupaten": "Deli Serdang",
        "prov": "SUMATERA UTARA",
        "depth_m": 1.68,
        "wave_order": 0.238,
        "spot_idx": 4
      },
      "geometry": {
        "type": "Polygon",
        "coordinates": [
          [
            [
              98.755,
              3.65
            ],
            [
              98.78,
              3.65
            ],
            [
              98.78,
              3.675
            ],
            [
              98.755,
              3.675
            ],
            [
              98.755,
              3.65
            ]
          ]
        ]
      }
    },
    {
      "type": "Feature",
      "properties": {
        "id": "Deli Serdang-717",
        "kabupaten": "Deli Serdang",
        "prov": "SUMATERA UTARA",
        "depth_m": 1.67,
        "wave_order": 0.321,
        "spot_idx": 4
      },
      "geometry": {
        "type": "Polygon",
        "coordinates": [
          [
            [
              98.755,
              3.675
            ],
            [
              98.78,
              3.675
            ],
            [
              98.78,
              3.7
            ],
            [
              98.755,
              3.7
            ],
            [
              98.755,
              3.675
            ]
          ]
        ]
      }
    },
    {
      "type": "Feature",
      "properties": {
        "id": "Deli Serdang-718",
        "kabupaten": "Deli Serdang",
        "prov": "SUMATERA UTARA",
        "depth_m": 1.49,
        "wave_order": 0.364,
        "spot_idx": 4
      },
      "geometry": {
        "type": "Polygon",
        "coordinates": [
          [
            [
              98.755,
              3.7
            ],
            [
              98.78,
              3.7
            ],
            [
              98.78,
              3.725
            ],
            [
              98.755,
              3.725
            ],
            [
              98.755,
              3.7
            ]
          ]
        ]
      }
    },
    {
      "type": "Feature",
      "properties": {
        "id": "Deli Serdang-719",
        "kabupaten": "Deli Serdang",
        "prov": "SUMATERA UTARA",
        "depth_m": 1.5,
        "wave_order": 0.49,
        "spot_idx": 4
      },
      "geometry": {
        "type": "Polygon",
        "coordinates": [
          [
            [
              98.755,
              3.725
            ],
            [
              98.78,
              3.725
            ],
            [
              98.78,
              3.75
            ],
            [
              98.755,
              3.75
            ],
            [
              98.755,
              3.725
            ]
          ]
        ]
      }
    },
    {
      "type": "Feature",
      "properties": {
        "id": "Deli Serdang-720",
        "kabupaten": "Deli Serdang",
        "prov": "SUMATERA UTARA",
        "depth_m": 1.26,
        "wave_order": 0.529,
        "spot_idx": 4
      },
      "geometry": {
        "type": "Polygon",
        "coordinates": [
          [
            [
              98.755,
              3.75
            ],
            [
              98.78,
              3.75
            ],
            [
              98.78,
              3.775
            ],
            [
              98.755,
              3.775
            ],
            [
              98.755,
              3.75
            ]
          ]
        ]
      }
    },
    {
      "type": "Feature",
      "properties": {
        "id": "Deli Serdang-721",
        "kabupaten": "Deli Serdang",
        "prov": "SUMATERA UTARA",
        "depth_m": 1.28,
        "wave_order": 0.553,
        "spot_idx": 4
      },
      "geometry": {
        "type": "Polygon",
        "coordinates": [
          [
            [
              98.78,
              3.5
            ],
            [
              98.805,
              3.5
            ],
            [
              98.805,
              3.525
            ],
            [
              98.78,
              3.525
            ],
            [
              98.78,
              3.5
            ]
          ]
        ]
      }
    },
    {
      "type": "Feature",
      "properties": {
        "id": "Deli Serdang-722",
        "kabupaten": "Deli Serdang",
        "prov": "SUMATERA UTARA",
        "depth_m": 1.44,
        "wave_order": 0.501,
        "spot_idx": 4
      },
      "geometry": {
        "type": "Polygon",
        "coordinates": [
          [
            [
              98.78,
              3.525
            ],
            [
              98.805,
              3.525
            ],
            [
              98.805,
              3.55
            ],
            [
              98.78,
              3.55
            ],
            [
              98.78,
              3.525
            ]
          ]
        ]
      }
    },
    {
      "type": "Feature",
      "properties": {
        "id": "Deli Serdang-723",
        "kabupaten": "Deli Serdang",
        "prov": "SUMATERA UTARA",
        "depth_m": 1.48,
        "wave_order": 0.41,
        "spot_idx": 4
      },
      "geometry": {
        "type": "Polygon",
        "coordinates": [
          [
            [
              98.78,
              3.55
            ],
            [
              98.805,
              3.55
            ],
            [
              98.805,
              3.575
            ],
            [
              98.78,
              3.575
            ],
            [
              98.78,
              3.55
            ]
          ]
        ]
      }
    },
    {
      "type": "Feature",
      "properties": {
        "id": "Deli Serdang-724",
        "kabupaten": "Deli Serdang",
        "prov": "SUMATERA UTARA",
        "depth_m": 1.58,
        "wave_order": 0.366,
        "spot_idx": 4
      },
      "geometry": {
        "type": "Polygon",
        "coordinates": [
          [
            [
              98.78,
              3.575
            ],
            [
              98.805,
              3.575
            ],
            [
              98.805,
              3.6
            ],
            [
              98.78,
              3.6
            ],
            [
              98.78,
              3.575
            ]
          ]
        ]
      }
    },
    {
      "type": "Feature",
      "properties": {
        "id": "Deli Serdang-725",
        "kabupaten": "Deli Serdang",
        "prov": "SUMATERA UTARA",
        "depth_m": 1.61,
        "wave_order": 0.324,
        "spot_idx": 4
      },
      "geometry": {
        "type": "Polygon",
        "coordinates": [
          [
            [
              98.78,
              3.6
            ],
            [
              98.805,
              3.6
            ],
            [
              98.805,
              3.625
            ],
            [
              98.78,
              3.625
            ],
            [
              98.78,
              3.6
            ]
          ]
        ]
      }
    },
    {
      "type": "Feature",
      "properties": {
        "id": "Deli Serdang-726",
        "kabupaten": "Deli Serdang",
        "prov": "SUMATERA UTARA",
        "depth_m": 1.61,
        "wave_order": 0.313,
        "spot_idx": 4
      },
      "geometry": {
        "type": "Polygon",
        "coordinates": [
          [
            [
              98.78,
              3.625
            ],
            [
              98.805,
              3.625
            ],
            [
              98.805,
              3.65
            ],
            [
              98.78,
              3.65
            ],
            [
              98.78,
              3.625
            ]
          ]
        ]
      }
    },
    {
      "type": "Feature",
      "properties": {
        "id": "Deli Serdang-727",
        "kabupaten": "Deli Serdang",
        "prov": "SUMATERA UTARA",
        "depth_m": 1.61,
        "wave_order": 0.343,
        "spot_idx": 4
      },
      "geometry": {
        "type": "Polygon",
        "coordinates": [
          [
            [
              98.78,
              3.65
            ],
            [
              98.805,
              3.65
            ],
            [
              98.805,
              3.675
            ],
            [
              98.78,
              3.675
            ],
            [
              98.78,
              3.65
            ]
          ]
        ]
      }
    },
    {
      "type": "Feature",
      "properties": {
        "id": "Deli Serdang-728",
        "kabupaten": "Deli Serdang",
        "prov": "SUMATERA UTARA",
        "depth_m": 1.51,
        "wave_order": 0.372,
        "spot_idx": 4
      },
      "geometry": {
        "type": "Polygon",
        "coordinates": [
          [
            [
              98.78,
              3.675
            ],
            [
              98.805,
              3.675
            ],
            [
              98.805,
              3.7
            ],
            [
              98.78,
              3.7
            ],
            [
              98.78,
              3.675
            ]
          ]
        ]
      }
    },
    {
      "type": "Feature",
      "properties": {
        "id": "Deli Serdang-729",
        "kabupaten": "Deli Serdang",
        "prov": "SUMATERA UTARA",
        "depth_m": 1.5,
        "wave_order": 0.46,
        "spot_idx": 4
      },
      "geometry": {
        "type": "Polygon",
        "coordinates": [
          [
            [
              98.78,
              3.7
            ],
            [
              98.805,
              3.7
            ],
            [
              98.805,
              3.725
            ],
            [
              98.78,
              3.725
            ],
            [
              98.78,
              3.7
            ]
          ]
        ]
      }
    },
    {
      "type": "Feature",
      "properties": {
        "id": "Deli Serdang-730",
        "kabupaten": "Deli Serdang",
        "prov": "SUMATERA UTARA",
        "depth_m": 1.33,
        "wave_order": 0.503,
        "spot_idx": 4
      },
      "geometry": {
        "type": "Polygon",
        "coordinates": [
          [
            [
              98.78,
              3.725
            ],
            [
              98.805,
              3.725
            ],
            [
              98.805,
              3.75
            ],
            [
              98.78,
              3.75
            ],
            [
              98.78,
              3.725
            ]
          ]
        ]
      }
    },
    {
      "type": "Feature",
      "properties": {
        "id": "Deli Serdang-731",
        "kabupaten": "Deli Serdang",
        "prov": "SUMATERA UTARA",
        "depth_m": 1.33,
        "wave_order": 0.621,
        "spot_idx": 4
      },
      "geometry": {
        "type": "Polygon",
        "coordinates": [
          [
            [
              98.78,
              3.75
            ],
            [
              98.805,
              3.75
            ],
            [
              98.805,
              3.775
            ],
            [
              98.78,
              3.775
            ],
            [
              98.78,
              3.75
            ]
          ]
        ]
      }
    },
    {
      "type": "Feature",
      "properties": {
        "id": "Deli Serdang-732",
        "kabupaten": "Deli Serdang",
        "prov": "SUMATERA UTARA",
        "depth_m": 1.27,
        "wave_order": 0.638,
        "spot_idx": 4
      },
      "geometry": {
        "type": "Polygon",
        "coordinates": [
          [
            [
              98.805,
              3.5
            ],
            [
              98.83,
              3.5
            ],
            [
              98.83,
              3.525
            ],
            [
              98.805,
              3.525
            ],
            [
              98.805,
              3.5
            ]
          ]
        ]
      }
    },
    {
      "type": "Feature",
      "properties": {
        "id": "Deli Serdang-733",
        "kabupaten": "Deli Serdang",
        "prov": "SUMATERA UTARA",
        "depth_m": 1.31,
        "wave_order": 0.55,
        "spot_idx": 4
      },
      "geometry": {
        "type": "Polygon",
        "coordinates": [
          [
            [
              98.805,
              3.525
            ],
            [
              98.83,
              3.525
            ],
            [
              98.83,
              3.55
            ],
            [
              98.805,
              3.55
            ],
            [
              98.805,
              3.525
            ]
          ]
        ]
      }
    },
    {
      "type": "Feature",
      "properties": {
        "id": "Deli Serdang-734",
        "kabupaten": "Deli Serdang",
        "prov": "SUMATERA UTARA",
        "depth_m": 1.42,
        "wave_order": 0.502,
        "spot_idx": 4
      },
      "geometry": {
        "type": "Polygon",
        "coordinates": [
          [
            [
              98.805,
              3.55
            ],
            [
              98.83,
              3.55
            ],
            [
              98.83,
              3.575
            ],
            [
              98.805,
              3.575
            ],
            [
              98.805,
              3.55
            ]
          ]
        ]
      }
    },
    {
      "type": "Feature",
      "properties": {
        "id": "Deli Serdang-735",
        "kabupaten": "Deli Serdang",
        "prov": "SUMATERA UTARA",
        "depth_m": 1.45,
        "wave_order": 0.447,
        "spot_idx": 4
      },
      "geometry": {
        "type": "Polygon",
        "coordinates": [
          [
            [
              98.805,
              3.575
            ],
            [
              98.83,
              3.575
            ],
            [
              98.83,
              3.6
            ],
            [
              98.805,
              3.6
            ],
            [
              98.805,
              3.575
            ]
          ]
        ]
      }
    },
    {
      "type": "Feature",
      "properties": {
        "id": "Deli Serdang-736",
        "kabupaten": "Deli Serdang",
        "prov": "SUMATERA UTARA",
        "depth_m": 1.5,
        "wave_order": 0.422,
        "spot_idx": 4
      },
      "geometry": {
        "type": "Polygon",
        "coordinates": [
          [
            [
              98.805,
              3.6
            ],
            [
              98.83,
              3.6
            ],
            [
              98.83,
              3.625
            ],
            [
              98.805,
              3.625
            ],
            [
              98.805,
              3.6
            ]
          ]
        ]
      }
    },
    {
      "type": "Feature",
      "properties": {
        "id": "Deli Serdang-737",
        "kabupaten": "Deli Serdang",
        "prov": "SUMATERA UTARA",
        "depth_m": 1.51,
        "wave_order": 0.416,
        "spot_idx": 4
      },
      "geometry": {
        "type": "Polygon",
        "coordinates": [
          [
            [
              98.805,
              3.625
            ],
            [
              98.83,
              3.625
            ],
            [
              98.83,
              3.65
            ],
            [
              98.805,
              3.65
            ],
            [
              98.805,
              3.625
            ]
          ]
        ]
      }
    },
    {
      "type": "Feature",
      "properties": {
        "id": "Deli Serdang-738",
        "kabupaten": "Deli Serdang",
        "prov": "SUMATERA UTARA",
        "depth_m": 1.47,
        "wave_order": 0.426,
        "spot_idx": 4
      },
      "geometry": {
        "type": "Polygon",
        "coordinates": [
          [
            [
              98.805,
              3.65
            ],
            [
              98.83,
              3.65
            ],
            [
              98.83,
              3.675
            ],
            [
              98.805,
              3.675
            ],
            [
              98.805,
              3.65
            ]
          ]
        ]
      }
    },
    {
      "type": "Feature",
      "properties": {
        "id": "Deli Serdang-739",
        "kabupaten": "Deli Serdang",
        "prov": "SUMATERA UTARA",
        "depth_m": 1.46,
        "wave_order": 0.474,
        "spot_idx": 4
      },
      "geometry": {
        "type": "Polygon",
        "coordinates": [
          [
            [
              98.805,
              3.675
            ],
            [
              98.83,
              3.675
            ],
            [
              98.83,
              3.7
            ],
            [
              98.805,
              3.7
            ],
            [
              98.805,
              3.675
            ]
          ]
        ]
      }
    },
    {
      "type": "Feature",
      "properties": {
        "id": "Deli Serdang-740",
        "kabupaten": "Deli Serdang",
        "prov": "SUMATERA UTARA",
        "depth_m": 1.35,
        "wave_order": 0.511,
        "spot_idx": 4
      },
      "geometry": {
        "type": "Polygon",
        "coordinates": [
          [
            [
              98.805,
              3.7
            ],
            [
              98.83,
              3.7
            ],
            [
              98.83,
              3.725
            ],
            [
              98.805,
              3.725
            ],
            [
              98.805,
              3.7
            ]
          ]
        ]
      }
    },
    {
      "type": "Feature",
      "properties": {
        "id": "Deli Serdang-741",
        "kabupaten": "Deli Serdang",
        "prov": "SUMATERA UTARA",
        "depth_m": 1.33,
        "wave_order": 0.596,
        "spot_idx": 4
      },
      "geometry": {
        "type": "Polygon",
        "coordinates": [
          [
            [
              98.805,
              3.725
            ],
            [
              98.83,
              3.725
            ],
            [
              98.83,
              3.75
            ],
            [
              98.805,
              3.75
            ],
            [
              98.805,
              3.725
            ]
          ]
        ]
      }
    },
    {
      "type": "Feature",
      "properties": {
        "id": "Deli Serdang-742",
        "kabupaten": "Deli Serdang",
        "prov": "SUMATERA UTARA",
        "depth_m": 1.18,
        "wave_order": 0.646,
        "spot_idx": 4
      },
      "geometry": {
        "type": "Polygon",
        "coordinates": [
          [
            [
              98.805,
              3.75
            ],
            [
              98.83,
              3.75
            ],
            [
              98.83,
              3.775
            ],
            [
              98.805,
              3.775
            ],
            [
              98.805,
              3.75
            ]
          ]
        ]
      }
    },
    {
      "type": "Feature",
      "properties": {
        "id": "Deli Serdang-743",
        "kabupaten": "Deli Serdang",
        "prov": "SUMATERA UTARA",
        "depth_m": 1.15,
        "wave_order": 0.693,
        "spot_idx": 4
      },
      "geometry": {
        "type": "Polygon",
        "coordinates": [
          [
            [
              98.83,
              3.5
            ],
            [
              98.855,
              3.5
            ],
            [
              98.855,
              3.525
            ],
            [
              98.83,
              3.525
            ],
            [
              98.83,
              3.5
            ]
          ]
        ]
      }
    },
    {
      "type": "Feature",
      "properties": {
        "id": "Deli Serdang-744",
        "kabupaten": "Deli Serdang",
        "prov": "SUMATERA UTARA",
        "depth_m": 1.25,
        "wave_order": 0.637,
        "spot_idx": 4
      },
      "geometry": {
        "type": "Polygon",
        "coordinates": [
          [
            [
              98.83,
              3.525
            ],
            [
              98.855,
              3.525
            ],
            [
              98.855,
              3.55
            ],
            [
              98.83,
              3.55
            ],
            [
              98.83,
              3.525
            ]
          ]
        ]
      }
    },
    {
      "type": "Feature",
      "properties": {
        "id": "Deli Serdang-745",
        "kabupaten": "Deli Serdang",
        "prov": "SUMATERA UTARA",
        "depth_m": 1.3,
        "wave_order": 0.58,
        "spot_idx": 4
      },
      "geometry": {
        "type": "Polygon",
        "coordinates": [
          [
            [
              98.83,
              3.55
            ],
            [
              98.855,
              3.55
            ],
            [
              98.855,
              3.575
            ],
            [
              98.83,
              3.575
            ],
            [
              98.83,
              3.55
            ]
          ]
        ]
      }
    },
    {
      "type": "Feature",
      "properties": {
        "id": "Deli Serdang-746",
        "kabupaten": "Deli Serdang",
        "prov": "SUMATERA UTARA",
        "depth_m": 1.35,
        "wave_order": 0.543,
        "spot_idx": 4
      },
      "geometry": {
        "type": "Polygon",
        "coordinates": [
          [
            [
              98.83,
              3.575
            ],
            [
              98.855,
              3.575
            ],
            [
              98.855,
              3.6
            ],
            [
              98.83,
              3.6
            ],
            [
              98.83,
              3.575
            ]
          ]
        ]
      }
    },
    {
      "type": "Feature",
      "properties": {
        "id": "Deli Serdang-747",
        "kabupaten": "Deli Serdang",
        "prov": "SUMATERA UTARA",
        "depth_m": 1.38,
        "wave_order": 0.518,
        "spot_idx": 4
      },
      "geometry": {
        "type": "Polygon",
        "coordinates": [
          [
            [
              98.83,
              3.6
            ],
            [
              98.855,
              3.6
            ],
            [
              98.855,
              3.625
            ],
            [
              98.83,
              3.625
            ],
            [
              98.83,
              3.6
            ]
          ]
        ]
      }
    },
    {
      "type": "Feature",
      "properties": {
        "id": "Deli Serdang-748",
        "kabupaten": "Deli Serdang",
        "prov": "SUMATERA UTARA",
        "depth_m": 1.38,
        "wave_order": 0.512,
        "spot_idx": 4
      },
      "geometry": {
        "type": "Polygon",
        "coordinates": [
          [
            [
              98.83,
              3.625
            ],
            [
              98.855,
              3.625
            ],
            [
              98.855,
              3.65
            ],
            [
              98.83,
              3.65
            ],
            [
              98.83,
              3.625
            ]
          ]
        ]
      }
    },
    {
      "type": "Feature",
      "properties": {
        "id": "Deli Serdang-749",
        "kabupaten": "Deli Serdang",
        "prov": "SUMATERA UTARA",
        "depth_m": 1.37,
        "wave_order": 0.527,
        "spot_idx": 4
      },
      "geometry": {
        "type": "Polygon",
        "coordinates": [
          [
            [
              98.83,
              3.65
            ],
            [
              98.855,
              3.65
            ],
            [
              98.855,
              3.675
            ],
            [
              98.83,
              3.675
            ],
            [
              98.83,
              3.65
            ]
          ]
        ]
      }
    },
    {
      "type": "Feature",
      "properties": {
        "id": "Deli Serdang-750",
        "kabupaten": "Deli Serdang",
        "prov": "SUMATERA UTARA",
        "depth_m": 1.33,
        "wave_order": 0.554,
        "spot_idx": 4
      },
      "geometry": {
        "type": "Polygon",
        "coordinates": [
          [
            [
              98.83,
              3.675
            ],
            [
              98.855,
              3.675
            ],
            [
              98.855,
              3.7
            ],
            [
              98.83,
              3.7
            ],
            [
              98.83,
              3.675
            ]
          ]
        ]
      }
    },
    {
      "type": "Feature",
      "properties": {
        "id": "Deli Serdang-751",
        "kabupaten": "Deli Serdang",
        "prov": "SUMATERA UTARA",
        "depth_m": 1.29,
        "wave_order": 0.605,
        "spot_idx": 4
      },
      "geometry": {
        "type": "Polygon",
        "coordinates": [
          [
            [
              98.83,
              3.7
            ],
            [
              98.855,
              3.7
            ],
            [
              98.855,
              3.725
            ],
            [
              98.83,
              3.725
            ],
            [
              98.83,
              3.7
            ]
          ]
        ]
      }
    },
    {
      "type": "Feature",
      "properties": {
        "id": "Deli Serdang-752",
        "kabupaten": "Deli Serdang",
        "prov": "SUMATERA UTARA",
        "depth_m": 1.2,
        "wave_order": 0.654,
        "spot_idx": 4
      },
      "geometry": {
        "type": "Polygon",
        "coordinates": [
          [
            [
              98.83,
              3.725
            ],
            [
              98.855,
              3.725
            ],
            [
              98.855,
              3.75
            ],
            [
              98.83,
              3.75
            ],
            [
              98.83,
              3.725
            ]
          ]
        ]
      }
    },
    {
      "type": "Feature",
      "properties": {
        "id": "Deli Serdang-753",
        "kabupaten": "Deli Serdang",
        "prov": "SUMATERA UTARA",
        "depth_m": 1.14,
        "wave_order": 0.729,
        "spot_idx": 4
      },
      "geometry": {
        "type": "Polygon",
        "coordinates": [
          [
            [
              98.83,
              3.75
            ],
            [
              98.855,
              3.75
            ],
            [
              98.855,
              3.775
            ],
            [
              98.83,
              3.775
            ],
            [
              98.83,
              3.75
            ]
          ]
        ]
      }
    },
    {
      "type": "Feature",
      "properties": {
        "id": "Deli Serdang-754",
        "kabupaten": "Deli Serdang",
        "prov": "SUMATERA UTARA",
        "depth_m": 1.07,
        "wave_order": 0.77,
        "spot_idx": 4
      },
      "geometry": {
        "type": "Polygon",
        "coordinates": [
          [
            [
              98.855,
              3.5
            ],
            [
              98.88,
              3.5
            ],
            [
              98.88,
              3.525
            ],
            [
              98.855,
              3.525
            ],
            [
              98.855,
              3.5
            ]
          ]
        ]
      }
    },
    {
      "type": "Feature",
      "properties": {
        "id": "Deli Serdang-755",
        "kabupaten": "Deli Serdang",
        "prov": "SUMATERA UTARA",
        "depth_m": 1.15,
        "wave_order": 0.718,
        "spot_idx": 4
      },
      "geometry": {
        "type": "Polygon",
        "coordinates": [
          [
            [
              98.855,
              3.525
            ],
            [
              98.88,
              3.525
            ],
            [
              98.88,
              3.55
            ],
            [
              98.855,
              3.55
            ],
            [
              98.855,
              3.525
            ]
          ]
        ]
      }
    },
    {
      "type": "Feature",
      "properties": {
        "id": "Deli Serdang-756",
        "kabupaten": "Deli Serdang",
        "prov": "SUMATERA UTARA",
        "depth_m": 1.19,
        "wave_order": 0.669,
        "spot_idx": 4
      },
      "geometry": {
        "type": "Polygon",
        "coordinates": [
          [
            [
              98.855,
              3.55
            ],
            [
              98.88,
              3.55
            ],
            [
              98.88,
              3.575
            ],
            [
              98.855,
              3.575
            ],
            [
              98.855,
              3.55
            ]
          ]
        ]
      }
    },
    {
      "type": "Feature",
      "properties": {
        "id": "Deli Serdang-757",
        "kabupaten": "Deli Serdang",
        "prov": "SUMATERA UTARA",
        "depth_m": 1.24,
        "wave_order": 0.637,
        "spot_idx": 4
      },
      "geometry": {
        "type": "Polygon",
        "coordinates": [
          [
            [
              98.855,
              3.575
            ],
            [
              98.88,
              3.575
            ],
            [
              98.88,
              3.6
            ],
            [
              98.855,
              3.6
            ],
            [
              98.855,
              3.575
            ]
          ]
        ]
      }
    },
    {
      "type": "Feature",
      "properties": {
        "id": "Deli Serdang-758",
        "kabupaten": "Deli Serdang",
        "prov": "SUMATERA UTARA",
        "depth_m": 1.26,
        "wave_order": 0.616,
        "spot_idx": 4
      },
      "geometry": {
        "type": "Polygon",
        "coordinates": [
          [
            [
              98.855,
              3.6
            ],
            [
              98.88,
              3.6
            ],
            [
              98.88,
              3.625
            ],
            [
              98.855,
              3.625
            ],
            [
              98.855,
              3.6
            ]
          ]
        ]
      }
    },
    {
      "type": "Feature",
      "properties": {
        "id": "Deli Serdang-759",
        "kabupaten": "Deli Serdang",
        "prov": "SUMATERA UTARA",
        "depth_m": 1.27,
        "wave_order": 0.611,
        "spot_idx": 4
      },
      "geometry": {
        "type": "Polygon",
        "coordinates": [
          [
            [
              98.855,
              3.625
            ],
            [
              98.88,
              3.625
            ],
            [
              98.88,
              3.65
            ],
            [
              98.855,
              3.65
            ],
            [
              98.855,
              3.625
            ]
          ]
        ]
      }
    },
    {
      "type": "Feature",
      "properties": {
        "id": "Deli Serdang-760",
        "kabupaten": "Deli Serdang",
        "prov": "SUMATERA UTARA",
        "depth_m": 1.26,
        "wave_order": 0.623,
        "spot_idx": 4
      },
      "geometry": {
        "type": "Polygon",
        "coordinates": [
          [
            [
              98.855,
              3.65
            ],
            [
              98.88,
              3.65
            ],
            [
              98.88,
              3.675
            ],
            [
              98.855,
              3.675
            ],
            [
              98.855,
              3.65
            ]
          ]
        ]
      }
    },
    {
      "type": "Feature",
      "properties": {
        "id": "Deli Serdang-761",
        "kabupaten": "Deli Serdang",
        "prov": "SUMATERA UTARA",
        "depth_m": 1.22,
        "wave_order": 0.646,
        "spot_idx": 4
      },
      "geometry": {
        "type": "Polygon",
        "coordinates": [
          [
            [
              98.855,
              3.675
            ],
            [
              98.88,
              3.675
            ],
            [
              98.88,
              3.7
            ],
            [
              98.855,
              3.7
            ],
            [
              98.855,
              3.675
            ]
          ]
        ]
      }
    },
    {
      "type": "Feature",
      "properties": {
        "id": "Deli Serdang-762",
        "kabupaten": "Deli Serdang",
        "prov": "SUMATERA UTARA",
        "depth_m": 1.18,
        "wave_order": 0.689,
        "spot_idx": 4
      },
      "geometry": {
        "type": "Polygon",
        "coordinates": [
          [
            [
              98.855,
              3.7
            ],
            [
              98.88,
              3.7
            ],
            [
              98.88,
              3.725
            ],
            [
              98.855,
              3.725
            ],
            [
              98.855,
              3.7
            ]
          ]
        ]
      }
    },
    {
      "type": "Feature",
      "properties": {
        "id": "Deli Serdang-763",
        "kabupaten": "Deli Serdang",
        "prov": "SUMATERA UTARA",
        "depth_m": 1.11,
        "wave_order": 0.735,
        "spot_idx": 4
      },
      "geometry": {
        "type": "Polygon",
        "coordinates": [
          [
            [
              98.855,
              3.725
            ],
            [
              98.88,
              3.725
            ],
            [
              98.88,
              3.75
            ],
            [
              98.855,
              3.75
            ],
            [
              98.855,
              3.725
            ]
          ]
        ]
      }
    },
    {
      "type": "Feature",
      "properties": {
        "id": "Deli Serdang-764",
        "kabupaten": "Deli Serdang",
        "prov": "SUMATERA UTARA",
        "depth_m": 1.05,
        "wave_order": 0.8,
        "spot_idx": 4
      },
      "geometry": {
        "type": "Polygon",
        "coordinates": [
          [
            [
              98.855,
              3.75
            ],
            [
              98.88,
              3.75
            ],
            [
              98.88,
              3.775
            ],
            [
              98.855,
              3.775
            ],
            [
              98.855,
              3.75
            ]
          ]
        ]
      }
    },
    {
      "type": "Feature",
      "properties": {
        "id": "Agam (Galodo Marapi)-765",
        "kabupaten": "Agam (Galodo Marapi)",
        "prov": "SUMATERA BARAT",
        "depth_m": 1.84,
        "wave_order": 0.8,
        "spot_idx": 5
      },
      "geometry": {
        "type": "Polygon",
        "coordinates": [
          [
            [
              100.25,
              -0.48
            ],
            [
              100.275,
              -0.48
            ],
            [
              100.275,
              -0.455
            ],
            [
              100.25,
              -0.455
            ],
            [
              100.25,
              -0.48
            ]
          ]
        ]
      }
    },
    {
      "type": "Feature",
      "properties": {
        "id": "Agam (Galodo Marapi)-766",
        "kabupaten": "Agam (Galodo Marapi)",
        "prov": "SUMATERA BARAT",
        "depth_m": 2.13,
        "wave_order": 0.778,
        "spot_idx": 5
      },
      "geometry": {
        "type": "Polygon",
        "coordinates": [
          [
            [
              100.25,
              -0.455
            ],
            [
              100.275,
              -0.455
            ],
            [
              100.275,
              -0.43
            ],
            [
              100.25,
              -0.43
            ],
            [
              100.25,
              -0.455
            ]
          ]
        ]
      }
    },
    {
      "type": "Feature",
      "properties": {
        "id": "Agam (Galodo Marapi)-767",
        "kabupaten": "Agam (Galodo Marapi)",
        "prov": "SUMATERA BARAT",
        "depth_m": 2.16,
        "wave_order": 0.69,
        "spot_idx": 5
      },
      "geometry": {
        "type": "Polygon",
        "coordinates": [
          [
            [
              100.25,
              -0.43
            ],
            [
              100.275,
              -0.43
            ],
            [
              100.275,
              -0.405
            ],
            [
              100.25,
              -0.405
            ],
            [
              100.25,
              -0.43
            ]
          ]
        ]
      }
    },
    {
      "type": "Feature",
      "properties": {
        "id": "Agam (Galodo Marapi)-768",
        "kabupaten": "Agam (Galodo Marapi)",
        "prov": "SUMATERA BARAT",
        "depth_m": 2.29,
        "wave_order": 0.673,
        "spot_idx": 5
      },
      "geometry": {
        "type": "Polygon",
        "coordinates": [
          [
            [
              100.25,
              -0.405
            ],
            [
              100.275,
              -0.405
            ],
            [
              100.275,
              -0.38
            ],
            [
              100.25,
              -0.38
            ],
            [
              100.25,
              -0.405
            ]
          ]
        ]
      }
    },
    {
      "type": "Feature",
      "properties": {
        "id": "Agam (Galodo Marapi)-769",
        "kabupaten": "Agam (Galodo Marapi)",
        "prov": "SUMATERA BARAT",
        "depth_m": 2.31,
        "wave_order": 0.659,
        "spot_idx": 5
      },
      "geometry": {
        "type": "Polygon",
        "coordinates": [
          [
            [
              100.25,
              -0.38
            ],
            [
              100.275,
              -0.38
            ],
            [
              100.275,
              -0.355
            ],
            [
              100.25,
              -0.355
            ],
            [
              100.25,
              -0.38
            ]
          ]
        ]
      }
    },
    {
      "type": "Feature",
      "properties": {
        "id": "Agam (Galodo Marapi)-770",
        "kabupaten": "Agam (Galodo Marapi)",
        "prov": "SUMATERA BARAT",
        "depth_m": 2.25,
        "wave_order": 0.658,
        "spot_idx": 5
      },
      "geometry": {
        "type": "Polygon",
        "coordinates": [
          [
            [
              100.25,
              -0.355
            ],
            [
              100.275,
              -0.355
            ],
            [
              100.275,
              -0.33
            ],
            [
              100.25,
              -0.33
            ],
            [
              100.25,
              -0.355
            ]
          ]
        ]
      }
    },
    {
      "type": "Feature",
      "properties": {
        "id": "Agam (Galodo Marapi)-771",
        "kabupaten": "Agam (Galodo Marapi)",
        "prov": "SUMATERA BARAT",
        "depth_m": 2.25,
        "wave_order": 0.721,
        "spot_idx": 5
      },
      "geometry": {
        "type": "Polygon",
        "coordinates": [
          [
            [
              100.25,
              -0.33
            ],
            [
              100.275,
              -0.33
            ],
            [
              100.275,
              -0.305
            ],
            [
              100.25,
              -0.305
            ],
            [
              100.25,
              -0.33
            ]
          ]
        ]
      }
    },
    {
      "type": "Feature",
      "properties": {
        "id": "Agam (Galodo Marapi)-772",
        "kabupaten": "Agam (Galodo Marapi)",
        "prov": "SUMATERA BARAT",
        "depth_m": 2.01,
        "wave_order": 0.732,
        "spot_idx": 5
      },
      "geometry": {
        "type": "Polygon",
        "coordinates": [
          [
            [
              100.25,
              -0.305
            ],
            [
              100.275,
              -0.305
            ],
            [
              100.275,
              -0.28
            ],
            [
              100.25,
              -0.28
            ],
            [
              100.25,
              -0.305
            ]
          ]
        ]
      }
    },
    {
      "type": "Feature",
      "properties": {
        "id": "Agam (Galodo Marapi)-773",
        "kabupaten": "Agam (Galodo Marapi)",
        "prov": "SUMATERA BARAT",
        "depth_m": 2.2,
        "wave_order": 0.756,
        "spot_idx": 5
      },
      "geometry": {
        "type": "Polygon",
        "coordinates": [
          [
            [
              100.275,
              -0.48
            ],
            [
              100.3,
              -0.48
            ],
            [
              100.3,
              -0.455
            ],
            [
              100.275,
              -0.455
            ],
            [
              100.275,
              -0.48
            ]
          ]
        ]
      }
    },
    {
      "type": "Feature",
      "properties": {
        "id": "Agam (Galodo Marapi)-774",
        "kabupaten": "Agam (Galodo Marapi)",
        "prov": "SUMATERA BARAT",
        "depth_m": 2.27,
        "wave_order": 0.633,
        "spot_idx": 5
      },
      "geometry": {
        "type": "Polygon",
        "coordinates": [
          [
            [
              100.275,
              -0.455
            ],
            [
              100.3,
              -0.455
            ],
            [
              100.3,
              -0.43
            ],
            [
              100.275,
              -0.43
            ],
            [
              100.275,
              -0.455
            ]
          ]
        ]
      }
    },
    {
      "type": "Feature",
      "properties": {
        "id": "Agam (Galodo Marapi)-775",
        "kabupaten": "Agam (Galodo Marapi)",
        "prov": "SUMATERA BARAT",
        "depth_m": 2.49,
        "wave_order": 0.598,
        "spot_idx": 5
      },
      "geometry": {
        "type": "Polygon",
        "coordinates": [
          [
            [
              100.275,
              -0.43
            ],
            [
              100.3,
              -0.43
            ],
            [
              100.3,
              -0.405
            ],
            [
              100.275,
              -0.405
            ],
            [
              100.275,
              -0.43
            ]
          ]
        ]
      }
    },
    {
      "type": "Feature",
      "properties": {
        "id": "Agam (Galodo Marapi)-776",
        "kabupaten": "Agam (Galodo Marapi)",
        "prov": "SUMATERA BARAT",
        "depth_m": 2.55,
        "wave_order": 0.54,
        "spot_idx": 5
      },
      "geometry": {
        "type": "Polygon",
        "coordinates": [
          [
            [
              100.275,
              -0.405
            ],
            [
              100.3,
              -0.405
            ],
            [
              100.3,
              -0.38
            ],
            [
              100.275,
              -0.38
            ],
            [
              100.275,
              -0.405
            ]
          ]
        ]
      }
    },
    {
      "type": "Feature",
      "properties": {
        "id": "Agam (Galodo Marapi)-777",
        "kabupaten": "Agam (Galodo Marapi)",
        "prov": "SUMATERA BARAT",
        "depth_m": 2.59,
        "wave_order": 0.528,
        "spot_idx": 5
      },
      "geometry": {
        "type": "Polygon",
        "coordinates": [
          [
            [
              100.275,
              -0.38
            ],
            [
              100.3,
              -0.38
            ],
            [
              100.3,
              -0.355
            ],
            [
              100.275,
              -0.355
            ],
            [
              100.275,
              -0.38
            ]
          ]
        ]
      }
    },
    {
      "type": "Feature",
      "properties": {
        "id": "Agam (Galodo Marapi)-778",
        "kabupaten": "Agam (Galodo Marapi)",
        "prov": "SUMATERA BARAT",
        "depth_m": 2.58,
        "wave_order": 0.554,
        "spot_idx": 5
      },
      "geometry": {
        "type": "Polygon",
        "coordinates": [
          [
            [
              100.275,
              -0.355
            ],
            [
              100.3,
              -0.355
            ],
            [
              100.3,
              -0.33
            ],
            [
              100.275,
              -0.33
            ],
            [
              100.275,
              -0.355
            ]
          ]
        ]
      }
    },
    {
      "type": "Feature",
      "properties": {
        "id": "Agam (Galodo Marapi)-779",
        "kabupaten": "Agam (Galodo Marapi)",
        "prov": "SUMATERA BARAT",
        "depth_m": 2.42,
        "wave_order": 0.571,
        "spot_idx": 5
      },
      "geometry": {
        "type": "Polygon",
        "coordinates": [
          [
            [
              100.275,
              -0.33
            ],
            [
              100.3,
              -0.33
            ],
            [
              100.3,
              -0.305
            ],
            [
              100.275,
              -0.305
            ],
            [
              100.275,
              -0.33
            ]
          ]
        ]
      }
    },
    {
      "type": "Feature",
      "properties": {
        "id": "Agam (Galodo Marapi)-780",
        "kabupaten": "Agam (Galodo Marapi)",
        "prov": "SUMATERA BARAT",
        "depth_m": 2.37,
        "wave_order": 0.673,
        "spot_idx": 5
      },
      "geometry": {
        "type": "Polygon",
        "coordinates": [
          [
            [
              100.275,
              -0.305
            ],
            [
              100.3,
              -0.305
            ],
            [
              100.3,
              -0.28
            ],
            [
              100.275,
              -0.28
            ],
            [
              100.275,
              -0.305
            ]
          ]
        ]
      }
    },
    {
      "type": "Feature",
      "properties": {
        "id": "Agam (Galodo Marapi)-781",
        "kabupaten": "Agam (Galodo Marapi)",
        "prov": "SUMATERA BARAT",
        "depth_m": 2.27,
        "wave_order": 0.627,
        "spot_idx": 5
      },
      "geometry": {
        "type": "Polygon",
        "coordinates": [
          [
            [
              100.3,
              -0.48
            ],
            [
              100.325,
              -0.48
            ],
            [
              100.325,
              -0.455
            ],
            [
              100.3,
              -0.455
            ],
            [
              100.3,
              -0.48
            ]
          ]
        ]
      }
    },
    {
      "type": "Feature",
      "properties": {
        "id": "Agam (Galodo Marapi)-782",
        "kabupaten": "Agam (Galodo Marapi)",
        "prov": "SUMATERA BARAT",
        "depth_m": 2.58,
        "wave_order": 0.568,
        "spot_idx": 5
      },
      "geometry": {
        "type": "Polygon",
        "coordinates": [
          [
            [
              100.3,
              -0.455
            ],
            [
              100.325,
              -0.455
            ],
            [
              100.325,
              -0.43
            ],
            [
              100.3,
              -0.43
            ],
            [
              100.3,
              -0.455
            ]
          ]
        ]
      }
    },
    {
      "type": "Feature",
      "properties": {
        "id": "Agam (Galodo Marapi)-783",
        "kabupaten": "Agam (Galodo Marapi)",
        "prov": "SUMATERA BARAT",
        "depth_m": 2.69,
        "wave_order": 0.467,
        "spot_idx": 5
      },
      "geometry": {
        "type": "Polygon",
        "coordinates": [
          [
            [
              100.3,
              -0.43
            ],
            [
              100.325,
              -0.43
            ],
            [
              100.325,
              -0.405
            ],
            [
              100.3,
              -0.405
            ],
            [
              100.3,
              -0.43
            ]
          ]
        ]
      }
    },
    {
      "type": "Feature",
      "properties": {
        "id": "Agam (Galodo Marapi)-784",
        "kabupaten": "Agam (Galodo Marapi)",
        "prov": "SUMATERA BARAT",
        "depth_m": 2.85,
        "wave_order": 0.427,
        "spot_idx": 5
      },
      "geometry": {
        "type": "Polygon",
        "coordinates": [
          [
            [
              100.3,
              -0.405
            ],
            [
              100.325,
              -0.405
            ],
            [
              100.325,
              -0.38
            ],
            [
              100.3,
              -0.38
            ],
            [
              100.3,
              -0.405
            ]
          ]
        ]
      }
    },
    {
      "type": "Feature",
      "properties": {
        "id": "Agam (Galodo Marapi)-785",
        "kabupaten": "Agam (Galodo Marapi)",
        "prov": "SUMATERA BARAT",
        "depth_m": 2.88,
        "wave_order": 0.406,
        "spot_idx": 5
      },
      "geometry": {
        "type": "Polygon",
        "coordinates": [
          [
            [
              100.3,
              -0.38
            ],
            [
              100.325,
              -0.38
            ],
            [
              100.325,
              -0.355
            ],
            [
              100.3,
              -0.355
            ],
            [
              100.3,
              -0.38
            ]
          ]
        ]
      }
    },
    {
      "type": "Feature",
      "properties": {
        "id": "Agam (Galodo Marapi)-786",
        "kabupaten": "Agam (Galodo Marapi)",
        "prov": "SUMATERA BARAT",
        "depth_m": 2.82,
        "wave_order": 0.416,
        "spot_idx": 5
      },
      "geometry": {
        "type": "Polygon",
        "coordinates": [
          [
            [
              100.3,
              -0.355
            ],
            [
              100.325,
              -0.355
            ],
            [
              100.325,
              -0.33
            ],
            [
              100.3,
              -0.33
            ],
            [
              100.3,
              -0.355
            ]
          ]
        ]
      }
    },
    {
      "type": "Feature",
      "properties": {
        "id": "Agam (Galodo Marapi)-787",
        "kabupaten": "Agam (Galodo Marapi)",
        "prov": "SUMATERA BARAT",
        "depth_m": 2.75,
        "wave_order": 0.489,
        "spot_idx": 5
      },
      "geometry": {
        "type": "Polygon",
        "coordinates": [
          [
            [
              100.3,
              -0.33
            ],
            [
              100.325,
              -0.33
            ],
            [
              100.325,
              -0.305
            ],
            [
              100.3,
              -0.305
            ],
            [
              100.3,
              -0.33
            ]
          ]
        ]
      }
    },
    {
      "type": "Feature",
      "properties": {
        "id": "Agam (Galodo Marapi)-788",
        "kabupaten": "Agam (Galodo Marapi)",
        "prov": "SUMATERA BARAT",
        "depth_m": 2.49,
        "wave_order": 0.535,
        "spot_idx": 5
      },
      "geometry": {
        "type": "Polygon",
        "coordinates": [
          [
            [
              100.3,
              -0.305
            ],
            [
              100.325,
              -0.305
            ],
            [
              100.325,
              -0.28
            ],
            [
              100.3,
              -0.28
            ],
            [
              100.3,
              -0.305
            ]
          ]
        ]
      }
    },
    {
      "type": "Feature",
      "properties": {
        "id": "Agam (Galodo Marapi)-789",
        "kabupaten": "Agam (Galodo Marapi)",
        "prov": "SUMATERA BARAT",
        "depth_m": 2.53,
        "wave_order": 0.591,
        "spot_idx": 5
      },
      "geometry": {
        "type": "Polygon",
        "coordinates": [
          [
            [
              100.325,
              -0.48
            ],
            [
              100.35,
              -0.48
            ],
            [
              100.35,
              -0.455
            ],
            [
              100.325,
              -0.455
            ],
            [
              100.325,
              -0.48
            ]
          ]
        ]
      }
    },
    {
      "type": "Feature",
      "properties": {
        "id": "Agam (Galodo Marapi)-790",
        "kabupaten": "Agam (Galodo Marapi)",
        "prov": "SUMATERA BARAT",
        "depth_m": 2.7,
        "wave_order": 0.458,
        "spot_idx": 5
      },
      "geometry": {
        "type": "Polygon",
        "coordinates": [
          [
            [
              100.325,
              -0.455
            ],
            [
              100.35,
              -0.455
            ],
            [
              100.35,
              -0.43
            ],
            [
              100.325,
              -0.43
            ],
            [
              100.325,
              -0.455
            ]
          ]
        ]
      }
    },
    {
      "type": "Feature",
      "properties": {
        "id": "Agam (Galodo Marapi)-791",
        "kabupaten": "Agam (Galodo Marapi)",
        "prov": "SUMATERA BARAT",
        "depth_m": 2.96,
        "wave_order": 0.382,
        "spot_idx": 5
      },
      "geometry": {
        "type": "Polygon",
        "coordinates": [
          [
            [
              100.325,
              -0.43
            ],
            [
              100.35,
              -0.43
            ],
            [
              100.35,
              -0.405
            ],
            [
              100.325,
              -0.405
            ],
            [
              100.325,
              -0.43
            ]
          ]
        ]
      }
    },
    {
      "type": "Feature",
      "properties": {
        "id": "Agam (Galodo Marapi)-792",
        "kabupaten": "Agam (Galodo Marapi)",
        "prov": "SUMATERA BARAT",
        "depth_m": 3.1,
        "wave_order": 0.302,
        "spot_idx": 5
      },
      "geometry": {
        "type": "Polygon",
        "coordinates": [
          [
            [
              100.325,
              -0.405
            ],
            [
              100.35,
              -0.405
            ],
            [
              100.35,
              -0.38
            ],
            [
              100.325,
              -0.38
            ],
            [
              100.325,
              -0.405
            ]
          ]
        ]
      }
    },
    {
      "type": "Feature",
      "properties": {
        "id": "Agam (Galodo Marapi)-793",
        "kabupaten": "Agam (Galodo Marapi)",
        "prov": "SUMATERA BARAT",
        "depth_m": 3.16,
        "wave_order": 0.276,
        "spot_idx": 5
      },
      "geometry": {
        "type": "Polygon",
        "coordinates": [
          [
            [
              100.325,
              -0.38
            ],
            [
              100.35,
              -0.38
            ],
            [
              100.35,
              -0.355
            ],
            [
              100.325,
              -0.355
            ],
            [
              100.325,
              -0.38
            ]
          ]
        ]
      }
    },
    {
      "type": "Feature",
      "properties": {
        "id": "Agam (Galodo Marapi)-794",
        "kabupaten": "Agam (Galodo Marapi)",
        "prov": "SUMATERA BARAT",
        "depth_m": 3.12,
        "wave_order": 0.311,
        "spot_idx": 5
      },
      "geometry": {
        "type": "Polygon",
        "coordinates": [
          [
            [
              100.325,
              -0.355
            ],
            [
              100.35,
              -0.355
            ],
            [
              100.35,
              -0.33
            ],
            [
              100.325,
              -0.33
            ],
            [
              100.325,
              -0.355
            ]
          ]
        ]
      }
    },
    {
      "type": "Feature",
      "properties": {
        "id": "Agam (Galodo Marapi)-795",
        "kabupaten": "Agam (Galodo Marapi)",
        "prov": "SUMATERA BARAT",
        "depth_m": 2.92,
        "wave_order": 0.365,
        "spot_idx": 5
      },
      "geometry": {
        "type": "Polygon",
        "coordinates": [
          [
            [
              100.325,
              -0.33
            ],
            [
              100.35,
              -0.33
            ],
            [
              100.35,
              -0.305
            ],
            [
              100.325,
              -0.305
            ],
            [
              100.325,
              -0.33
            ]
          ]
        ]
      }
    },
    {
      "type": "Feature",
      "properties": {
        "id": "Agam (Galodo Marapi)-796",
        "kabupaten": "Agam (Galodo Marapi)",
        "prov": "SUMATERA BARAT",
        "depth_m": 2.77,
        "wave_order": 0.483,
        "spot_idx": 5
      },
      "geometry": {
        "type": "Polygon",
        "coordinates": [
          [
            [
              100.325,
              -0.305
            ],
            [
              100.35,
              -0.305
            ],
            [
              100.35,
              -0.28
            ],
            [
              100.325,
              -0.28
            ],
            [
              100.325,
              -0.305
            ]
          ]
        ]
      }
    },
    {
      "type": "Feature",
      "properties": {
        "id": "Agam (Galodo Marapi)-797",
        "kabupaten": "Agam (Galodo Marapi)",
        "prov": "SUMATERA BARAT",
        "depth_m": 2.57,
        "wave_order": 0.517,
        "spot_idx": 5
      },
      "geometry": {
        "type": "Polygon",
        "coordinates": [
          [
            [
              100.35,
              -0.48
            ],
            [
              100.375,
              -0.48
            ],
            [
              100.375,
              -0.455
            ],
            [
              100.35,
              -0.455
            ],
            [
              100.35,
              -0.48
            ]
          ]
        ]
      }
    },
    {
      "type": "Feature",
      "properties": {
        "id": "Agam (Galodo Marapi)-798",
        "kabupaten": "Agam (Galodo Marapi)",
        "prov": "SUMATERA BARAT",
        "depth_m": 2.89,
        "wave_order": 0.415,
        "spot_idx": 5
      },
      "geometry": {
        "type": "Polygon",
        "coordinates": [
          [
            [
              100.35,
              -0.455
            ],
            [
              100.375,
              -0.455
            ],
            [
              100.375,
              -0.43
            ],
            [
              100.35,
              -0.43
            ],
            [
              100.35,
              -0.455
            ]
          ]
        ]
      }
    },
    {
      "type": "Feature",
      "properties": {
        "id": "Agam (Galodo Marapi)-799",
        "kabupaten": "Agam (Galodo Marapi)",
        "prov": "SUMATERA BARAT",
        "depth_m": 3.12,
        "wave_order": 0.29,
        "spot_idx": 5
      },
      "geometry": {
        "type": "Polygon",
        "coordinates": [
          [
            [
              100.35,
              -0.43
            ],
            [
              100.375,
              -0.43
            ],
            [
              100.375,
              -0.405
            ],
            [
              100.35,
              -0.405
            ],
            [
              100.35,
              -0.43
            ]
          ]
        ]
      }
    },
    {
      "type": "Feature",
      "properties": {
        "id": "Agam (Galodo Marapi)-800",
        "kabupaten": "Agam (Galodo Marapi)",
        "prov": "SUMATERA BARAT",
        "depth_m": 3.36,
        "wave_order": 0.199,
        "spot_idx": 5
      },
      "geometry": {
        "type": "Polygon",
        "coordinates": [
          [
            [
              100.35,
              -0.405
            ],
            [
              100.375,
              -0.405
            ],
            [
              100.375,
              -0.38
            ],
            [
              100.35,
              -0.38
            ],
            [
              100.35,
              -0.405
            ]
          ]
        ]
      }
    },
    {
      "type": "Feature",
      "properties": {
        "id": "Agam (Galodo Marapi)-801",
        "kabupaten": "Agam (Galodo Marapi)",
        "prov": "SUMATERA BARAT",
        "depth_m": 3.46,
        "wave_order": 0.152,
        "spot_idx": 5
      },
      "geometry": {
        "type": "Polygon",
        "coordinates": [
          [
            [
              100.35,
              -0.38
            ],
            [
              100.375,
              -0.38
            ],
            [
              100.375,
              -0.355
            ],
            [
              100.35,
              -0.355
            ],
            [
              100.35,
              -0.38
            ]
          ]
        ]
      }
    },
    {
      "type": "Feature",
      "properties": {
        "id": "Agam (Galodo Marapi)-802",
        "kabupaten": "Agam (Galodo Marapi)",
        "prov": "SUMATERA BARAT",
        "depth_m": 3.34,
        "wave_order": 0.193,
        "spot_idx": 5
      },
      "geometry": {
        "type": "Polygon",
        "coordinates": [
          [
            [
              100.35,
              -0.355
            ],
            [
              100.375,
              -0.355
            ],
            [
              100.375,
              -0.33
            ],
            [
              100.35,
              -0.33
            ],
            [
              100.35,
              -0.355
            ]
          ]
        ]
      }
    },
    {
      "type": "Feature",
      "properties": {
        "id": "Agam (Galodo Marapi)-803",
        "kabupaten": "Agam (Galodo Marapi)",
        "prov": "SUMATERA BARAT",
        "depth_m": 3.15,
        "wave_order": 0.301,
        "spot_idx": 5
      },
      "geometry": {
        "type": "Polygon",
        "coordinates": [
          [
            [
              100.35,
              -0.33
            ],
            [
              100.375,
              -0.33
            ],
            [
              100.375,
              -0.305
            ],
            [
              100.35,
              -0.305
            ],
            [
              100.35,
              -0.33
            ]
          ]
        ]
      }
    },
    {
      "type": "Feature",
      "properties": {
        "id": "Agam (Galodo Marapi)-804",
        "kabupaten": "Agam (Galodo Marapi)",
        "prov": "SUMATERA BARAT",
        "depth_m": 2.85,
        "wave_order": 0.398,
        "spot_idx": 5
      },
      "geometry": {
        "type": "Polygon",
        "coordinates": [
          [
            [
              100.35,
              -0.305
            ],
            [
              100.375,
              -0.305
            ],
            [
              100.375,
              -0.28
            ],
            [
              100.35,
              -0.28
            ],
            [
              100.35,
              -0.305
            ]
          ]
        ]
      }
    },
    {
      "type": "Feature",
      "properties": {
        "id": "Agam (Galodo Marapi)-805",
        "kabupaten": "Agam (Galodo Marapi)",
        "prov": "SUMATERA BARAT",
        "depth_m": 2.66,
        "wave_order": 0.51,
        "spot_idx": 5
      },
      "geometry": {
        "type": "Polygon",
        "coordinates": [
          [
            [
              100.375,
              -0.48
            ],
            [
              100.4,
              -0.48
            ],
            [
              100.4,
              -0.455
            ],
            [
              100.375,
              -0.455
            ],
            [
              100.375,
              -0.48
            ]
          ]
        ]
      }
    },
    {
      "type": "Feature",
      "properties": {
        "id": "Agam (Galodo Marapi)-806",
        "kabupaten": "Agam (Galodo Marapi)",
        "prov": "SUMATERA BARAT",
        "depth_m": 2.93,
        "wave_order": 0.376,
        "spot_idx": 5
      },
      "geometry": {
        "type": "Polygon",
        "coordinates": [
          [
            [
              100.375,
              -0.455
            ],
            [
              100.4,
              -0.455
            ],
            [
              100.4,
              -0.43
            ],
            [
              100.375,
              -0.43
            ],
            [
              100.375,
              -0.455
            ]
          ]
        ]
      }
    },
    {
      "type": "Feature",
      "properties": {
        "id": "Agam (Galodo Marapi)-807",
        "kabupaten": "Agam (Galodo Marapi)",
        "prov": "SUMATERA BARAT",
        "depth_m": 3.23,
        "wave_order": 0.256,
        "spot_idx": 5
      },
      "geometry": {
        "type": "Polygon",
        "coordinates": [
          [
            [
              100.375,
              -0.43
            ],
            [
              100.4,
              -0.43
            ],
            [
              100.4,
              -0.405
            ],
            [
              100.375,
              -0.405
            ],
            [
              100.375,
              -0.43
            ]
          ]
        ]
      }
    },
    {
      "type": "Feature",
      "properties": {
        "id": "Agam (Galodo Marapi)-808",
        "kabupaten": "Agam (Galodo Marapi)",
        "prov": "SUMATERA BARAT",
        "depth_m": 3.5,
        "wave_order": 0.128,
        "spot_idx": 5
      },
      "geometry": {
        "type": "Polygon",
        "coordinates": [
          [
            [
              100.375,
              -0.405
            ],
            [
              100.4,
              -0.405
            ],
            [
              100.4,
              -0.38
            ],
            [
              100.375,
              -0.38
            ],
            [
              100.375,
              -0.405
            ]
          ]
        ]
      }
    },
    {
      "type": "Feature",
      "properties": {
        "id": "Agam (Galodo Marapi)-809",
        "kabupaten": "Agam (Galodo Marapi)",
        "prov": "SUMATERA BARAT",
        "depth_m": 3.74,
        "wave_order": 0.025,
        "spot_idx": 5
      },
      "geometry": {
        "type": "Polygon",
        "coordinates": [
          [
            [
              100.375,
              -0.38
            ],
            [
              100.4,
              -0.38
            ],
            [
              100.4,
              -0.355
            ],
            [
              100.375,
              -0.355
            ],
            [
              100.375,
              -0.38
            ]
          ]
        ]
      }
    },
    {
      "type": "Feature",
      "properties": {
        "id": "Agam (Galodo Marapi)-810",
        "kabupaten": "Agam (Galodo Marapi)",
        "prov": "SUMATERA BARAT",
        "depth_m": 3.51,
        "wave_order": 0.131,
        "spot_idx": 5
      },
      "geometry": {
        "type": "Polygon",
        "coordinates": [
          [
            [
              100.375,
              -0.355
            ],
            [
              100.4,
              -0.355
            ],
            [
              100.4,
              -0.33
            ],
            [
              100.375,
              -0.33
            ],
            [
              100.375,
              -0.355
            ]
          ]
        ]
      }
    },
    {
      "type": "Feature",
      "properties": {
        "id": "Agam (Galodo Marapi)-811",
        "kabupaten": "Agam (Galodo Marapi)",
        "prov": "SUMATERA BARAT",
        "depth_m": 3.21,
        "wave_order": 0.25,
        "spot_idx": 5
      },
      "geometry": {
        "type": "Polygon",
        "coordinates": [
          [
            [
              100.375,
              -0.33
            ],
            [
              100.4,
              -0.33
            ],
            [
              100.4,
              -0.305
            ],
            [
              100.375,
              -0.305
            ],
            [
              100.375,
              -0.33
            ]
          ]
        ]
      }
    },
    {
      "type": "Feature",
      "properties": {
        "id": "Agam (Galodo Marapi)-812",
        "kabupaten": "Agam (Galodo Marapi)",
        "prov": "SUMATERA BARAT",
        "depth_m": 2.95,
        "wave_order": 0.384,
        "spot_idx": 5
      },
      "geometry": {
        "type": "Polygon",
        "coordinates": [
          [
            [
              100.375,
              -0.305
            ],
            [
              100.4,
              -0.305
            ],
            [
              100.4,
              -0.28
            ],
            [
              100.375,
              -0.28
            ],
            [
              100.375,
              -0.305
            ]
          ]
        ]
      }
    },
    {
      "type": "Feature",
      "properties": {
        "id": "Agam (Galodo Marapi)-813",
        "kabupaten": "Agam (Galodo Marapi)",
        "prov": "SUMATERA BARAT",
        "depth_m": 2.63,
        "wave_order": 0.515,
        "spot_idx": 5
      },
      "geometry": {
        "type": "Polygon",
        "coordinates": [
          [
            [
              100.4,
              -0.48
            ],
            [
              100.425,
              -0.48
            ],
            [
              100.425,
              -0.455
            ],
            [
              100.4,
              -0.455
            ],
            [
              100.4,
              -0.48
            ]
          ]
        ]
      }
    },
    {
      "type": "Feature",
      "properties": {
        "id": "Agam (Galodo Marapi)-814",
        "kabupaten": "Agam (Galodo Marapi)",
        "prov": "SUMATERA BARAT",
        "depth_m": 2.91,
        "wave_order": 0.392,
        "spot_idx": 5
      },
      "geometry": {
        "type": "Polygon",
        "coordinates": [
          [
            [
              100.4,
              -0.455
            ],
            [
              100.425,
              -0.455
            ],
            [
              100.425,
              -0.43
            ],
            [
              100.4,
              -0.43
            ],
            [
              100.4,
              -0.455
            ]
          ]
        ]
      }
    },
    {
      "type": "Feature",
      "properties": {
        "id": "Agam (Galodo Marapi)-815",
        "kabupaten": "Agam (Galodo Marapi)",
        "prov": "SUMATERA BARAT",
        "depth_m": 3.18,
        "wave_order": 0.272,
        "spot_idx": 5
      },
      "geometry": {
        "type": "Polygon",
        "coordinates": [
          [
            [
              100.4,
              -0.43
            ],
            [
              100.425,
              -0.43
            ],
            [
              100.425,
              -0.405
            ],
            [
              100.4,
              -0.405
            ],
            [
              100.4,
              -0.43
            ]
          ]
        ]
      }
    },
    {
      "type": "Feature",
      "properties": {
        "id": "Agam (Galodo Marapi)-816",
        "kabupaten": "Agam (Galodo Marapi)",
        "prov": "SUMATERA BARAT",
        "depth_m": 3.43,
        "wave_order": 0.162,
        "spot_idx": 5
      },
      "geometry": {
        "type": "Polygon",
        "coordinates": [
          [
            [
              100.4,
              -0.405
            ],
            [
              100.425,
              -0.405
            ],
            [
              100.425,
              -0.38
            ],
            [
              100.4,
              -0.38
            ],
            [
              100.4,
              -0.405
            ]
          ]
        ]
      }
    },
    {
      "type": "Feature",
      "properties": {
        "id": "Agam (Galodo Marapi)-817",
        "kabupaten": "Agam (Galodo Marapi)",
        "prov": "SUMATERA BARAT",
        "depth_m": 3.57,
        "wave_order": 0.101,
        "spot_idx": 5
      },
      "geometry": {
        "type": "Polygon",
        "coordinates": [
          [
            [
              100.4,
              -0.38
            ],
            [
              100.425,
              -0.38
            ],
            [
              100.425,
              -0.355
            ],
            [
              100.4,
              -0.355
            ],
            [
              100.4,
              -0.38
            ]
          ]
        ]
      }
    },
    {
      "type": "Feature",
      "properties": {
        "id": "Agam (Galodo Marapi)-818",
        "kabupaten": "Agam (Galodo Marapi)",
        "prov": "SUMATERA BARAT",
        "depth_m": 3.43,
        "wave_order": 0.162,
        "spot_idx": 5
      },
      "geometry": {
        "type": "Polygon",
        "coordinates": [
          [
            [
              100.4,
              -0.355
            ],
            [
              100.425,
              -0.355
            ],
            [
              100.425,
              -0.33
            ],
            [
              100.4,
              -0.33
            ],
            [
              100.4,
              -0.355
            ]
          ]
        ]
      }
    },
    {
      "type": "Feature",
      "properties": {
        "id": "Agam (Galodo Marapi)-819",
        "kabupaten": "Agam (Galodo Marapi)",
        "prov": "SUMATERA BARAT",
        "depth_m": 3.18,
        "wave_order": 0.272,
        "spot_idx": 5
      },
      "geometry": {
        "type": "Polygon",
        "coordinates": [
          [
            [
              100.4,
              -0.33
            ],
            [
              100.425,
              -0.33
            ],
            [
              100.425,
              -0.305
            ],
            [
              100.4,
              -0.305
            ],
            [
              100.4,
              -0.33
            ]
          ]
        ]
      }
    },
    {
      "type": "Feature",
      "properties": {
        "id": "Agam (Galodo Marapi)-820",
        "kabupaten": "Agam (Galodo Marapi)",
        "prov": "SUMATERA BARAT",
        "depth_m": 2.91,
        "wave_order": 0.392,
        "spot_idx": 5
      },
      "geometry": {
        "type": "Polygon",
        "coordinates": [
          [
            [
              100.4,
              -0.305
            ],
            [
              100.425,
              -0.305
            ],
            [
              100.425,
              -0.28
            ],
            [
              100.4,
              -0.28
            ],
            [
              100.4,
              -0.305
            ]
          ]
        ]
      }
    },
    {
      "type": "Feature",
      "properties": {
        "id": "Agam (Galodo Marapi)-821",
        "kabupaten": "Agam (Galodo Marapi)",
        "prov": "SUMATERA BARAT",
        "depth_m": 2.52,
        "wave_order": 0.548,
        "spot_idx": 5
      },
      "geometry": {
        "type": "Polygon",
        "coordinates": [
          [
            [
              100.425,
              -0.48
            ],
            [
              100.45,
              -0.48
            ],
            [
              100.45,
              -0.455
            ],
            [
              100.425,
              -0.455
            ],
            [
              100.425,
              -0.48
            ]
          ]
        ]
      }
    },
    {
      "type": "Feature",
      "properties": {
        "id": "Agam (Galodo Marapi)-822",
        "kabupaten": "Agam (Galodo Marapi)",
        "prov": "SUMATERA BARAT",
        "depth_m": 2.8,
        "wave_order": 0.446,
        "spot_idx": 5
      },
      "geometry": {
        "type": "Polygon",
        "coordinates": [
          [
            [
              100.425,
              -0.455
            ],
            [
              100.45,
              -0.455
            ],
            [
              100.45,
              -0.43
            ],
            [
              100.425,
              -0.43
            ],
            [
              100.425,
              -0.455
            ]
          ]
        ]
      }
    },
    {
      "type": "Feature",
      "properties": {
        "id": "Agam (Galodo Marapi)-823",
        "kabupaten": "Agam (Galodo Marapi)",
        "prov": "SUMATERA BARAT",
        "depth_m": 3.02,
        "wave_order": 0.337,
        "spot_idx": 5
      },
      "geometry": {
        "type": "Polygon",
        "coordinates": [
          [
            [
              100.425,
              -0.43
            ],
            [
              100.45,
              -0.43
            ],
            [
              100.45,
              -0.405
            ],
            [
              100.425,
              -0.405
            ],
            [
              100.425,
              -0.43
            ]
          ]
        ]
      }
    },
    {
      "type": "Feature",
      "properties": {
        "id": "Agam (Galodo Marapi)-824",
        "kabupaten": "Agam (Galodo Marapi)",
        "prov": "SUMATERA BARAT",
        "depth_m": 3.21,
        "wave_order": 0.261,
        "spot_idx": 5
      },
      "geometry": {
        "type": "Polygon",
        "coordinates": [
          [
            [
              100.425,
              -0.405
            ],
            [
              100.45,
              -0.405
            ],
            [
              100.45,
              -0.38
            ],
            [
              100.425,
              -0.38
            ],
            [
              100.425,
              -0.405
            ]
          ]
        ]
      }
    },
    {
      "type": "Feature",
      "properties": {
        "id": "Agam (Galodo Marapi)-825",
        "kabupaten": "Agam (Galodo Marapi)",
        "prov": "SUMATERA BARAT",
        "depth_m": 3.28,
        "wave_order": 0.228,
        "spot_idx": 5
      },
      "geometry": {
        "type": "Polygon",
        "coordinates": [
          [
            [
              100.425,
              -0.38
            ],
            [
              100.45,
              -0.38
            ],
            [
              100.45,
              -0.355
            ],
            [
              100.425,
              -0.355
            ],
            [
              100.425,
              -0.38
            ]
          ]
        ]
      }
    },
    {
      "type": "Feature",
      "properties": {
        "id": "Agam (Galodo Marapi)-826",
        "kabupaten": "Agam (Galodo Marapi)",
        "prov": "SUMATERA BARAT",
        "depth_m": 3.2,
        "wave_order": 0.258,
        "spot_idx": 5
      },
      "geometry": {
        "type": "Polygon",
        "coordinates": [
          [
            [
              100.425,
              -0.355
            ],
            [
              100.45,
              -0.355
            ],
            [
              100.45,
              -0.33
            ],
            [
              100.425,
              -0.33
            ],
            [
              100.425,
              -0.355
            ]
          ]
        ]
      }
    },
    {
      "type": "Feature",
      "properties": {
        "id": "Agam (Galodo Marapi)-827",
        "kabupaten": "Agam (Galodo Marapi)",
        "prov": "SUMATERA BARAT",
        "depth_m": 3.04,
        "wave_order": 0.343,
        "spot_idx": 5
      },
      "geometry": {
        "type": "Polygon",
        "coordinates": [
          [
            [
              100.425,
              -0.33
            ],
            [
              100.45,
              -0.33
            ],
            [
              100.45,
              -0.305
            ],
            [
              100.425,
              -0.305
            ],
            [
              100.425,
              -0.33
            ]
          ]
        ]
      }
    },
    {
      "type": "Feature",
      "properties": {
        "id": "Agam (Galodo Marapi)-828",
        "kabupaten": "Agam (Galodo Marapi)",
        "prov": "SUMATERA BARAT",
        "depth_m": 2.78,
        "wave_order": 0.436,
        "spot_idx": 5
      },
      "geometry": {
        "type": "Polygon",
        "coordinates": [
          [
            [
              100.425,
              -0.305
            ],
            [
              100.45,
              -0.305
            ],
            [
              100.45,
              -0.28
            ],
            [
              100.425,
              -0.28
            ],
            [
              100.425,
              -0.305
            ]
          ]
        ]
      }
    },
    {
      "type": "Feature",
      "properties": {
        "id": "Agam (Galodo Marapi)-829",
        "kabupaten": "Agam (Galodo Marapi)",
        "prov": "SUMATERA BARAT",
        "depth_m": 2.42,
        "wave_order": 0.627,
        "spot_idx": 5
      },
      "geometry": {
        "type": "Polygon",
        "coordinates": [
          [
            [
              100.45,
              -0.48
            ],
            [
              100.475,
              -0.48
            ],
            [
              100.475,
              -0.455
            ],
            [
              100.45,
              -0.455
            ],
            [
              100.45,
              -0.48
            ]
          ]
        ]
      }
    },
    {
      "type": "Feature",
      "properties": {
        "id": "Agam (Galodo Marapi)-830",
        "kabupaten": "Agam (Galodo Marapi)",
        "prov": "SUMATERA BARAT",
        "depth_m": 2.6,
        "wave_order": 0.51,
        "spot_idx": 5
      },
      "geometry": {
        "type": "Polygon",
        "coordinates": [
          [
            [
              100.45,
              -0.455
            ],
            [
              100.475,
              -0.455
            ],
            [
              100.475,
              -0.43
            ],
            [
              100.45,
              -0.43
            ],
            [
              100.45,
              -0.455
            ]
          ]
        ]
      }
    },
    {
      "type": "Feature",
      "properties": {
        "id": "Agam (Galodo Marapi)-831",
        "kabupaten": "Agam (Galodo Marapi)",
        "prov": "SUMATERA BARAT",
        "depth_m": 2.82,
        "wave_order": 0.439,
        "spot_idx": 5
      },
      "geometry": {
        "type": "Polygon",
        "coordinates": [
          [
            [
              100.45,
              -0.43
            ],
            [
              100.475,
              -0.43
            ],
            [
              100.475,
              -0.405
            ],
            [
              100.45,
              -0.405
            ],
            [
              100.45,
              -0.43
            ]
          ]
        ]
      }
    },
    {
      "type": "Feature",
      "properties": {
        "id": "Agam (Galodo Marapi)-832",
        "kabupaten": "Agam (Galodo Marapi)",
        "prov": "SUMATERA BARAT",
        "depth_m": 2.94,
        "wave_order": 0.373,
        "spot_idx": 5
      },
      "geometry": {
        "type": "Polygon",
        "coordinates": [
          [
            [
              100.45,
              -0.405
            ],
            [
              100.475,
              -0.405
            ],
            [
              100.475,
              -0.38
            ],
            [
              100.45,
              -0.38
            ],
            [
              100.45,
              -0.405
            ]
          ]
        ]
      }
    },
    {
      "type": "Feature",
      "properties": {
        "id": "Agam (Galodo Marapi)-833",
        "kabupaten": "Agam (Galodo Marapi)",
        "prov": "SUMATERA BARAT",
        "depth_m": 2.99,
        "wave_order": 0.352,
        "spot_idx": 5
      },
      "geometry": {
        "type": "Polygon",
        "coordinates": [
          [
            [
              100.45,
              -0.38
            ],
            [
              100.475,
              -0.38
            ],
            [
              100.475,
              -0.355
            ],
            [
              100.45,
              -0.355
            ],
            [
              100.45,
              -0.38
            ]
          ]
        ]
      }
    },
    {
      "type": "Feature",
      "properties": {
        "id": "Agam (Galodo Marapi)-834",
        "kabupaten": "Agam (Galodo Marapi)",
        "prov": "SUMATERA BARAT",
        "depth_m": 2.96,
        "wave_order": 0.379,
        "spot_idx": 5
      },
      "geometry": {
        "type": "Polygon",
        "coordinates": [
          [
            [
              100.45,
              -0.355
            ],
            [
              100.475,
              -0.355
            ],
            [
              100.475,
              -0.33
            ],
            [
              100.45,
              -0.33
            ],
            [
              100.45,
              -0.355
            ]
          ]
        ]
      }
    },
    {
      "type": "Feature",
      "properties": {
        "id": "Agam (Galodo Marapi)-835",
        "kabupaten": "Agam (Galodo Marapi)",
        "prov": "SUMATERA BARAT",
        "depth_m": 2.79,
        "wave_order": 0.427,
        "spot_idx": 5
      },
      "geometry": {
        "type": "Polygon",
        "coordinates": [
          [
            [
              100.45,
              -0.33
            ],
            [
              100.475,
              -0.33
            ],
            [
              100.475,
              -0.305
            ],
            [
              100.45,
              -0.305
            ],
            [
              100.45,
              -0.33
            ]
          ]
        ]
      }
    },
    {
      "type": "Feature",
      "properties": {
        "id": "Agam (Galodo Marapi)-836",
        "kabupaten": "Agam (Galodo Marapi)",
        "prov": "SUMATERA BARAT",
        "depth_m": 2.65,
        "wave_order": 0.528,
        "spot_idx": 5
      },
      "geometry": {
        "type": "Polygon",
        "coordinates": [
          [
            [
              100.45,
              -0.305
            ],
            [
              100.475,
              -0.305
            ],
            [
              100.475,
              -0.28
            ],
            [
              100.45,
              -0.28
            ],
            [
              100.45,
              -0.305
            ]
          ]
        ]
      }
    },
    {
      "type": "Feature",
      "properties": {
        "id": "Agam (Galodo Marapi)-837",
        "kabupaten": "Agam (Galodo Marapi)",
        "prov": "SUMATERA BARAT",
        "depth_m": 2.17,
        "wave_order": 0.681,
        "spot_idx": 5
      },
      "geometry": {
        "type": "Polygon",
        "coordinates": [
          [
            [
              100.475,
              -0.48
            ],
            [
              100.5,
              -0.48
            ],
            [
              100.5,
              -0.455
            ],
            [
              100.475,
              -0.455
            ],
            [
              100.475,
              -0.48
            ]
          ]
        ]
      }
    },
    {
      "type": "Feature",
      "properties": {
        "id": "Agam (Galodo Marapi)-838",
        "kabupaten": "Agam (Galodo Marapi)",
        "prov": "SUMATERA BARAT",
        "depth_m": 2.44,
        "wave_order": 0.623,
        "spot_idx": 5
      },
      "geometry": {
        "type": "Polygon",
        "coordinates": [
          [
            [
              100.475,
              -0.455
            ],
            [
              100.5,
              -0.455
            ],
            [
              100.5,
              -0.43
            ],
            [
              100.475,
              -0.43
            ],
            [
              100.475,
              -0.455
            ]
          ]
        ]
      }
    },
    {
      "type": "Feature",
      "properties": {
        "id": "Agam (Galodo Marapi)-839",
        "kabupaten": "Agam (Galodo Marapi)",
        "prov": "SUMATERA BARAT",
        "depth_m": 2.54,
        "wave_order": 0.535,
        "spot_idx": 5
      },
      "geometry": {
        "type": "Polygon",
        "coordinates": [
          [
            [
              100.475,
              -0.43
            ],
            [
              100.5,
              -0.43
            ],
            [
              100.5,
              -0.405
            ],
            [
              100.475,
              -0.405
            ],
            [
              100.475,
              -0.43
            ]
          ]
        ]
      }
    },
    {
      "type": "Feature",
      "properties": {
        "id": "Agam (Galodo Marapi)-840",
        "kabupaten": "Agam (Galodo Marapi)",
        "prov": "SUMATERA BARAT",
        "depth_m": 2.68,
        "wave_order": 0.499,
        "spot_idx": 5
      },
      "geometry": {
        "type": "Polygon",
        "coordinates": [
          [
            [
              100.475,
              -0.405
            ],
            [
              100.5,
              -0.405
            ],
            [
              100.5,
              -0.38
            ],
            [
              100.475,
              -0.38
            ],
            [
              100.475,
              -0.405
            ]
          ]
        ]
      }
    },
    {
      "type": "Feature",
      "properties": {
        "id": "Agam (Galodo Marapi)-841",
        "kabupaten": "Agam (Galodo Marapi)",
        "prov": "SUMATERA BARAT",
        "depth_m": 2.71,
        "wave_order": 0.481,
        "spot_idx": 5
      },
      "geometry": {
        "type": "Polygon",
        "coordinates": [
          [
            [
              100.475,
              -0.38
            ],
            [
              100.5,
              -0.38
            ],
            [
              100.5,
              -0.355
            ],
            [
              100.475,
              -0.355
            ],
            [
              100.475,
              -0.38
            ]
          ]
        ]
      }
    },
    {
      "type": "Feature",
      "properties": {
        "id": "Agam (Galodo Marapi)-842",
        "kabupaten": "Agam (Galodo Marapi)",
        "prov": "SUMATERA BARAT",
        "depth_m": 2.65,
        "wave_order": 0.49,
        "spot_idx": 5
      },
      "geometry": {
        "type": "Polygon",
        "coordinates": [
          [
            [
              100.475,
              -0.355
            ],
            [
              100.5,
              -0.355
            ],
            [
              100.5,
              -0.33
            ],
            [
              100.475,
              -0.33
            ],
            [
              100.475,
              -0.355
            ]
          ]
        ]
      }
    },
    {
      "type": "Feature",
      "properties": {
        "id": "Agam (Galodo Marapi)-843",
        "kabupaten": "Agam (Galodo Marapi)",
        "prov": "SUMATERA BARAT",
        "depth_m": 2.59,
        "wave_order": 0.552,
        "spot_idx": 5
      },
      "geometry": {
        "type": "Polygon",
        "coordinates": [
          [
            [
              100.475,
              -0.33
            ],
            [
              100.5,
              -0.33
            ],
            [
              100.5,
              -0.305
            ],
            [
              100.475,
              -0.305
            ],
            [
              100.475,
              -0.33
            ]
          ]
        ]
      }
    },
    {
      "type": "Feature",
      "properties": {
        "id": "Agam (Galodo Marapi)-844",
        "kabupaten": "Agam (Galodo Marapi)",
        "prov": "SUMATERA BARAT",
        "depth_m": 2.37,
        "wave_order": 0.597,
        "spot_idx": 5
      },
      "geometry": {
        "type": "Polygon",
        "coordinates": [
          [
            [
              100.475,
              -0.305
            ],
            [
              100.5,
              -0.305
            ],
            [
              100.5,
              -0.28
            ],
            [
              100.475,
              -0.28
            ],
            [
              100.475,
              -0.305
            ]
          ]
        ]
      }
    },
    {
      "type": "Feature",
      "properties": {
        "id": "Padang Pariaman-845",
        "kabupaten": "Padang Pariaman",
        "prov": "SUMATERA BARAT",
        "depth_m": 1.55,
        "wave_order": 0.723,
        "spot_idx": 6
      },
      "geometry": {
        "type": "Polygon",
        "coordinates": [
          [
            [
              100.08,
              -0.7
            ],
            [
              100.105,
              -0.7
            ],
            [
              100.105,
              -0.675
            ],
            [
              100.08,
              -0.675
            ],
            [
              100.08,
              -0.7
            ]
          ]
        ]
      }
    },
    {
      "type": "Feature",
      "properties": {
        "id": "Padang Pariaman-846",
        "kabupaten": "Padang Pariaman",
        "prov": "SUMATERA BARAT",
        "depth_m": 1.85,
        "wave_order": 0.731,
        "spot_idx": 6
      },
      "geometry": {
        "type": "Polygon",
        "coordinates": [
          [
            [
              100.08,
              -0.675
            ],
            [
              100.105,
              -0.675
            ],
            [
              100.105,
              -0.65
            ],
            [
              100.08,
              -0.65
            ],
            [
              100.08,
              -0.675
            ]
          ]
        ]
      }
    },
    {
      "type": "Feature",
      "properties": {
        "id": "Padang Pariaman-847",
        "kabupaten": "Padang Pariaman",
        "prov": "SUMATERA BARAT",
        "depth_m": 1.73,
        "wave_order": 0.6,
        "spot_idx": 6
      },
      "geometry": {
        "type": "Polygon",
        "coordinates": [
          [
            [
              100.08,
              -0.65
            ],
            [
              100.105,
              -0.65
            ],
            [
              100.105,
              -0.625
            ],
            [
              100.08,
              -0.625
            ],
            [
              100.08,
              -0.65
            ]
          ]
        ]
      }
    },
    {
      "type": "Feature",
      "properties": {
        "id": "Padang Pariaman-848",
        "kabupaten": "Padang Pariaman",
        "prov": "SUMATERA BARAT",
        "depth_m": 2.04,
        "wave_order": 0.648,
        "spot_idx": 6
      },
      "geometry": {
        "type": "Polygon",
        "coordinates": [
          [
            [
              100.08,
              -0.625
            ],
            [
              100.105,
              -0.625
            ],
            [
              100.105,
              -0.6
            ],
            [
              100.08,
              -0.6
            ],
            [
              100.08,
              -0.625
            ]
          ]
        ]
      }
    },
    {
      "type": "Feature",
      "properties": {
        "id": "Padang Pariaman-849",
        "kabupaten": "Padang Pariaman",
        "prov": "SUMATERA BARAT",
        "depth_m": 1.83,
        "wave_order": 0.532,
        "spot_idx": 6
      },
      "geometry": {
        "type": "Polygon",
        "coordinates": [
          [
            [
              100.08,
              -0.6
            ],
            [
              100.105,
              -0.6
            ],
            [
              100.105,
              -0.575
            ],
            [
              100.08,
              -0.575
            ],
            [
              100.08,
              -0.6
            ]
          ]
        ]
      }
    },
    {
      "type": "Feature",
      "properties": {
        "id": "Padang Pariaman-850",
        "kabupaten": "Padang Pariaman",
        "prov": "SUMATERA BARAT",
        "depth_m": 2.1,
        "wave_order": 0.623,
        "spot_idx": 6
      },
      "geometry": {
        "type": "Polygon",
        "coordinates": [
          [
            [
              100.08,
              -0.575
            ],
            [
              100.105,
              -0.575
            ],
            [
              100.105,
              -0.55
            ],
            [
              100.08,
              -0.55
            ],
            [
              100.08,
              -0.575
            ]
          ]
        ]
      }
    },
    {
      "type": "Feature",
      "properties": {
        "id": "Padang Pariaman-851",
        "kabupaten": "Padang Pariaman",
        "prov": "SUMATERA BARAT",
        "depth_m": 1.81,
        "wave_order": 0.538,
        "spot_idx": 6
      },
      "geometry": {
        "type": "Polygon",
        "coordinates": [
          [
            [
              100.08,
              -0.55
            ],
            [
              100.105,
              -0.55
            ],
            [
              100.105,
              -0.525
            ],
            [
              100.08,
              -0.525
            ],
            [
              100.08,
              -0.55
            ]
          ]
        ]
      }
    },
    {
      "type": "Feature",
      "properties": {
        "id": "Padang Pariaman-852",
        "kabupaten": "Padang Pariaman",
        "prov": "SUMATERA BARAT",
        "depth_m": 2.02,
        "wave_order": 0.665,
        "spot_idx": 6
      },
      "geometry": {
        "type": "Polygon",
        "coordinates": [
          [
            [
              100.08,
              -0.525
            ],
            [
              100.105,
              -0.525
            ],
            [
              100.105,
              -0.5
            ],
            [
              100.08,
              -0.5
            ],
            [
              100.08,
              -0.525
            ]
          ]
        ]
      }
    },
    {
      "type": "Feature",
      "properties": {
        "id": "Padang Pariaman-853",
        "kabupaten": "Padang Pariaman",
        "prov": "SUMATERA BARAT",
        "depth_m": 1.69,
        "wave_order": 0.614,
        "spot_idx": 6
      },
      "geometry": {
        "type": "Polygon",
        "coordinates": [
          [
            [
              100.08,
              -0.5
            ],
            [
              100.105,
              -0.5
            ],
            [
              100.105,
              -0.475
            ],
            [
              100.08,
              -0.475
            ],
            [
              100.08,
              -0.5
            ]
          ]
        ]
      }
    },
    {
      "type": "Feature",
      "properties": {
        "id": "Padang Pariaman-854",
        "kabupaten": "Padang Pariaman",
        "prov": "SUMATERA BARAT",
        "depth_m": 1.83,
        "wave_order": 0.761,
        "spot_idx": 6
      },
      "geometry": {
        "type": "Polygon",
        "coordinates": [
          [
            [
              100.08,
              -0.475
            ],
            [
              100.105,
              -0.475
            ],
            [
              100.105,
              -0.45
            ],
            [
              100.08,
              -0.45
            ],
            [
              100.08,
              -0.475
            ]
          ]
        ]
      }
    },
    {
      "type": "Feature",
      "properties": {
        "id": "Padang Pariaman-855",
        "kabupaten": "Padang Pariaman",
        "prov": "SUMATERA BARAT",
        "depth_m": 1.88,
        "wave_order": 0.72,
        "spot_idx": 6
      },
      "geometry": {
        "type": "Polygon",
        "coordinates": [
          [
            [
              100.105,
              -0.7
            ],
            [
              100.13,
              -0.7
            ],
            [
              100.13,
              -0.675
            ],
            [
              100.105,
              -0.675
            ],
            [
              100.105,
              -0.7
            ]
          ]
        ]
      }
    },
    {
      "type": "Feature",
      "properties": {
        "id": "Padang Pariaman-856",
        "kabupaten": "Padang Pariaman",
        "prov": "SUMATERA BARAT",
        "depth_m": 1.78,
        "wave_order": 0.568,
        "spot_idx": 6
      },
      "geometry": {
        "type": "Polygon",
        "coordinates": [
          [
            [
              100.105,
              -0.675
            ],
            [
              100.13,
              -0.675
            ],
            [
              100.13,
              -0.65
            ],
            [
              100.105,
              -0.65
            ],
            [
              100.105,
              -0.675
            ]
          ]
        ]
      }
    },
    {
      "type": "Feature",
      "properties": {
        "id": "Padang Pariaman-857",
        "kabupaten": "Padang Pariaman",
        "prov": "SUMATERA BARAT",
        "depth_m": 2.14,
        "wave_order": 0.6,
        "spot_idx": 6
      },
      "geometry": {
        "type": "Polygon",
        "coordinates": [
          [
            [
              100.105,
              -0.65
            ],
            [
              100.13,
              -0.65
            ],
            [
              100.13,
              -0.625
            ],
            [
              100.105,
              -0.625
            ],
            [
              100.105,
              -0.65
            ]
          ]
        ]
      }
    },
    {
      "type": "Feature",
      "properties": {
        "id": "Padang Pariaman-858",
        "kabupaten": "Padang Pariaman",
        "prov": "SUMATERA BARAT",
        "depth_m": 1.95,
        "wave_order": 0.454,
        "spot_idx": 6
      },
      "geometry": {
        "type": "Polygon",
        "coordinates": [
          [
            [
              100.105,
              -0.625
            ],
            [
              100.13,
              -0.625
            ],
            [
              100.13,
              -0.6
            ],
            [
              100.105,
              -0.6
            ],
            [
              100.105,
              -0.625
            ]
          ]
        ]
      }
    },
    {
      "type": "Feature",
      "properties": {
        "id": "Padang Pariaman-859",
        "kabupaten": "Padang Pariaman",
        "prov": "SUMATERA BARAT",
        "depth_m": 2.28,
        "wave_order": 0.533,
        "spot_idx": 6
      },
      "geometry": {
        "type": "Polygon",
        "coordinates": [
          [
            [
              100.105,
              -0.6
            ],
            [
              100.13,
              -0.6
            ],
            [
              100.13,
              -0.575
            ],
            [
              100.105,
              -0.575
            ],
            [
              100.105,
              -0.6
            ]
          ]
        ]
      }
    },
    {
      "type": "Feature",
      "properties": {
        "id": "Padang Pariaman-860",
        "kabupaten": "Padang Pariaman",
        "prov": "SUMATERA BARAT",
        "depth_m": 2,
        "wave_order": 0.416,
        "spot_idx": 6
      },
      "geometry": {
        "type": "Polygon",
        "coordinates": [
          [
            [
              100.105,
              -0.575
            ],
            [
              100.13,
              -0.575
            ],
            [
              100.13,
              -0.55
            ],
            [
              100.105,
              -0.55
            ],
            [
              100.105,
              -0.575
            ]
          ]
        ]
      }
    },
    {
      "type": "Feature",
      "properties": {
        "id": "Padang Pariaman-861",
        "kabupaten": "Padang Pariaman",
        "prov": "SUMATERA BARAT",
        "depth_m": 2.27,
        "wave_order": 0.543,
        "spot_idx": 6
      },
      "geometry": {
        "type": "Polygon",
        "coordinates": [
          [
            [
              100.105,
              -0.55
            ],
            [
              100.13,
              -0.55
            ],
            [
              100.13,
              -0.525
            ],
            [
              100.105,
              -0.525
            ],
            [
              100.105,
              -0.55
            ]
          ]
        ]
      }
    },
    {
      "type": "Feature",
      "properties": {
        "id": "Padang Pariaman-862",
        "kabupaten": "Padang Pariaman",
        "prov": "SUMATERA BARAT",
        "depth_m": 1.91,
        "wave_order": 0.467,
        "spot_idx": 6
      },
      "geometry": {
        "type": "Polygon",
        "coordinates": [
          [
            [
              100.105,
              -0.525
            ],
            [
              100.13,
              -0.525
            ],
            [
              100.13,
              -0.5
            ],
            [
              100.105,
              -0.5
            ],
            [
              100.105,
              -0.525
            ]
          ]
        ]
      }
    },
    {
      "type": "Feature",
      "properties": {
        "id": "Padang Pariaman-863",
        "kabupaten": "Padang Pariaman",
        "prov": "SUMATERA BARAT",
        "depth_m": 2.11,
        "wave_order": 0.628,
        "spot_idx": 6
      },
      "geometry": {
        "type": "Polygon",
        "coordinates": [
          [
            [
              100.105,
              -0.5
            ],
            [
              100.13,
              -0.5
            ],
            [
              100.13,
              -0.475
            ],
            [
              100.105,
              -0.475
            ],
            [
              100.105,
              -0.5
            ]
          ]
        ]
      }
    },
    {
      "type": "Feature",
      "properties": {
        "id": "Padang Pariaman-864",
        "kabupaten": "Padang Pariaman",
        "prov": "SUMATERA BARAT",
        "depth_m": 1.72,
        "wave_order": 0.588,
        "spot_idx": 6
      },
      "geometry": {
        "type": "Polygon",
        "coordinates": [
          [
            [
              100.105,
              -0.475
            ],
            [
              100.13,
              -0.475
            ],
            [
              100.13,
              -0.45
            ],
            [
              100.105,
              -0.45
            ],
            [
              100.105,
              -0.475
            ]
          ]
        ]
      }
    },
    {
      "type": "Feature",
      "properties": {
        "id": "Padang Pariaman-865",
        "kabupaten": "Padang Pariaman",
        "prov": "SUMATERA BARAT",
        "depth_m": 1.78,
        "wave_order": 0.572,
        "spot_idx": 6
      },
      "geometry": {
        "type": "Polygon",
        "coordinates": [
          [
            [
              100.13,
              -0.7
            ],
            [
              100.155,
              -0.7
            ],
            [
              100.155,
              -0.675
            ],
            [
              100.13,
              -0.675
            ],
            [
              100.13,
              -0.7
            ]
          ]
        ]
      }
    },
    {
      "type": "Feature",
      "properties": {
        "id": "Padang Pariaman-866",
        "kabupaten": "Padang Pariaman",
        "prov": "SUMATERA BARAT",
        "depth_m": 2.16,
        "wave_order": 0.585,
        "spot_idx": 6
      },
      "geometry": {
        "type": "Polygon",
        "coordinates": [
          [
            [
              100.13,
              -0.675
            ],
            [
              100.155,
              -0.675
            ],
            [
              100.155,
              -0.65
            ],
            [
              100.13,
              -0.65
            ],
            [
              100.13,
              -0.675
            ]
          ]
        ]
      }
    },
    {
      "type": "Feature",
      "properties": {
        "id": "Padang Pariaman-867",
        "kabupaten": "Padang Pariaman",
        "prov": "SUMATERA BARAT",
        "depth_m": 2.02,
        "wave_order": 0.413,
        "spot_idx": 6
      },
      "geometry": {
        "type": "Polygon",
        "coordinates": [
          [
            [
              100.13,
              -0.65
            ],
            [
              100.155,
              -0.65
            ],
            [
              100.155,
              -0.625
            ],
            [
              100.13,
              -0.625
            ],
            [
              100.13,
              -0.65
            ]
          ]
        ]
      }
    },
    {
      "type": "Feature",
      "properties": {
        "id": "Padang Pariaman-868",
        "kabupaten": "Padang Pariaman",
        "prov": "SUMATERA BARAT",
        "depth_m": 2.41,
        "wave_order": 0.47,
        "spot_idx": 6
      },
      "geometry": {
        "type": "Polygon",
        "coordinates": [
          [
            [
              100.13,
              -0.625
            ],
            [
              100.155,
              -0.625
            ],
            [
              100.155,
              -0.6
            ],
            [
              100.13,
              -0.6
            ],
            [
              100.13,
              -0.625
            ]
          ]
        ]
      }
    },
    {
      "type": "Feature",
      "properties": {
        "id": "Padang Pariaman-869",
        "kabupaten": "Padang Pariaman",
        "prov": "SUMATERA BARAT",
        "depth_m": 2.16,
        "wave_order": 0.317,
        "spot_idx": 6
      },
      "geometry": {
        "type": "Polygon",
        "coordinates": [
          [
            [
              100.13,
              -0.6
            ],
            [
              100.155,
              -0.6
            ],
            [
              100.155,
              -0.575
            ],
            [
              100.13,
              -0.575
            ],
            [
              100.13,
              -0.6
            ]
          ]
        ]
      }
    },
    {
      "type": "Feature",
      "properties": {
        "id": "Padang Pariaman-870",
        "kabupaten": "Padang Pariaman",
        "prov": "SUMATERA BARAT",
        "depth_m": 2.5,
        "wave_order": 0.432,
        "spot_idx": 6
      },
      "geometry": {
        "type": "Polygon",
        "coordinates": [
          [
            [
              100.13,
              -0.575
            ],
            [
              100.155,
              -0.575
            ],
            [
              100.155,
              -0.55
            ],
            [
              100.13,
              -0.55
            ],
            [
              100.13,
              -0.575
            ]
          ]
        ]
      }
    },
    {
      "type": "Feature",
      "properties": {
        "id": "Padang Pariaman-871",
        "kabupaten": "Padang Pariaman",
        "prov": "SUMATERA BARAT",
        "depth_m": 2.13,
        "wave_order": 0.326,
        "spot_idx": 6
      },
      "geometry": {
        "type": "Polygon",
        "coordinates": [
          [
            [
              100.13,
              -0.55
            ],
            [
              100.155,
              -0.55
            ],
            [
              100.155,
              -0.525
            ],
            [
              100.13,
              -0.525
            ],
            [
              100.13,
              -0.55
            ]
          ]
        ]
      }
    },
    {
      "type": "Feature",
      "properties": {
        "id": "Padang Pariaman-872",
        "kabupaten": "Padang Pariaman",
        "prov": "SUMATERA BARAT",
        "depth_m": 2.39,
        "wave_order": 0.494,
        "spot_idx": 6
      },
      "geometry": {
        "type": "Polygon",
        "coordinates": [
          [
            [
              100.13,
              -0.525
            ],
            [
              100.155,
              -0.525
            ],
            [
              100.155,
              -0.5
            ],
            [
              100.13,
              -0.5
            ],
            [
              100.13,
              -0.525
            ]
          ]
        ]
      }
    },
    {
      "type": "Feature",
      "properties": {
        "id": "Padang Pariaman-873",
        "kabupaten": "Padang Pariaman",
        "prov": "SUMATERA BARAT",
        "depth_m": 1.95,
        "wave_order": 0.434,
        "spot_idx": 6
      },
      "geometry": {
        "type": "Polygon",
        "coordinates": [
          [
            [
              100.13,
              -0.5
            ],
            [
              100.155,
              -0.5
            ],
            [
              100.155,
              -0.475
            ],
            [
              100.13,
              -0.475
            ],
            [
              100.13,
              -0.5
            ]
          ]
        ]
      }
    },
    {
      "type": "Feature",
      "properties": {
        "id": "Padang Pariaman-874",
        "kabupaten": "Padang Pariaman",
        "prov": "SUMATERA BARAT",
        "depth_m": 2.13,
        "wave_order": 0.623,
        "spot_idx": 6
      },
      "geometry": {
        "type": "Polygon",
        "coordinates": [
          [
            [
              100.13,
              -0.475
            ],
            [
              100.155,
              -0.475
            ],
            [
              100.155,
              -0.45
            ],
            [
              100.13,
              -0.45
            ],
            [
              100.13,
              -0.475
            ]
          ]
        ]
      }
    },
    {
      "type": "Feature",
      "properties": {
        "id": "Padang Pariaman-875",
        "kabupaten": "Padang Pariaman",
        "prov": "SUMATERA BARAT",
        "depth_m": 2.12,
        "wave_order": 0.606,
        "spot_idx": 6
      },
      "geometry": {
        "type": "Polygon",
        "coordinates": [
          [
            [
              100.155,
              -0.7
            ],
            [
              100.18,
              -0.7
            ],
            [
              100.18,
              -0.675
            ],
            [
              100.155,
              -0.675
            ],
            [
              100.155,
              -0.7
            ]
          ]
        ]
      }
    },
    {
      "type": "Feature",
      "properties": {
        "id": "Padang Pariaman-876",
        "kabupaten": "Padang Pariaman",
        "prov": "SUMATERA BARAT",
        "depth_m": 2.01,
        "wave_order": 0.419,
        "spot_idx": 6
      },
      "geometry": {
        "type": "Polygon",
        "coordinates": [
          [
            [
              100.155,
              -0.675
            ],
            [
              100.18,
              -0.675
            ],
            [
              100.18,
              -0.65
            ],
            [
              100.155,
              -0.65
            ],
            [
              100.155,
              -0.675
            ]
          ]
        ]
      }
    },
    {
      "type": "Feature",
      "properties": {
        "id": "Padang Pariaman-877",
        "kabupaten": "Padang Pariaman",
        "prov": "SUMATERA BARAT",
        "depth_m": 2.45,
        "wave_order": 0.45,
        "spot_idx": 6
      },
      "geometry": {
        "type": "Polygon",
        "coordinates": [
          [
            [
              100.155,
              -0.65
            ],
            [
              100.18,
              -0.65
            ],
            [
              100.18,
              -0.625
            ],
            [
              100.155,
              -0.625
            ],
            [
              100.155,
              -0.65
            ]
          ]
        ]
      }
    },
    {
      "type": "Feature",
      "properties": {
        "id": "Padang Pariaman-878",
        "kabupaten": "Padang Pariaman",
        "prov": "SUMATERA BARAT",
        "depth_m": 2.25,
        "wave_order": 0.261,
        "spot_idx": 6
      },
      "geometry": {
        "type": "Polygon",
        "coordinates": [
          [
            [
              100.155,
              -0.625
            ],
            [
              100.18,
              -0.625
            ],
            [
              100.18,
              -0.6
            ],
            [
              100.155,
              -0.6
            ],
            [
              100.155,
              -0.625
            ]
          ]
        ]
      }
    },
    {
      "type": "Feature",
      "properties": {
        "id": "Padang Pariaman-879",
        "kabupaten": "Padang Pariaman",
        "prov": "SUMATERA BARAT",
        "depth_m": 2.67,
        "wave_order": 0.344,
        "spot_idx": 6
      },
      "geometry": {
        "type": "Polygon",
        "coordinates": [
          [
            [
              100.155,
              -0.6
            ],
            [
              100.18,
              -0.6
            ],
            [
              100.18,
              -0.575
            ],
            [
              100.155,
              -0.575
            ],
            [
              100.155,
              -0.6
            ]
          ]
        ]
      }
    },
    {
      "type": "Feature",
      "properties": {
        "id": "Padang Pariaman-880",
        "kabupaten": "Padang Pariaman",
        "prov": "SUMATERA BARAT",
        "depth_m": 2.34,
        "wave_order": 0.2,
        "spot_idx": 6
      },
      "geometry": {
        "type": "Polygon",
        "coordinates": [
          [
            [
              100.155,
              -0.575
            ],
            [
              100.18,
              -0.575
            ],
            [
              100.18,
              -0.55
            ],
            [
              100.155,
              -0.55
            ],
            [
              100.155,
              -0.575
            ]
          ]
        ]
      }
    },
    {
      "type": "Feature",
      "properties": {
        "id": "Padang Pariaman-881",
        "kabupaten": "Padang Pariaman",
        "prov": "SUMATERA BARAT",
        "depth_m": 2.65,
        "wave_order": 0.361,
        "spot_idx": 6
      },
      "geometry": {
        "type": "Polygon",
        "coordinates": [
          [
            [
              100.155,
              -0.55
            ],
            [
              100.18,
              -0.55
            ],
            [
              100.18,
              -0.525
            ],
            [
              100.155,
              -0.525
            ],
            [
              100.155,
              -0.55
            ]
          ]
        ]
      }
    },
    {
      "type": "Feature",
      "properties": {
        "id": "Padang Pariaman-882",
        "kabupaten": "Padang Pariaman",
        "prov": "SUMATERA BARAT",
        "depth_m": 2.19,
        "wave_order": 0.282,
        "spot_idx": 6
      },
      "geometry": {
        "type": "Polygon",
        "coordinates": [
          [
            [
              100.155,
              -0.525
            ],
            [
              100.18,
              -0.525
            ],
            [
              100.18,
              -0.5
            ],
            [
              100.155,
              -0.5
            ],
            [
              100.155,
              -0.525
            ]
          ]
        ]
      }
    },
    {
      "type": "Feature",
      "properties": {
        "id": "Padang Pariaman-883",
        "kabupaten": "Padang Pariaman",
        "prov": "SUMATERA BARAT",
        "depth_m": 2.41,
        "wave_order": 0.487,
        "spot_idx": 6
      },
      "geometry": {
        "type": "Polygon",
        "coordinates": [
          [
            [
              100.155,
              -0.5
            ],
            [
              100.18,
              -0.5
            ],
            [
              100.18,
              -0.475
            ],
            [
              100.155,
              -0.475
            ],
            [
              100.155,
              -0.5
            ]
          ]
        ]
      }
    },
    {
      "type": "Feature",
      "properties": {
        "id": "Padang Pariaman-884",
        "kabupaten": "Padang Pariaman",
        "prov": "SUMATERA BARAT",
        "depth_m": 1.93,
        "wave_order": 0.445,
        "spot_idx": 6
      },
      "geometry": {
        "type": "Polygon",
        "coordinates": [
          [
            [
              100.155,
              -0.475
            ],
            [
              100.18,
              -0.475
            ],
            [
              100.18,
              -0.45
            ],
            [
              100.155,
              -0.45
            ],
            [
              100.155,
              -0.475
            ]
          ]
        ]
      }
    },
    {
      "type": "Feature",
      "properties": {
        "id": "Padang Pariaman-885",
        "kabupaten": "Padang Pariaman",
        "prov": "SUMATERA BARAT",
        "depth_m": 1.94,
        "wave_order": 0.47,
        "spot_idx": 6
      },
      "geometry": {
        "type": "Polygon",
        "coordinates": [
          [
            [
              100.18,
              -0.7
            ],
            [
              100.205,
              -0.7
            ],
            [
              100.205,
              -0.675
            ],
            [
              100.18,
              -0.675
            ],
            [
              100.18,
              -0.7
            ]
          ]
        ]
      }
    },
    {
      "type": "Feature",
      "properties": {
        "id": "Padang Pariaman-886",
        "kabupaten": "Padang Pariaman",
        "prov": "SUMATERA BARAT",
        "depth_m": 2.39,
        "wave_order": 0.478,
        "spot_idx": 6
      },
      "geometry": {
        "type": "Polygon",
        "coordinates": [
          [
            [
              100.18,
              -0.675
            ],
            [
              100.205,
              -0.675
            ],
            [
              100.205,
              -0.65
            ],
            [
              100.18,
              -0.65
            ],
            [
              100.18,
              -0.675
            ]
          ]
        ]
      }
    },
    {
      "type": "Feature",
      "properties": {
        "id": "Padang Pariaman-887",
        "kabupaten": "Padang Pariaman",
        "prov": "SUMATERA BARAT",
        "depth_m": 2.24,
        "wave_order": 0.269,
        "spot_idx": 6
      },
      "geometry": {
        "type": "Polygon",
        "coordinates": [
          [
            [
              100.18,
              -0.65
            ],
            [
              100.205,
              -0.65
            ],
            [
              100.205,
              -0.625
            ],
            [
              100.18,
              -0.625
            ],
            [
              100.18,
              -0.65
            ]
          ]
        ]
      }
    },
    {
      "type": "Feature",
      "properties": {
        "id": "Padang Pariaman-888",
        "kabupaten": "Padang Pariaman",
        "prov": "SUMATERA BARAT",
        "depth_m": 2.73,
        "wave_order": 0.313,
        "spot_idx": 6
      },
      "geometry": {
        "type": "Polygon",
        "coordinates": [
          [
            [
              100.18,
              -0.625
            ],
            [
              100.205,
              -0.625
            ],
            [
              100.205,
              -0.6
            ],
            [
              100.18,
              -0.6
            ],
            [
              100.18,
              -0.625
            ]
          ]
        ]
      }
    },
    {
      "type": "Feature",
      "properties": {
        "id": "Padang Pariaman-889",
        "kabupaten": "Padang Pariaman",
        "prov": "SUMATERA BARAT",
        "depth_m": 2.49,
        "wave_order": 0.114,
        "spot_idx": 6
      },
      "geometry": {
        "type": "Polygon",
        "coordinates": [
          [
            [
              100.18,
              -0.6
            ],
            [
              100.205,
              -0.6
            ],
            [
              100.205,
              -0.575
            ],
            [
              100.18,
              -0.575
            ],
            [
              100.18,
              -0.6
            ]
          ]
        ]
      }
    },
    {
      "type": "Feature",
      "properties": {
        "id": "Padang Pariaman-890",
        "kabupaten": "Padang Pariaman",
        "prov": "SUMATERA BARAT",
        "depth_m": 2.89,
        "wave_order": 0.236,
        "spot_idx": 6
      },
      "geometry": {
        "type": "Polygon",
        "coordinates": [
          [
            [
              100.18,
              -0.575
            ],
            [
              100.205,
              -0.575
            ],
            [
              100.205,
              -0.55
            ],
            [
              100.18,
              -0.55
            ],
            [
              100.18,
              -0.575
            ]
          ]
        ]
      }
    },
    {
      "type": "Feature",
      "properties": {
        "id": "Padang Pariaman-891",
        "kabupaten": "Padang Pariaman",
        "prov": "SUMATERA BARAT",
        "depth_m": 2.44,
        "wave_order": 0.133,
        "spot_idx": 6
      },
      "geometry": {
        "type": "Polygon",
        "coordinates": [
          [
            [
              100.18,
              -0.55
            ],
            [
              100.205,
              -0.55
            ],
            [
              100.205,
              -0.525
            ],
            [
              100.18,
              -0.525
            ],
            [
              100.18,
              -0.55
            ]
          ]
        ]
      }
    },
    {
      "type": "Feature",
      "properties": {
        "id": "Padang Pariaman-892",
        "kabupaten": "Padang Pariaman",
        "prov": "SUMATERA BARAT",
        "depth_m": 2.69,
        "wave_order": 0.349,
        "spot_idx": 6
      },
      "geometry": {
        "type": "Polygon",
        "coordinates": [
          [
            [
              100.18,
              -0.525
            ],
            [
              100.205,
              -0.525
            ],
            [
              100.205,
              -0.5
            ],
            [
              100.18,
              -0.5
            ],
            [
              100.18,
              -0.525
            ]
          ]
        ]
      }
    },
    {
      "type": "Feature",
      "properties": {
        "id": "Padang Pariaman-893",
        "kabupaten": "Padang Pariaman",
        "prov": "SUMATERA BARAT",
        "depth_m": 2.16,
        "wave_order": 0.298,
        "spot_idx": 6
      },
      "geometry": {
        "type": "Polygon",
        "coordinates": [
          [
            [
              100.18,
              -0.5
            ],
            [
              100.205,
              -0.5
            ],
            [
              100.205,
              -0.475
            ],
            [
              100.18,
              -0.475
            ],
            [
              100.18,
              -0.5
            ]
          ]
        ]
      }
    },
    {
      "type": "Feature",
      "properties": {
        "id": "Padang Pariaman-894",
        "kabupaten": "Padang Pariaman",
        "prov": "SUMATERA BARAT",
        "depth_m": 2.34,
        "wave_order": 0.525,
        "spot_idx": 6
      },
      "geometry": {
        "type": "Polygon",
        "coordinates": [
          [
            [
              100.18,
              -0.475
            ],
            [
              100.205,
              -0.475
            ],
            [
              100.205,
              -0.45
            ],
            [
              100.18,
              -0.45
            ],
            [
              100.18,
              -0.475
            ]
          ]
        ]
      }
    },
    {
      "type": "Feature",
      "properties": {
        "id": "Padang Pariaman-895",
        "kabupaten": "Padang Pariaman",
        "prov": "SUMATERA BARAT",
        "depth_m": 2.24,
        "wave_order": 0.546,
        "spot_idx": 6
      },
      "geometry": {
        "type": "Polygon",
        "coordinates": [
          [
            [
              100.205,
              -0.7
            ],
            [
              100.23,
              -0.7
            ],
            [
              100.23,
              -0.675
            ],
            [
              100.205,
              -0.675
            ],
            [
              100.205,
              -0.7
            ]
          ]
        ]
      }
    },
    {
      "type": "Feature",
      "properties": {
        "id": "Padang Pariaman-896",
        "kabupaten": "Padang Pariaman",
        "prov": "SUMATERA BARAT",
        "depth_m": 2.14,
        "wave_order": 0.337,
        "spot_idx": 6
      },
      "geometry": {
        "type": "Polygon",
        "coordinates": [
          [
            [
              100.205,
              -0.675
            ],
            [
              100.23,
              -0.675
            ],
            [
              100.23,
              -0.65
            ],
            [
              100.205,
              -0.65
            ],
            [
              100.205,
              -0.675
            ]
          ]
        ]
      }
    },
    {
      "type": "Feature",
      "properties": {
        "id": "Padang Pariaman-897",
        "kabupaten": "Padang Pariaman",
        "prov": "SUMATERA BARAT",
        "depth_m": 2.64,
        "wave_order": 0.357,
        "spot_idx": 6
      },
      "geometry": {
        "type": "Polygon",
        "coordinates": [
          [
            [
              100.205,
              -0.65
            ],
            [
              100.23,
              -0.65
            ],
            [
              100.23,
              -0.625
            ],
            [
              100.205,
              -0.625
            ],
            [
              100.205,
              -0.65
            ]
          ]
        ]
      }
    },
    {
      "type": "Feature",
      "properties": {
        "id": "Padang Pariaman-898",
        "kabupaten": "Padang Pariaman",
        "prov": "SUMATERA BARAT",
        "depth_m": 2.47,
        "wave_order": 0.126,
        "spot_idx": 6
      },
      "geometry": {
        "type": "Polygon",
        "coordinates": [
          [
            [
              100.205,
              -0.625
            ],
            [
              100.23,
              -0.625
            ],
            [
              100.23,
              -0.6
            ],
            [
              100.205,
              -0.6
            ],
            [
              100.205,
              -0.625
            ]
          ]
        ]
      }
    },
    {
      "type": "Feature",
      "properties": {
        "id": "Padang Pariaman-899",
        "kabupaten": "Padang Pariaman",
        "prov": "SUMATERA BARAT",
        "depth_m": 3.01,
        "wave_order": 0.174,
        "spot_idx": 6
      },
      "geometry": {
        "type": "Polygon",
        "coordinates": [
          [
            [
              100.205,
              -0.6
            ],
            [
              100.23,
              -0.6
            ],
            [
              100.23,
              -0.575
            ],
            [
              100.205,
              -0.575
            ],
            [
              100.205,
              -0.6
            ]
          ]
        ]
      }
    },
    {
      "type": "Feature",
      "properties": {
        "id": "Padang Pariaman-900",
        "kabupaten": "Padang Pariaman",
        "prov": "SUMATERA BARAT",
        "depth_m": 2.69,
        "wave_order": 0,
        "spot_idx": 6
      },
      "geometry": {
        "type": "Polygon",
        "coordinates": [
          [
            [
              100.205,
              -0.575
            ],
            [
              100.23,
              -0.575
            ],
            [
              100.23,
              -0.55
            ],
            [
              100.205,
              -0.55
            ],
            [
              100.205,
              -0.575
            ]
          ]
        ]
      }
    },
    {
      "type": "Feature",
      "properties": {
        "id": "Padang Pariaman-901",
        "kabupaten": "Padang Pariaman",
        "prov": "SUMATERA BARAT",
        "depth_m": 2.95,
        "wave_order": 0.212,
        "spot_idx": 6
      },
      "geometry": {
        "type": "Polygon",
        "coordinates": [
          [
            [
              100.205,
              -0.55
            ],
            [
              100.23,
              -0.55
            ],
            [
              100.23,
              -0.525
            ],
            [
              100.205,
              -0.525
            ],
            [
              100.205,
              -0.55
            ]
          ]
        ]
      }
    },
    {
      "type": "Feature",
      "properties": {
        "id": "Padang Pariaman-902",
        "kabupaten": "Padang Pariaman",
        "prov": "SUMATERA BARAT",
        "depth_m": 2.38,
        "wave_order": 0.161,
        "spot_idx": 6
      },
      "geometry": {
        "type": "Polygon",
        "coordinates": [
          [
            [
              100.205,
              -0.525
            ],
            [
              100.23,
              -0.525
            ],
            [
              100.23,
              -0.5
            ],
            [
              100.205,
              -0.5
            ],
            [
              100.205,
              -0.525
            ]
          ]
        ]
      }
    },
    {
      "type": "Feature",
      "properties": {
        "id": "Padang Pariaman-903",
        "kabupaten": "Padang Pariaman",
        "prov": "SUMATERA BARAT",
        "depth_m": 2.59,
        "wave_order": 0.404,
        "spot_idx": 6
      },
      "geometry": {
        "type": "Polygon",
        "coordinates": [
          [
            [
              100.205,
              -0.5
            ],
            [
              100.23,
              -0.5
            ],
            [
              100.23,
              -0.475
            ],
            [
              100.205,
              -0.475
            ],
            [
              100.205,
              -0.5
            ]
          ]
        ]
      }
    },
    {
      "type": "Feature",
      "properties": {
        "id": "Padang Pariaman-904",
        "kabupaten": "Padang Pariaman",
        "prov": "SUMATERA BARAT",
        "depth_m": 2.04,
        "wave_order": 0.368,
        "spot_idx": 6
      },
      "geometry": {
        "type": "Polygon",
        "coordinates": [
          [
            [
              100.205,
              -0.475
            ],
            [
              100.23,
              -0.475
            ],
            [
              100.23,
              -0.45
            ],
            [
              100.205,
              -0.45
            ],
            [
              100.205,
              -0.475
            ]
          ]
        ]
      }
    },
    {
      "type": "Feature",
      "properties": {
        "id": "Padang Pariaman-905",
        "kabupaten": "Padang Pariaman",
        "prov": "SUMATERA BARAT",
        "depth_m": 1.98,
        "wave_order": 0.443,
        "spot_idx": 6
      },
      "geometry": {
        "type": "Polygon",
        "coordinates": [
          [
            [
              100.23,
              -0.7
            ],
            [
              100.255,
              -0.7
            ],
            [
              100.255,
              -0.675
            ],
            [
              100.23,
              -0.675
            ],
            [
              100.23,
              -0.7
            ]
          ]
        ]
      }
    },
    {
      "type": "Feature",
      "properties": {
        "id": "Padang Pariaman-906",
        "kabupaten": "Padang Pariaman",
        "prov": "SUMATERA BARAT",
        "depth_m": 2.45,
        "wave_order": 0.45,
        "spot_idx": 6
      },
      "geometry": {
        "type": "Polygon",
        "coordinates": [
          [
            [
              100.23,
              -0.675
            ],
            [
              100.255,
              -0.675
            ],
            [
              100.255,
              -0.65
            ],
            [
              100.23,
              -0.65
            ],
            [
              100.23,
              -0.675
            ]
          ]
        ]
      }
    },
    {
      "type": "Feature",
      "properties": {
        "id": "Padang Pariaman-907",
        "kabupaten": "Padang Pariaman",
        "prov": "SUMATERA BARAT",
        "depth_m": 2.31,
        "wave_order": 0.225,
        "spot_idx": 6
      },
      "geometry": {
        "type": "Polygon",
        "coordinates": [
          [
            [
              100.23,
              -0.65
            ],
            [
              100.255,
              -0.65
            ],
            [
              100.255,
              -0.625
            ],
            [
              100.23,
              -0.625
            ],
            [
              100.23,
              -0.65
            ]
          ]
        ]
      }
    },
    {
      "type": "Feature",
      "properties": {
        "id": "Padang Pariaman-908",
        "kabupaten": "Padang Pariaman",
        "prov": "SUMATERA BARAT",
        "depth_m": 2.84,
        "wave_order": 0.258,
        "spot_idx": 6
      },
      "geometry": {
        "type": "Polygon",
        "coordinates": [
          [
            [
              100.23,
              -0.625
            ],
            [
              100.255,
              -0.625
            ],
            [
              100.255,
              -0.6
            ],
            [
              100.23,
              -0.6
            ],
            [
              100.23,
              -0.625
            ]
          ]
        ]
      }
    },
    {
      "type": "Feature",
      "properties": {
        "id": "Padang Pariaman-909",
        "kabupaten": "Padang Pariaman",
        "prov": "SUMATERA BARAT",
        "depth_m": 2.64,
        "wave_order": 0.019,
        "spot_idx": 6
      },
      "geometry": {
        "type": "Polygon",
        "coordinates": [
          [
            [
              100.23,
              -0.6
            ],
            [
              100.255,
              -0.6
            ],
            [
              100.255,
              -0.575
            ],
            [
              100.23,
              -0.575
            ],
            [
              100.23,
              -0.6
            ]
          ]
        ]
      }
    },
    {
      "type": "Feature",
      "properties": {
        "id": "Padang Pariaman-910",
        "kabupaten": "Padang Pariaman",
        "prov": "SUMATERA BARAT",
        "depth_m": 3.12,
        "wave_order": 0.12,
        "spot_idx": 6
      },
      "geometry": {
        "type": "Polygon",
        "coordinates": [
          [
            [
              100.23,
              -0.575
            ],
            [
              100.255,
              -0.575
            ],
            [
              100.255,
              -0.55
            ],
            [
              100.23,
              -0.55
            ],
            [
              100.23,
              -0.575
            ]
          ]
        ]
      }
    },
    {
      "type": "Feature",
      "properties": {
        "id": "Padang Pariaman-911",
        "kabupaten": "Padang Pariaman",
        "prov": "SUMATERA BARAT",
        "depth_m": 2.57,
        "wave_order": 0.055,
        "spot_idx": 6
      },
      "geometry": {
        "type": "Polygon",
        "coordinates": [
          [
            [
              100.23,
              -0.55
            ],
            [
              100.255,
              -0.55
            ],
            [
              100.255,
              -0.525
            ],
            [
              100.23,
              -0.525
            ],
            [
              100.23,
              -0.55
            ]
          ]
        ]
      }
    },
    {
      "type": "Feature",
      "properties": {
        "id": "Padang Pariaman-912",
        "kabupaten": "Padang Pariaman",
        "prov": "SUMATERA BARAT",
        "depth_m": 2.78,
        "wave_order": 0.303,
        "spot_idx": 6
      },
      "geometry": {
        "type": "Polygon",
        "coordinates": [
          [
            [
              100.23,
              -0.525
            ],
            [
              100.255,
              -0.525
            ],
            [
              100.255,
              -0.5
            ],
            [
              100.23,
              -0.5
            ],
            [
              100.23,
              -0.525
            ]
          ]
        ]
      }
    },
    {
      "type": "Feature",
      "properties": {
        "id": "Padang Pariaman-913",
        "kabupaten": "Padang Pariaman",
        "prov": "SUMATERA BARAT",
        "depth_m": 2.21,
        "wave_order": 0.259,
        "spot_idx": 6
      },
      "geometry": {
        "type": "Polygon",
        "coordinates": [
          [
            [
              100.23,
              -0.5
            ],
            [
              100.255,
              -0.5
            ],
            [
              100.255,
              -0.475
            ],
            [
              100.23,
              -0.475
            ],
            [
              100.23,
              -0.5
            ]
          ]
        ]
      }
    },
    {
      "type": "Feature",
      "properties": {
        "id": "Padang Pariaman-914",
        "kabupaten": "Padang Pariaman",
        "prov": "SUMATERA BARAT",
        "depth_m": 2.4,
        "wave_order": 0.5,
        "spot_idx": 6
      },
      "geometry": {
        "type": "Polygon",
        "coordinates": [
          [
            [
              100.23,
              -0.475
            ],
            [
              100.255,
              -0.475
            ],
            [
              100.255,
              -0.45
            ],
            [
              100.23,
              -0.45
            ],
            [
              100.23,
              -0.475
            ]
          ]
        ]
      }
    },
    {
      "type": "Feature",
      "properties": {
        "id": "Padang Pariaman-915",
        "kabupaten": "Padang Pariaman",
        "prov": "SUMATERA BARAT",
        "depth_m": 2.21,
        "wave_order": 0.563,
        "spot_idx": 6
      },
      "geometry": {
        "type": "Polygon",
        "coordinates": [
          [
            [
              100.255,
              -0.7
            ],
            [
              100.28,
              -0.7
            ],
            [
              100.28,
              -0.675
            ],
            [
              100.255,
              -0.675
            ],
            [
              100.255,
              -0.7
            ]
          ]
        ]
      }
    },
    {
      "type": "Feature",
      "properties": {
        "id": "Padang Pariaman-916",
        "kabupaten": "Padang Pariaman",
        "prov": "SUMATERA BARAT",
        "depth_m": 2.1,
        "wave_order": 0.357,
        "spot_idx": 6
      },
      "geometry": {
        "type": "Polygon",
        "coordinates": [
          [
            [
              100.255,
              -0.675
            ],
            [
              100.28,
              -0.675
            ],
            [
              100.28,
              -0.65
            ],
            [
              100.255,
              -0.65
            ],
            [
              100.255,
              -0.675
            ]
          ]
        ]
      }
    },
    {
      "type": "Feature",
      "properties": {
        "id": "Padang Pariaman-917",
        "kabupaten": "Padang Pariaman",
        "prov": "SUMATERA BARAT",
        "depth_m": 2.59,
        "wave_order": 0.385,
        "spot_idx": 6
      },
      "geometry": {
        "type": "Polygon",
        "coordinates": [
          [
            [
              100.255,
              -0.65
            ],
            [
              100.28,
              -0.65
            ],
            [
              100.28,
              -0.625
            ],
            [
              100.255,
              -0.625
            ],
            [
              100.255,
              -0.65
            ]
          ]
        ]
      }
    },
    {
      "type": "Feature",
      "properties": {
        "id": "Padang Pariaman-918",
        "kabupaten": "Padang Pariaman",
        "prov": "SUMATERA BARAT",
        "depth_m": 2.4,
        "wave_order": 0.165,
        "spot_idx": 6
      },
      "geometry": {
        "type": "Polygon",
        "coordinates": [
          [
            [
              100.255,
              -0.625
            ],
            [
              100.28,
              -0.625
            ],
            [
              100.28,
              -0.6
            ],
            [
              100.255,
              -0.6
            ],
            [
              100.255,
              -0.625
            ]
          ]
        ]
      }
    },
    {
      "type": "Feature",
      "properties": {
        "id": "Padang Pariaman-919",
        "kabupaten": "Padang Pariaman",
        "prov": "SUMATERA BARAT",
        "depth_m": 2.89,
        "wave_order": 0.237,
        "spot_idx": 6
      },
      "geometry": {
        "type": "Polygon",
        "coordinates": [
          [
            [
              100.255,
              -0.6
            ],
            [
              100.28,
              -0.6
            ],
            [
              100.28,
              -0.575
            ],
            [
              100.255,
              -0.575
            ],
            [
              100.255,
              -0.6
            ]
          ]
        ]
      }
    },
    {
      "type": "Feature",
      "properties": {
        "id": "Padang Pariaman-920",
        "kabupaten": "Padang Pariaman",
        "prov": "SUMATERA BARAT",
        "depth_m": 2.54,
        "wave_order": 0.071,
        "spot_idx": 6
      },
      "geometry": {
        "type": "Polygon",
        "coordinates": [
          [
            [
              100.255,
              -0.575
            ],
            [
              100.28,
              -0.575
            ],
            [
              100.28,
              -0.55
            ],
            [
              100.255,
              -0.55
            ],
            [
              100.255,
              -0.575
            ]
          ]
        ]
      }
    },
    {
      "type": "Feature",
      "properties": {
        "id": "Padang Pariaman-921",
        "kabupaten": "Padang Pariaman",
        "prov": "SUMATERA BARAT",
        "depth_m": 2.86,
        "wave_order": 0.263,
        "spot_idx": 6
      },
      "geometry": {
        "type": "Polygon",
        "coordinates": [
          [
            [
              100.255,
              -0.55
            ],
            [
              100.28,
              -0.55
            ],
            [
              100.28,
              -0.525
            ],
            [
              100.255,
              -0.525
            ],
            [
              100.255,
              -0.55
            ]
          ]
        ]
      }
    },
    {
      "type": "Feature",
      "properties": {
        "id": "Padang Pariaman-922",
        "kabupaten": "Padang Pariaman",
        "prov": "SUMATERA BARAT",
        "depth_m": 2.32,
        "wave_order": 0.194,
        "spot_idx": 6
      },
      "geometry": {
        "type": "Polygon",
        "coordinates": [
          [
            [
              100.255,
              -0.525
            ],
            [
              100.28,
              -0.525
            ],
            [
              100.28,
              -0.5
            ],
            [
              100.255,
              -0.5
            ],
            [
              100.255,
              -0.525
            ]
          ]
        ]
      }
    },
    {
      "type": "Feature",
      "properties": {
        "id": "Padang Pariaman-923",
        "kabupaten": "Padang Pariaman",
        "prov": "SUMATERA BARAT",
        "depth_m": 2.54,
        "wave_order": 0.429,
        "spot_idx": 6
      },
      "geometry": {
        "type": "Polygon",
        "coordinates": [
          [
            [
              100.255,
              -0.5
            ],
            [
              100.28,
              -0.5
            ],
            [
              100.28,
              -0.475
            ],
            [
              100.255,
              -0.475
            ],
            [
              100.255,
              -0.5
            ]
          ]
        ]
      }
    },
    {
      "type": "Feature",
      "properties": {
        "id": "Padang Pariaman-924",
        "kabupaten": "Padang Pariaman",
        "prov": "SUMATERA BARAT",
        "depth_m": 2,
        "wave_order": 0.387,
        "spot_idx": 6
      },
      "geometry": {
        "type": "Polygon",
        "coordinates": [
          [
            [
              100.255,
              -0.475
            ],
            [
              100.28,
              -0.475
            ],
            [
              100.28,
              -0.45
            ],
            [
              100.255,
              -0.45
            ],
            [
              100.255,
              -0.475
            ]
          ]
        ]
      }
    },
    {
      "type": "Feature",
      "properties": {
        "id": "Padang Pariaman-925",
        "kabupaten": "Padang Pariaman",
        "prov": "SUMATERA BARAT",
        "depth_m": 1.88,
        "wave_order": 0.501,
        "spot_idx": 6
      },
      "geometry": {
        "type": "Polygon",
        "coordinates": [
          [
            [
              100.28,
              -0.7
            ],
            [
              100.305,
              -0.7
            ],
            [
              100.305,
              -0.675
            ],
            [
              100.28,
              -0.675
            ],
            [
              100.28,
              -0.7
            ]
          ]
        ]
      }
    },
    {
      "type": "Feature",
      "properties": {
        "id": "Padang Pariaman-926",
        "kabupaten": "Padang Pariaman",
        "prov": "SUMATERA BARAT",
        "depth_m": 2.32,
        "wave_order": 0.517,
        "spot_idx": 6
      },
      "geometry": {
        "type": "Polygon",
        "coordinates": [
          [
            [
              100.28,
              -0.675
            ],
            [
              100.305,
              -0.675
            ],
            [
              100.305,
              -0.65
            ],
            [
              100.28,
              -0.65
            ],
            [
              100.28,
              -0.675
            ]
          ]
        ]
      }
    },
    {
      "type": "Feature",
      "properties": {
        "id": "Padang Pariaman-927",
        "kabupaten": "Padang Pariaman",
        "prov": "SUMATERA BARAT",
        "depth_m": 2.15,
        "wave_order": 0.316,
        "spot_idx": 6
      },
      "geometry": {
        "type": "Polygon",
        "coordinates": [
          [
            [
              100.28,
              -0.65
            ],
            [
              100.305,
              -0.65
            ],
            [
              100.305,
              -0.625
            ],
            [
              100.28,
              -0.625
            ],
            [
              100.28,
              -0.65
            ]
          ]
        ]
      }
    },
    {
      "type": "Feature",
      "properties": {
        "id": "Padang Pariaman-928",
        "kabupaten": "Padang Pariaman",
        "prov": "SUMATERA BARAT",
        "depth_m": 2.62,
        "wave_order": 0.374,
        "spot_idx": 6
      },
      "geometry": {
        "type": "Polygon",
        "coordinates": [
          [
            [
              100.28,
              -0.625
            ],
            [
              100.305,
              -0.625
            ],
            [
              100.305,
              -0.6
            ],
            [
              100.28,
              -0.6
            ],
            [
              100.28,
              -0.625
            ]
          ]
        ]
      }
    },
    {
      "type": "Feature",
      "properties": {
        "id": "Padang Pariaman-929",
        "kabupaten": "Padang Pariaman",
        "prov": "SUMATERA BARAT",
        "depth_m": 2.35,
        "wave_order": 0.189,
        "spot_idx": 6
      },
      "geometry": {
        "type": "Polygon",
        "coordinates": [
          [
            [
              100.28,
              -0.6
            ],
            [
              100.305,
              -0.6
            ],
            [
              100.305,
              -0.575
            ],
            [
              100.28,
              -0.575
            ],
            [
              100.28,
              -0.6
            ]
          ]
        ]
      }
    },
    {
      "type": "Feature",
      "properties": {
        "id": "Padang Pariaman-930",
        "kabupaten": "Padang Pariaman",
        "prov": "SUMATERA BARAT",
        "depth_m": 2.75,
        "wave_order": 0.319,
        "spot_idx": 6
      },
      "geometry": {
        "type": "Polygon",
        "coordinates": [
          [
            [
              100.28,
              -0.575
            ],
            [
              100.305,
              -0.575
            ],
            [
              100.305,
              -0.55
            ],
            [
              100.28,
              -0.55
            ],
            [
              100.28,
              -0.575
            ]
          ]
        ]
      }
    },
    {
      "type": "Feature",
      "properties": {
        "id": "Padang Pariaman-931",
        "kabupaten": "Padang Pariaman",
        "prov": "SUMATERA BARAT",
        "depth_m": 2.31,
        "wave_order": 0.203,
        "spot_idx": 6
      },
      "geometry": {
        "type": "Polygon",
        "coordinates": [
          [
            [
              100.28,
              -0.55
            ],
            [
              100.305,
              -0.55
            ],
            [
              100.305,
              -0.525
            ],
            [
              100.28,
              -0.525
            ],
            [
              100.28,
              -0.55
            ]
          ]
        ]
      }
    },
    {
      "type": "Feature",
      "properties": {
        "id": "Padang Pariaman-932",
        "kabupaten": "Padang Pariaman",
        "prov": "SUMATERA BARAT",
        "depth_m": 2.59,
        "wave_order": 0.405,
        "spot_idx": 6
      },
      "geometry": {
        "type": "Polygon",
        "coordinates": [
          [
            [
              100.28,
              -0.525
            ],
            [
              100.305,
              -0.525
            ],
            [
              100.305,
              -0.5
            ],
            [
              100.28,
              -0.5
            ],
            [
              100.28,
              -0.525
            ]
          ]
        ]
      }
    },
    {
      "type": "Feature",
      "properties": {
        "id": "Padang Pariaman-933",
        "kabupaten": "Padang Pariaman",
        "prov": "SUMATERA BARAT",
        "depth_m": 2.08,
        "wave_order": 0.341,
        "spot_idx": 6
      },
      "geometry": {
        "type": "Polygon",
        "coordinates": [
          [
            [
              100.28,
              -0.5
            ],
            [
              100.305,
              -0.5
            ],
            [
              100.305,
              -0.475
            ],
            [
              100.28,
              -0.475
            ],
            [
              100.28,
              -0.5
            ]
          ]
        ]
      }
    },
    {
      "type": "Feature",
      "properties": {
        "id": "Padang Pariaman-934",
        "kabupaten": "Padang Pariaman",
        "prov": "SUMATERA BARAT",
        "depth_m": 2.28,
        "wave_order": 0.561,
        "spot_idx": 6
      },
      "geometry": {
        "type": "Polygon",
        "coordinates": [
          [
            [
              100.28,
              -0.475
            ],
            [
              100.305,
              -0.475
            ],
            [
              100.305,
              -0.45
            ],
            [
              100.28,
              -0.45
            ],
            [
              100.28,
              -0.475
            ]
          ]
        ]
      }
    },
    {
      "type": "Feature",
      "properties": {
        "id": "Padang Pariaman-935",
        "kabupaten": "Padang Pariaman",
        "prov": "SUMATERA BARAT",
        "depth_m": 2.04,
        "wave_order": 0.649,
        "spot_idx": 6
      },
      "geometry": {
        "type": "Polygon",
        "coordinates": [
          [
            [
              100.305,
              -0.7
            ],
            [
              100.33,
              -0.7
            ],
            [
              100.33,
              -0.675
            ],
            [
              100.305,
              -0.675
            ],
            [
              100.305,
              -0.7
            ]
          ]
        ]
      }
    },
    {
      "type": "Feature",
      "properties": {
        "id": "Padang Pariaman-936",
        "kabupaten": "Padang Pariaman",
        "prov": "SUMATERA BARAT",
        "depth_m": 1.92,
        "wave_order": 0.469,
        "spot_idx": 6
      },
      "geometry": {
        "type": "Polygon",
        "coordinates": [
          [
            [
              100.305,
              -0.675
            ],
            [
              100.33,
              -0.675
            ],
            [
              100.33,
              -0.65
            ],
            [
              100.305,
              -0.65
            ],
            [
              100.305,
              -0.675
            ]
          ]
        ]
      }
    },
    {
      "type": "Feature",
      "properties": {
        "id": "Padang Pariaman-937",
        "kabupaten": "Padang Pariaman",
        "prov": "SUMATERA BARAT",
        "depth_m": 2.34,
        "wave_order": 0.51,
        "spot_idx": 6
      },
      "geometry": {
        "type": "Polygon",
        "coordinates": [
          [
            [
              100.305,
              -0.65
            ],
            [
              100.33,
              -0.65
            ],
            [
              100.33,
              -0.625
            ],
            [
              100.305,
              -0.625
            ],
            [
              100.305,
              -0.65
            ]
          ]
        ]
      }
    },
    {
      "type": "Feature",
      "properties": {
        "id": "Padang Pariaman-938",
        "kabupaten": "Padang Pariaman",
        "prov": "SUMATERA BARAT",
        "depth_m": 2.12,
        "wave_order": 0.331,
        "spot_idx": 6
      },
      "geometry": {
        "type": "Polygon",
        "coordinates": [
          [
            [
              100.305,
              -0.625
            ],
            [
              100.33,
              -0.625
            ],
            [
              100.33,
              -0.6
            ],
            [
              100.305,
              -0.6
            ],
            [
              100.305,
              -0.625
            ]
          ]
        ]
      }
    },
    {
      "type": "Feature",
      "properties": {
        "id": "Padang Pariaman-939",
        "kabupaten": "Padang Pariaman",
        "prov": "SUMATERA BARAT",
        "depth_m": 2.53,
        "wave_order": 0.424,
        "spot_idx": 6
      },
      "geometry": {
        "type": "Polygon",
        "coordinates": [
          [
            [
              100.305,
              -0.6
            ],
            [
              100.33,
              -0.6
            ],
            [
              100.33,
              -0.575
            ],
            [
              100.305,
              -0.575
            ],
            [
              100.305,
              -0.6
            ]
          ]
        ]
      }
    },
    {
      "type": "Feature",
      "properties": {
        "id": "Padang Pariaman-940",
        "kabupaten": "Padang Pariaman",
        "prov": "SUMATERA BARAT",
        "depth_m": 2.19,
        "wave_order": 0.281,
        "spot_idx": 6
      },
      "geometry": {
        "type": "Polygon",
        "coordinates": [
          [
            [
              100.305,
              -0.575
            ],
            [
              100.33,
              -0.575
            ],
            [
              100.33,
              -0.55
            ],
            [
              100.305,
              -0.55
            ],
            [
              100.305,
              -0.575
            ]
          ]
        ]
      }
    },
    {
      "type": "Feature",
      "properties": {
        "id": "Padang Pariaman-941",
        "kabupaten": "Padang Pariaman",
        "prov": "SUMATERA BARAT",
        "depth_m": 2.52,
        "wave_order": 0.438,
        "spot_idx": 6
      },
      "geometry": {
        "type": "Polygon",
        "coordinates": [
          [
            [
              100.305,
              -0.55
            ],
            [
              100.33,
              -0.55
            ],
            [
              100.33,
              -0.525
            ],
            [
              100.305,
              -0.525
            ],
            [
              100.305,
              -0.55
            ]
          ]
        ]
      }
    },
    {
      "type": "Feature",
      "properties": {
        "id": "Padang Pariaman-942",
        "kabupaten": "Padang Pariaman",
        "prov": "SUMATERA BARAT",
        "depth_m": 2.07,
        "wave_order": 0.347,
        "spot_idx": 6
      },
      "geometry": {
        "type": "Polygon",
        "coordinates": [
          [
            [
              100.305,
              -0.525
            ],
            [
              100.33,
              -0.525
            ],
            [
              100.33,
              -0.5
            ],
            [
              100.305,
              -0.5
            ],
            [
              100.305,
              -0.525
            ]
          ]
        ]
      }
    },
    {
      "type": "Feature",
      "properties": {
        "id": "Padang Pariaman-943",
        "kabupaten": "Padang Pariaman",
        "prov": "SUMATERA BARAT",
        "depth_m": 2.31,
        "wave_order": 0.544,
        "spot_idx": 6
      },
      "geometry": {
        "type": "Polygon",
        "coordinates": [
          [
            [
              100.305,
              -0.5
            ],
            [
              100.33,
              -0.5
            ],
            [
              100.33,
              -0.475
            ],
            [
              100.305,
              -0.475
            ],
            [
              100.305,
              -0.5
            ]
          ]
        ]
      }
    },
    {
      "type": "Feature",
      "properties": {
        "id": "Padang Pariaman-944",
        "kabupaten": "Padang Pariaman",
        "prov": "SUMATERA BARAT",
        "depth_m": 1.84,
        "wave_order": 0.492,
        "spot_idx": 6
      },
      "geometry": {
        "type": "Polygon",
        "coordinates": [
          [
            [
              100.305,
              -0.475
            ],
            [
              100.33,
              -0.475
            ],
            [
              100.33,
              -0.45
            ],
            [
              100.305,
              -0.45
            ],
            [
              100.305,
              -0.475
            ]
          ]
        ]
      }
    },
    {
      "type": "Feature",
      "properties": {
        "id": "Padang Pariaman-945",
        "kabupaten": "Padang Pariaman",
        "prov": "SUMATERA BARAT",
        "depth_m": 1.68,
        "wave_order": 0.624,
        "spot_idx": 6
      },
      "geometry": {
        "type": "Polygon",
        "coordinates": [
          [
            [
              100.33,
              -0.7
            ],
            [
              100.355,
              -0.7
            ],
            [
              100.355,
              -0.675
            ],
            [
              100.33,
              -0.675
            ],
            [
              100.33,
              -0.7
            ]
          ]
        ]
      }
    },
    {
      "type": "Feature",
      "properties": {
        "id": "Padang Pariaman-946",
        "kabupaten": "Padang Pariaman",
        "prov": "SUMATERA BARAT",
        "depth_m": 2.06,
        "wave_order": 0.645,
        "spot_idx": 6
      },
      "geometry": {
        "type": "Polygon",
        "coordinates": [
          [
            [
              100.33,
              -0.675
            ],
            [
              100.355,
              -0.675
            ],
            [
              100.355,
              -0.65
            ],
            [
              100.33,
              -0.65
            ],
            [
              100.33,
              -0.675
            ]
          ]
        ]
      }
    },
    {
      "type": "Feature",
      "properties": {
        "id": "Padang Pariaman-947",
        "kabupaten": "Padang Pariaman",
        "prov": "SUMATERA BARAT",
        "depth_m": 1.89,
        "wave_order": 0.48,
        "spot_idx": 6
      },
      "geometry": {
        "type": "Polygon",
        "coordinates": [
          [
            [
              100.33,
              -0.65
            ],
            [
              100.355,
              -0.65
            ],
            [
              100.355,
              -0.625
            ],
            [
              100.33,
              -0.625
            ],
            [
              100.33,
              -0.65
            ]
          ]
        ]
      }
    },
    {
      "type": "Feature",
      "properties": {
        "id": "Padang Pariaman-948",
        "kabupaten": "Padang Pariaman",
        "prov": "SUMATERA BARAT",
        "depth_m": 2.28,
        "wave_order": 0.546,
        "spot_idx": 6
      },
      "geometry": {
        "type": "Polygon",
        "coordinates": [
          [
            [
              100.33,
              -0.625
            ],
            [
              100.355,
              -0.625
            ],
            [
              100.355,
              -0.6
            ],
            [
              100.33,
              -0.6
            ],
            [
              100.33,
              -0.625
            ]
          ]
        ]
      }
    },
    {
      "type": "Feature",
      "properties": {
        "id": "Padang Pariaman-949",
        "kabupaten": "Padang Pariaman",
        "prov": "SUMATERA BARAT",
        "depth_m": 2.01,
        "wave_order": 0.397,
        "spot_idx": 6
      },
      "geometry": {
        "type": "Polygon",
        "coordinates": [
          [
            [
              100.33,
              -0.6
            ],
            [
              100.355,
              -0.6
            ],
            [
              100.355,
              -0.575
            ],
            [
              100.33,
              -0.575
            ],
            [
              100.33,
              -0.6
            ]
          ]
        ]
      }
    },
    {
      "type": "Feature",
      "properties": {
        "id": "Padang Pariaman-950",
        "kabupaten": "Padang Pariaman",
        "prov": "SUMATERA BARAT",
        "depth_m": 2.36,
        "wave_order": 0.515,
        "spot_idx": 6
      },
      "geometry": {
        "type": "Polygon",
        "coordinates": [
          [
            [
              100.33,
              -0.575
            ],
            [
              100.355,
              -0.575
            ],
            [
              100.355,
              -0.55
            ],
            [
              100.33,
              -0.55
            ],
            [
              100.33,
              -0.575
            ]
          ]
        ]
      }
    },
    {
      "type": "Feature",
      "properties": {
        "id": "Padang Pariaman-951",
        "kabupaten": "Padang Pariaman",
        "prov": "SUMATERA BARAT",
        "depth_m": 1.99,
        "wave_order": 0.404,
        "spot_idx": 6
      },
      "geometry": {
        "type": "Polygon",
        "coordinates": [
          [
            [
              100.33,
              -0.55
            ],
            [
              100.355,
              -0.55
            ],
            [
              100.355,
              -0.525
            ],
            [
              100.33,
              -0.525
            ],
            [
              100.33,
              -0.55
            ]
          ]
        ]
      }
    },
    {
      "type": "Feature",
      "properties": {
        "id": "Padang Pariaman-952",
        "kabupaten": "Padang Pariaman",
        "prov": "SUMATERA BARAT",
        "depth_m": 2.26,
        "wave_order": 0.567,
        "spot_idx": 6
      },
      "geometry": {
        "type": "Polygon",
        "coordinates": [
          [
            [
              100.33,
              -0.525
            ],
            [
              100.355,
              -0.525
            ],
            [
              100.355,
              -0.5
            ],
            [
              100.33,
              -0.5
            ],
            [
              100.33,
              -0.525
            ]
          ]
        ]
      }
    },
    {
      "type": "Feature",
      "properties": {
        "id": "Padang Pariaman-953",
        "kabupaten": "Padang Pariaman",
        "prov": "SUMATERA BARAT",
        "depth_m": 1.83,
        "wave_order": 0.497,
        "spot_idx": 6
      },
      "geometry": {
        "type": "Polygon",
        "coordinates": [
          [
            [
              100.33,
              -0.5
            ],
            [
              100.355,
              -0.5
            ],
            [
              100.355,
              -0.475
            ],
            [
              100.33,
              -0.475
            ],
            [
              100.33,
              -0.5
            ]
          ]
        ]
      }
    },
    {
      "type": "Feature",
      "properties": {
        "id": "Padang Pariaman-954",
        "kabupaten": "Padang Pariaman",
        "prov": "SUMATERA BARAT",
        "depth_m": 2.03,
        "wave_order": 0.681,
        "spot_idx": 6
      },
      "geometry": {
        "type": "Polygon",
        "coordinates": [
          [
            [
              100.33,
              -0.475
            ],
            [
              100.355,
              -0.475
            ],
            [
              100.355,
              -0.45
            ],
            [
              100.33,
              -0.45
            ],
            [
              100.33,
              -0.475
            ]
          ]
        ]
      }
    },
    {
      "type": "Feature",
      "properties": {
        "id": "Padang Pariaman-955",
        "kabupaten": "Padang Pariaman",
        "prov": "SUMATERA BARAT",
        "depth_m": 1.77,
        "wave_order": 0.779,
        "spot_idx": 6
      },
      "geometry": {
        "type": "Polygon",
        "coordinates": [
          [
            [
              100.355,
              -0.7
            ],
            [
              100.38,
              -0.7
            ],
            [
              100.38,
              -0.675
            ],
            [
              100.355,
              -0.675
            ],
            [
              100.355,
              -0.7
            ]
          ]
        ]
      }
    },
    {
      "type": "Feature",
      "properties": {
        "id": "Padang Pariaman-956",
        "kabupaten": "Padang Pariaman",
        "prov": "SUMATERA BARAT",
        "depth_m": 1.66,
        "wave_order": 0.632,
        "spot_idx": 6
      },
      "geometry": {
        "type": "Polygon",
        "coordinates": [
          [
            [
              100.355,
              -0.675
            ],
            [
              100.38,
              -0.675
            ],
            [
              100.38,
              -0.65
            ],
            [
              100.355,
              -0.65
            ],
            [
              100.355,
              -0.675
            ]
          ]
        ]
      }
    },
    {
      "type": "Feature",
      "properties": {
        "id": "Padang Pariaman-957",
        "kabupaten": "Padang Pariaman",
        "prov": "SUMATERA BARAT",
        "depth_m": 2.01,
        "wave_order": 0.673,
        "spot_idx": 6
      },
      "geometry": {
        "type": "Polygon",
        "coordinates": [
          [
            [
              100.355,
              -0.65
            ],
            [
              100.38,
              -0.65
            ],
            [
              100.38,
              -0.625
            ],
            [
              100.355,
              -0.625
            ],
            [
              100.355,
              -0.65
            ]
          ]
        ]
      }
    },
    {
      "type": "Feature",
      "properties": {
        "id": "Padang Pariaman-958",
        "kabupaten": "Padang Pariaman",
        "prov": "SUMATERA BARAT",
        "depth_m": 1.81,
        "wave_order": 0.53,
        "spot_idx": 6
      },
      "geometry": {
        "type": "Polygon",
        "coordinates": [
          [
            [
              100.355,
              -0.625
            ],
            [
              100.38,
              -0.625
            ],
            [
              100.38,
              -0.6
            ],
            [
              100.355,
              -0.6
            ],
            [
              100.355,
              -0.625
            ]
          ]
        ]
      }
    },
    {
      "type": "Feature",
      "properties": {
        "id": "Padang Pariaman-959",
        "kabupaten": "Padang Pariaman",
        "prov": "SUMATERA BARAT",
        "depth_m": 2.14,
        "wave_order": 0.615,
        "spot_idx": 6
      },
      "geometry": {
        "type": "Polygon",
        "coordinates": [
          [
            [
              100.355,
              -0.6
            ],
            [
              100.38,
              -0.6
            ],
            [
              100.38,
              -0.575
            ],
            [
              100.355,
              -0.575
            ],
            [
              100.355,
              -0.6
            ]
          ]
        ]
      }
    },
    {
      "type": "Feature",
      "properties": {
        "id": "Padang Pariaman-960",
        "kabupaten": "Padang Pariaman",
        "prov": "SUMATERA BARAT",
        "depth_m": 1.85,
        "wave_order": 0.496,
        "spot_idx": 6
      },
      "geometry": {
        "type": "Polygon",
        "coordinates": [
          [
            [
              100.355,
              -0.575
            ],
            [
              100.38,
              -0.575
            ],
            [
              100.38,
              -0.55
            ],
            [
              100.355,
              -0.55
            ],
            [
              100.355,
              -0.575
            ]
          ]
        ]
      }
    },
    {
      "type": "Feature",
      "properties": {
        "id": "Padang Pariaman-961",
        "kabupaten": "Padang Pariaman",
        "prov": "SUMATERA BARAT",
        "depth_m": 2.13,
        "wave_order": 0.624,
        "spot_idx": 6
      },
      "geometry": {
        "type": "Polygon",
        "coordinates": [
          [
            [
              100.355,
              -0.55
            ],
            [
              100.38,
              -0.55
            ],
            [
              100.38,
              -0.525
            ],
            [
              100.355,
              -0.525
            ],
            [
              100.355,
              -0.55
            ]
          ]
        ]
      }
    },
    {
      "type": "Feature",
      "properties": {
        "id": "Padang Pariaman-962",
        "kabupaten": "Padang Pariaman",
        "prov": "SUMATERA BARAT",
        "depth_m": 1.77,
        "wave_order": 0.541,
        "spot_idx": 6
      },
      "geometry": {
        "type": "Polygon",
        "coordinates": [
          [
            [
              100.355,
              -0.525
            ],
            [
              100.38,
              -0.525
            ],
            [
              100.38,
              -0.5
            ],
            [
              100.355,
              -0.5
            ],
            [
              100.355,
              -0.525
            ]
          ]
        ]
      }
    },
    {
      "type": "Feature",
      "properties": {
        "id": "Padang Pariaman-963",
        "kabupaten": "Padang Pariaman",
        "prov": "SUMATERA BARAT",
        "depth_m": 1.99,
        "wave_order": 0.698,
        "spot_idx": 6
      },
      "geometry": {
        "type": "Polygon",
        "coordinates": [
          [
            [
              100.355,
              -0.5
            ],
            [
              100.38,
              -0.5
            ],
            [
              100.38,
              -0.475
            ],
            [
              100.355,
              -0.475
            ],
            [
              100.355,
              -0.5
            ]
          ]
        ]
      }
    },
    {
      "type": "Feature",
      "properties": {
        "id": "Padang Pariaman-964",
        "kabupaten": "Padang Pariaman",
        "prov": "SUMATERA BARAT",
        "depth_m": 1.6,
        "wave_order": 0.649,
        "spot_idx": 6
      },
      "geometry": {
        "type": "Polygon",
        "coordinates": [
          [
            [
              100.355,
              -0.475
            ],
            [
              100.38,
              -0.475
            ],
            [
              100.38,
              -0.45
            ],
            [
              100.355,
              -0.45
            ],
            [
              100.355,
              -0.475
            ]
          ]
        ]
      }
    },
    {
      "type": "Feature",
      "properties": {
        "id": "Pesisir Selatan-965",
        "kabupaten": "Pesisir Selatan",
        "prov": "SUMATERA BARAT",
        "depth_m": 1.5,
        "wave_order": 0.75,
        "spot_idx": 7
      },
      "geometry": {
        "type": "Polygon",
        "coordinates": [
          [
            [
              100.42,
              -1.5
            ],
            [
              100.445,
              -1.5
            ],
            [
              100.445,
              -1.475
            ],
            [
              100.42,
              -1.475
            ],
            [
              100.42,
              -1.5
            ]
          ]
        ]
      }
    },
    {
      "type": "Feature",
      "properties": {
        "id": "Pesisir Selatan-966",
        "kabupaten": "Pesisir Selatan",
        "prov": "SUMATERA BARAT",
        "depth_m": 1.45,
        "wave_order": 0.629,
        "spot_idx": 7
      },
      "geometry": {
        "type": "Polygon",
        "coordinates": [
          [
            [
              100.42,
              -1.475
            ],
            [
              100.445,
              -1.475
            ],
            [
              100.445,
              -1.45
            ],
            [
              100.42,
              -1.45
            ],
            [
              100.42,
              -1.475
            ]
          ]
        ]
      }
    },
    {
      "type": "Feature",
      "properties": {
        "id": "Pesisir Selatan-967",
        "kabupaten": "Pesisir Selatan",
        "prov": "SUMATERA BARAT",
        "depth_m": 1.66,
        "wave_order": 0.613,
        "spot_idx": 7
      },
      "geometry": {
        "type": "Polygon",
        "coordinates": [
          [
            [
              100.42,
              -1.45
            ],
            [
              100.445,
              -1.45
            ],
            [
              100.445,
              -1.425
            ],
            [
              100.42,
              -1.425
            ],
            [
              100.42,
              -1.45
            ]
          ]
        ]
      }
    },
    {
      "type": "Feature",
      "properties": {
        "id": "Pesisir Selatan-968",
        "kabupaten": "Pesisir Selatan",
        "prov": "SUMATERA BARAT",
        "depth_m": 1.65,
        "wave_order": 0.533,
        "spot_idx": 7
      },
      "geometry": {
        "type": "Polygon",
        "coordinates": [
          [
            [
              100.42,
              -1.425
            ],
            [
              100.445,
              -1.425
            ],
            [
              100.445,
              -1.4
            ],
            [
              100.42,
              -1.4
            ],
            [
              100.42,
              -1.425
            ]
          ]
        ]
      }
    },
    {
      "type": "Feature",
      "properties": {
        "id": "Pesisir Selatan-969",
        "kabupaten": "Pesisir Selatan",
        "prov": "SUMATERA BARAT",
        "depth_m": 1.75,
        "wave_order": 0.509,
        "spot_idx": 7
      },
      "geometry": {
        "type": "Polygon",
        "coordinates": [
          [
            [
              100.42,
              -1.4
            ],
            [
              100.445,
              -1.4
            ],
            [
              100.445,
              -1.375
            ],
            [
              100.42,
              -1.375
            ],
            [
              100.42,
              -1.4
            ]
          ]
        ]
      }
    },
    {
      "type": "Feature",
      "properties": {
        "id": "Pesisir Selatan-970",
        "kabupaten": "Pesisir Selatan",
        "prov": "SUMATERA BARAT",
        "depth_m": 1.79,
        "wave_order": 0.483,
        "spot_idx": 7
      },
      "geometry": {
        "type": "Polygon",
        "coordinates": [
          [
            [
              100.42,
              -1.375
            ],
            [
              100.445,
              -1.375
            ],
            [
              100.445,
              -1.35
            ],
            [
              100.42,
              -1.35
            ],
            [
              100.42,
              -1.375
            ]
          ]
        ]
      }
    },
    {
      "type": "Feature",
      "properties": {
        "id": "Pesisir Selatan-971",
        "kabupaten": "Pesisir Selatan",
        "prov": "SUMATERA BARAT",
        "depth_m": 1.76,
        "wave_order": 0.461,
        "spot_idx": 7
      },
      "geometry": {
        "type": "Polygon",
        "coordinates": [
          [
            [
              100.42,
              -1.35
            ],
            [
              100.445,
              -1.35
            ],
            [
              100.445,
              -1.325
            ],
            [
              100.42,
              -1.325
            ],
            [
              100.42,
              -1.35
            ]
          ]
        ]
      }
    },
    {
      "type": "Feature",
      "properties": {
        "id": "Pesisir Selatan-972",
        "kabupaten": "Pesisir Selatan",
        "prov": "SUMATERA BARAT",
        "depth_m": 1.83,
        "wave_order": 0.498,
        "spot_idx": 7
      },
      "geometry": {
        "type": "Polygon",
        "coordinates": [
          [
            [
              100.42,
              -1.325
            ],
            [
              100.445,
              -1.325
            ],
            [
              100.445,
              -1.3
            ],
            [
              100.42,
              -1.3
            ],
            [
              100.42,
              -1.325
            ]
          ]
        ]
      }
    },
    {
      "type": "Feature",
      "properties": {
        "id": "Pesisir Selatan-973",
        "kabupaten": "Pesisir Selatan",
        "prov": "SUMATERA BARAT",
        "depth_m": 1.68,
        "wave_order": 0.481,
        "spot_idx": 7
      },
      "geometry": {
        "type": "Polygon",
        "coordinates": [
          [
            [
              100.42,
              -1.3
            ],
            [
              100.445,
              -1.3
            ],
            [
              100.445,
              -1.275
            ],
            [
              100.42,
              -1.275
            ],
            [
              100.42,
              -1.3
            ]
          ]
        ]
      }
    },
    {
      "type": "Feature",
      "properties": {
        "id": "Pesisir Selatan-974",
        "kabupaten": "Pesisir Selatan",
        "prov": "SUMATERA BARAT",
        "depth_m": 1.76,
        "wave_order": 0.574,
        "spot_idx": 7
      },
      "geometry": {
        "type": "Polygon",
        "coordinates": [
          [
            [
              100.42,
              -1.275
            ],
            [
              100.445,
              -1.275
            ],
            [
              100.445,
              -1.25
            ],
            [
              100.42,
              -1.25
            ],
            [
              100.42,
              -1.275
            ]
          ]
        ]
      }
    },
    {
      "type": "Feature",
      "properties": {
        "id": "Pesisir Selatan-975",
        "kabupaten": "Pesisir Selatan",
        "prov": "SUMATERA BARAT",
        "depth_m": 1.51,
        "wave_order": 0.559,
        "spot_idx": 7
      },
      "geometry": {
        "type": "Polygon",
        "coordinates": [
          [
            [
              100.42,
              -1.25
            ],
            [
              100.445,
              -1.25
            ],
            [
              100.445,
              -1.225
            ],
            [
              100.42,
              -1.225
            ],
            [
              100.42,
              -1.25
            ]
          ]
        ]
      }
    },
    {
      "type": "Feature",
      "properties": {
        "id": "Pesisir Selatan-976",
        "kabupaten": "Pesisir Selatan",
        "prov": "SUMATERA BARAT",
        "depth_m": 1.63,
        "wave_order": 0.694,
        "spot_idx": 7
      },
      "geometry": {
        "type": "Polygon",
        "coordinates": [
          [
            [
              100.42,
              -1.225
            ],
            [
              100.445,
              -1.225
            ],
            [
              100.445,
              -1.2
            ],
            [
              100.42,
              -1.2
            ],
            [
              100.42,
              -1.225
            ]
          ]
        ]
      }
    },
    {
      "type": "Feature",
      "properties": {
        "id": "Pesisir Selatan-977",
        "kabupaten": "Pesisir Selatan",
        "prov": "SUMATERA BARAT",
        "depth_m": 1.3,
        "wave_order": 0.675,
        "spot_idx": 7
      },
      "geometry": {
        "type": "Polygon",
        "coordinates": [
          [
            [
              100.42,
              -1.2
            ],
            [
              100.445,
              -1.2
            ],
            [
              100.445,
              -1.175
            ],
            [
              100.42,
              -1.175
            ],
            [
              100.42,
              -1.2
            ]
          ]
        ]
      }
    },
    {
      "type": "Feature",
      "properties": {
        "id": "Pesisir Selatan-978",
        "kabupaten": "Pesisir Selatan",
        "prov": "SUMATERA BARAT",
        "depth_m": 1.41,
        "wave_order": 0.629,
        "spot_idx": 7
      },
      "geometry": {
        "type": "Polygon",
        "coordinates": [
          [
            [
              100.445,
              -1.5
            ],
            [
              100.47,
              -1.5
            ],
            [
              100.47,
              -1.475
            ],
            [
              100.445,
              -1.475
            ],
            [
              100.445,
              -1.5
            ]
          ]
        ]
      }
    },
    {
      "type": "Feature",
      "properties": {
        "id": "Pesisir Selatan-979",
        "kabupaten": "Pesisir Selatan",
        "prov": "SUMATERA BARAT",
        "depth_m": 1.69,
        "wave_order": 0.62,
        "spot_idx": 7
      },
      "geometry": {
        "type": "Polygon",
        "coordinates": [
          [
            [
              100.445,
              -1.475
            ],
            [
              100.47,
              -1.475
            ],
            [
              100.47,
              -1.45
            ],
            [
              100.445,
              -1.45
            ],
            [
              100.445,
              -1.475
            ]
          ]
        ]
      }
    },
    {
      "type": "Feature",
      "properties": {
        "id": "Pesisir Selatan-980",
        "kabupaten": "Pesisir Selatan",
        "prov": "SUMATERA BARAT",
        "depth_m": 1.66,
        "wave_order": 0.505,
        "spot_idx": 7
      },
      "geometry": {
        "type": "Polygon",
        "coordinates": [
          [
            [
              100.445,
              -1.45
            ],
            [
              100.47,
              -1.45
            ],
            [
              100.47,
              -1.425
            ],
            [
              100.445,
              -1.425
            ],
            [
              100.445,
              -1.45
            ]
          ]
        ]
      }
    },
    {
      "type": "Feature",
      "properties": {
        "id": "Pesisir Selatan-981",
        "kabupaten": "Pesisir Selatan",
        "prov": "SUMATERA BARAT",
        "depth_m": 1.83,
        "wave_order": 0.48,
        "spot_idx": 7
      },
      "geometry": {
        "type": "Polygon",
        "coordinates": [
          [
            [
              100.445,
              -1.425
            ],
            [
              100.47,
              -1.425
            ],
            [
              100.47,
              -1.4
            ],
            [
              100.445,
              -1.4
            ],
            [
              100.445,
              -1.425
            ]
          ]
        ]
      }
    },
    {
      "type": "Feature",
      "properties": {
        "id": "Pesisir Selatan-982",
        "kabupaten": "Pesisir Selatan",
        "prov": "SUMATERA BARAT",
        "depth_m": 1.86,
        "wave_order": 0.417,
        "spot_idx": 7
      },
      "geometry": {
        "type": "Polygon",
        "coordinates": [
          [
            [
              100.445,
              -1.4
            ],
            [
              100.47,
              -1.4
            ],
            [
              100.47,
              -1.375
            ],
            [
              100.445,
              -1.375
            ],
            [
              100.445,
              -1.4
            ]
          ]
        ]
      }
    },
    {
      "type": "Feature",
      "properties": {
        "id": "Pesisir Selatan-983",
        "kabupaten": "Pesisir Selatan",
        "prov": "SUMATERA BARAT",
        "depth_m": 1.9,
        "wave_order": 0.388,
        "spot_idx": 7
      },
      "geometry": {
        "type": "Polygon",
        "coordinates": [
          [
            [
              100.445,
              -1.375
            ],
            [
              100.47,
              -1.375
            ],
            [
              100.47,
              -1.35
            ],
            [
              100.445,
              -1.35
            ],
            [
              100.445,
              -1.375
            ]
          ]
        ]
      }
    },
    {
      "type": "Feature",
      "properties": {
        "id": "Pesisir Selatan-984",
        "kabupaten": "Pesisir Selatan",
        "prov": "SUMATERA BARAT",
        "depth_m": 1.96,
        "wave_order": 0.393,
        "spot_idx": 7
      },
      "geometry": {
        "type": "Polygon",
        "coordinates": [
          [
            [
              100.445,
              -1.35
            ],
            [
              100.47,
              -1.35
            ],
            [
              100.47,
              -1.325
            ],
            [
              100.445,
              -1.325
            ],
            [
              100.445,
              -1.35
            ]
          ]
        ]
      }
    },
    {
      "type": "Feature",
      "properties": {
        "id": "Pesisir Selatan-985",
        "kabupaten": "Pesisir Selatan",
        "prov": "SUMATERA BARAT",
        "depth_m": 1.86,
        "wave_order": 0.371,
        "spot_idx": 7
      },
      "geometry": {
        "type": "Polygon",
        "coordinates": [
          [
            [
              100.445,
              -1.325
            ],
            [
              100.47,
              -1.325
            ],
            [
              100.47,
              -1.3
            ],
            [
              100.445,
              -1.3
            ],
            [
              100.445,
              -1.325
            ]
          ]
        ]
      }
    },
    {
      "type": "Feature",
      "properties": {
        "id": "Pesisir Selatan-986",
        "kabupaten": "Pesisir Selatan",
        "prov": "SUMATERA BARAT",
        "depth_m": 1.94,
        "wave_order": 0.449,
        "spot_idx": 7
      },
      "geometry": {
        "type": "Polygon",
        "coordinates": [
          [
            [
              100.445,
              -1.3
            ],
            [
              100.47,
              -1.3
            ],
            [
              100.47,
              -1.275
            ],
            [
              100.445,
              -1.275
            ],
            [
              100.445,
              -1.3
            ]
          ]
        ]
      }
    },
    {
      "type": "Feature",
      "properties": {
        "id": "Pesisir Selatan-987",
        "kabupaten": "Pesisir Selatan",
        "prov": "SUMATERA BARAT",
        "depth_m": 1.71,
        "wave_order": 0.433,
        "spot_idx": 7
      },
      "geometry": {
        "type": "Polygon",
        "coordinates": [
          [
            [
              100.445,
              -1.275
            ],
            [
              100.47,
              -1.275
            ],
            [
              100.47,
              -1.25
            ],
            [
              100.445,
              -1.25
            ],
            [
              100.445,
              -1.275
            ]
          ]
        ]
      }
    },
    {
      "type": "Feature",
      "properties": {
        "id": "Pesisir Selatan-988",
        "kabupaten": "Pesisir Selatan",
        "prov": "SUMATERA BARAT",
        "depth_m": 1.82,
        "wave_order": 0.567,
        "spot_idx": 7
      },
      "geometry": {
        "type": "Polygon",
        "coordinates": [
          [
            [
              100.445,
              -1.25
            ],
            [
              100.47,
              -1.25
            ],
            [
              100.47,
              -1.225
            ],
            [
              100.445,
              -1.225
            ],
            [
              100.445,
              -1.25
            ]
          ]
        ]
      }
    },
    {
      "type": "Feature",
      "properties": {
        "id": "Pesisir Selatan-989",
        "kabupaten": "Pesisir Selatan",
        "prov": "SUMATERA BARAT",
        "depth_m": 1.49,
        "wave_order": 0.546,
        "spot_idx": 7
      },
      "geometry": {
        "type": "Polygon",
        "coordinates": [
          [
            [
              100.445,
              -1.225
            ],
            [
              100.47,
              -1.225
            ],
            [
              100.47,
              -1.2
            ],
            [
              100.445,
              -1.2
            ],
            [
              100.445,
              -1.225
            ]
          ]
        ]
      }
    },
    {
      "type": "Feature",
      "properties": {
        "id": "Pesisir Selatan-990",
        "kabupaten": "Pesisir Selatan",
        "prov": "SUMATERA BARAT",
        "depth_m": 1.64,
        "wave_order": 0.715,
        "spot_idx": 7
      },
      "geometry": {
        "type": "Polygon",
        "coordinates": [
          [
            [
              100.445,
              -1.2
            ],
            [
              100.47,
              -1.2
            ],
            [
              100.47,
              -1.175
            ],
            [
              100.445,
              -1.175
            ],
            [
              100.445,
              -1.2
            ]
          ]
        ]
      }
    },
    {
      "type": "Feature",
      "properties": {
        "id": "Pesisir Selatan-991",
        "kabupaten": "Pesisir Selatan",
        "prov": "SUMATERA BARAT",
        "depth_m": 1.68,
        "wave_order": 0.655,
        "spot_idx": 7
      },
      "geometry": {
        "type": "Polygon",
        "coordinates": [
          [
            [
              100.47,
              -1.5
            ],
            [
              100.495,
              -1.5
            ],
            [
              100.495,
              -1.475
            ],
            [
              100.47,
              -1.475
            ],
            [
              100.47,
              -1.5
            ]
          ]
        ]
      }
    },
    {
      "type": "Feature",
      "properties": {
        "id": "Pesisir Selatan-992",
        "kabupaten": "Pesisir Selatan",
        "prov": "SUMATERA BARAT",
        "depth_m": 1.61,
        "wave_order": 0.507,
        "spot_idx": 7
      },
      "geometry": {
        "type": "Polygon",
        "coordinates": [
          [
            [
              100.47,
              -1.475
            ],
            [
              100.495,
              -1.475
            ],
            [
              100.495,
              -1.45
            ],
            [
              100.47,
              -1.45
            ],
            [
              100.47,
              -1.475
            ]
          ]
        ]
      }
    },
    {
      "type": "Feature",
      "properties": {
        "id": "Pesisir Selatan-993",
        "kabupaten": "Pesisir Selatan",
        "prov": "SUMATERA BARAT",
        "depth_m": 1.86,
        "wave_order": 0.487,
        "spot_idx": 7
      },
      "geometry": {
        "type": "Polygon",
        "coordinates": [
          [
            [
              100.47,
              -1.45
            ],
            [
              100.495,
              -1.45
            ],
            [
              100.495,
              -1.425
            ],
            [
              100.47,
              -1.425
            ],
            [
              100.47,
              -1.45
            ]
          ]
        ]
      }
    },
    {
      "type": "Feature",
      "properties": {
        "id": "Pesisir Selatan-994",
        "kabupaten": "Pesisir Selatan",
        "prov": "SUMATERA BARAT",
        "depth_m": 1.87,
        "wave_order": 0.384,
        "spot_idx": 7
      },
      "geometry": {
        "type": "Polygon",
        "coordinates": [
          [
            [
              100.47,
              -1.425
            ],
            [
              100.495,
              -1.425
            ],
            [
              100.495,
              -1.4
            ],
            [
              100.47,
              -1.4
            ],
            [
              100.47,
              -1.425
            ]
          ]
        ]
      }
    },
    {
      "type": "Feature",
      "properties": {
        "id": "Pesisir Selatan-995",
        "kabupaten": "Pesisir Selatan",
        "prov": "SUMATERA BARAT",
        "depth_m": 2,
        "wave_order": 0.347,
        "spot_idx": 7
      },
      "geometry": {
        "type": "Polygon",
        "coordinates": [
          [
            [
              100.47,
              -1.4
            ],
            [
              100.495,
              -1.4
            ],
            [
              100.495,
              -1.375
            ],
            [
              100.47,
              -1.375
            ],
            [
              100.47,
              -1.4
            ]
          ]
        ]
      }
    },
    {
      "type": "Feature",
      "properties": {
        "id": "Pesisir Selatan-996",
        "kabupaten": "Pesisir Selatan",
        "prov": "SUMATERA BARAT",
        "depth_m": 2.06,
        "wave_order": 0.308,
        "spot_idx": 7
      },
      "geometry": {
        "type": "Polygon",
        "coordinates": [
          [
            [
              100.47,
              -1.375
            ],
            [
              100.495,
              -1.375
            ],
            [
              100.495,
              -1.35
            ],
            [
              100.47,
              -1.35
            ],
            [
              100.47,
              -1.375
            ]
          ]
        ]
      }
    },
    {
      "type": "Feature",
      "properties": {
        "id": "Pesisir Selatan-997",
        "kabupaten": "Pesisir Selatan",
        "prov": "SUMATERA BARAT",
        "depth_m": 2.03,
        "wave_order": 0.277,
        "spot_idx": 7
      },
      "geometry": {
        "type": "Polygon",
        "coordinates": [
          [
            [
              100.47,
              -1.35
            ],
            [
              100.495,
              -1.35
            ],
            [
              100.495,
              -1.325
            ],
            [
              100.47,
              -1.325
            ],
            [
              100.47,
              -1.35
            ]
          ]
        ]
      }
    },
    {
      "type": "Feature",
      "properties": {
        "id": "Pesisir Selatan-998",
        "kabupaten": "Pesisir Selatan",
        "prov": "SUMATERA BARAT",
        "depth_m": 2.1,
        "wave_order": 0.326,
        "spot_idx": 7
      },
      "geometry": {
        "type": "Polygon",
        "coordinates": [
          [
            [
              100.47,
              -1.325
            ],
            [
              100.495,
              -1.325
            ],
            [
              100.495,
              -1.3
            ],
            [
              100.47,
              -1.3
            ],
            [
              100.47,
              -1.325
            ]
          ]
        ]
      }
    },
    {
      "type": "Feature",
      "properties": {
        "id": "Pesisir Selatan-999",
        "kabupaten": "Pesisir Selatan",
        "prov": "SUMATERA BARAT",
        "depth_m": 1.91,
        "wave_order": 0.312,
        "spot_idx": 7
      },
      "geometry": {
        "type": "Polygon",
        "coordinates": [
          [
            [
              100.47,
              -1.3
            ],
            [
              100.495,
              -1.3
            ],
            [
              100.495,
              -1.275
            ],
            [
              100.47,
              -1.275
            ],
            [
              100.47,
              -1.3
            ]
          ]
        ]
      }
    },
    {
      "type": "Feature",
      "properties": {
        "id": "Pesisir Selatan-1000",
        "kabupaten": "Pesisir Selatan",
        "prov": "SUMATERA BARAT",
        "depth_m": 2.01,
        "wave_order": 0.436,
        "spot_idx": 7
      },
      "geometry": {
        "type": "Polygon",
        "coordinates": [
          [
            [
              100.47,
              -1.275
            ],
            [
              100.495,
              -1.275
            ],
            [
              100.495,
              -1.25
            ],
            [
              100.47,
              -1.25
            ],
            [
              100.47,
              -1.275
            ]
          ]
        ]
      }
    },
    {
      "type": "Feature",
      "properties": {
        "id": "Pesisir Selatan-1001",
        "kabupaten": "Pesisir Selatan",
        "prov": "SUMATERA BARAT",
        "depth_m": 1.68,
        "wave_order": 0.419,
        "spot_idx": 7
      },
      "geometry": {
        "type": "Polygon",
        "coordinates": [
          [
            [
              100.47,
              -1.25
            ],
            [
              100.495,
              -1.25
            ],
            [
              100.495,
              -1.225
            ],
            [
              100.47,
              -1.225
            ],
            [
              100.47,
              -1.25
            ]
          ]
        ]
      }
    },
    {
      "type": "Feature",
      "properties": {
        "id": "Pesisir Selatan-1002",
        "kabupaten": "Pesisir Selatan",
        "prov": "SUMATERA BARAT",
        "depth_m": 1.83,
        "wave_order": 0.589,
        "spot_idx": 7
      },
      "geometry": {
        "type": "Polygon",
        "coordinates": [
          [
            [
              100.47,
              -1.225
            ],
            [
              100.495,
              -1.225
            ],
            [
              100.495,
              -1.2
            ],
            [
              100.47,
              -1.2
            ],
            [
              100.47,
              -1.225
            ]
          ]
        ]
      }
    },
    {
      "type": "Feature",
      "properties": {
        "id": "Pesisir Selatan-1003",
        "kabupaten": "Pesisir Selatan",
        "prov": "SUMATERA BARAT",
        "depth_m": 1.43,
        "wave_order": 0.56,
        "spot_idx": 7
      },
      "geometry": {
        "type": "Polygon",
        "coordinates": [
          [
            [
              100.47,
              -1.2
            ],
            [
              100.495,
              -1.2
            ],
            [
              100.495,
              -1.175
            ],
            [
              100.47,
              -1.175
            ],
            [
              100.47,
              -1.2
            ]
          ]
        ]
      }
    },
    {
      "type": "Feature",
      "properties": {
        "id": "Pesisir Selatan-1004",
        "kabupaten": "Pesisir Selatan",
        "prov": "SUMATERA BARAT",
        "depth_m": 1.52,
        "wave_order": 0.538,
        "spot_idx": 7
      },
      "geometry": {
        "type": "Polygon",
        "coordinates": [
          [
            [
              100.495,
              -1.5
            ],
            [
              100.52,
              -1.5
            ],
            [
              100.52,
              -1.475
            ],
            [
              100.495,
              -1.475
            ],
            [
              100.495,
              -1.5
            ]
          ]
        ]
      }
    },
    {
      "type": "Feature",
      "properties": {
        "id": "Pesisir Selatan-1005",
        "kabupaten": "Pesisir Selatan",
        "prov": "SUMATERA BARAT",
        "depth_m": 1.85,
        "wave_order": 0.528,
        "spot_idx": 7
      },
      "geometry": {
        "type": "Polygon",
        "coordinates": [
          [
            [
              100.495,
              -1.475
            ],
            [
              100.52,
              -1.475
            ],
            [
              100.52,
              -1.45
            ],
            [
              100.495,
              -1.45
            ],
            [
              100.495,
              -1.475
            ]
          ]
        ]
      }
    },
    {
      "type": "Feature",
      "properties": {
        "id": "Pesisir Selatan-1006",
        "kabupaten": "Pesisir Selatan",
        "prov": "SUMATERA BARAT",
        "depth_m": 1.81,
        "wave_order": 0.39,
        "spot_idx": 7
      },
      "geometry": {
        "type": "Polygon",
        "coordinates": [
          [
            [
              100.495,
              -1.45
            ],
            [
              100.52,
              -1.45
            ],
            [
              100.52,
              -1.425
            ],
            [
              100.495,
              -1.425
            ],
            [
              100.495,
              -1.45
            ]
          ]
        ]
      }
    },
    {
      "type": "Feature",
      "properties": {
        "id": "Pesisir Selatan-1007",
        "kabupaten": "Pesisir Selatan",
        "prov": "SUMATERA BARAT",
        "depth_m": 2.03,
        "wave_order": 0.352,
        "spot_idx": 7
      },
      "geometry": {
        "type": "Polygon",
        "coordinates": [
          [
            [
              100.495,
              -1.425
            ],
            [
              100.52,
              -1.425
            ],
            [
              100.52,
              -1.4
            ],
            [
              100.495,
              -1.4
            ],
            [
              100.495,
              -1.425
            ]
          ]
        ]
      }
    },
    {
      "type": "Feature",
      "properties": {
        "id": "Pesisir Selatan-1008",
        "kabupaten": "Pesisir Selatan",
        "prov": "SUMATERA BARAT",
        "depth_m": 2.08,
        "wave_order": 0.264,
        "spot_idx": 7
      },
      "geometry": {
        "type": "Polygon",
        "coordinates": [
          [
            [
              100.495,
              -1.4
            ],
            [
              100.52,
              -1.4
            ],
            [
              100.52,
              -1.375
            ],
            [
              100.495,
              -1.375
            ],
            [
              100.495,
              -1.4
            ]
          ]
        ]
      }
    },
    {
      "type": "Feature",
      "properties": {
        "id": "Pesisir Selatan-1009",
        "kabupaten": "Pesisir Selatan",
        "prov": "SUMATERA BARAT",
        "depth_m": 2.16,
        "wave_order": 0.214,
        "spot_idx": 7
      },
      "geometry": {
        "type": "Polygon",
        "coordinates": [
          [
            [
              100.495,
              -1.375
            ],
            [
              100.52,
              -1.375
            ],
            [
              100.52,
              -1.35
            ],
            [
              100.495,
              -1.35
            ],
            [
              100.495,
              -1.375
            ]
          ]
        ]
      }
    },
    {
      "type": "Feature",
      "properties": {
        "id": "Pesisir Selatan-1010",
        "kabupaten": "Pesisir Selatan",
        "prov": "SUMATERA BARAT",
        "depth_m": 2.24,
        "wave_order": 0.214,
        "spot_idx": 7
      },
      "geometry": {
        "type": "Polygon",
        "coordinates": [
          [
            [
              100.495,
              -1.35
            ],
            [
              100.52,
              -1.35
            ],
            [
              100.52,
              -1.325
            ],
            [
              100.495,
              -1.325
            ],
            [
              100.495,
              -1.35
            ]
          ]
        ]
      }
    },
    {
      "type": "Feature",
      "properties": {
        "id": "Pesisir Selatan-1011",
        "kabupaten": "Pesisir Selatan",
        "prov": "SUMATERA BARAT",
        "depth_m": 2.11,
        "wave_order": 0.195,
        "spot_idx": 7
      },
      "geometry": {
        "type": "Polygon",
        "coordinates": [
          [
            [
              100.495,
              -1.325
            ],
            [
              100.52,
              -1.325
            ],
            [
              100.52,
              -1.3
            ],
            [
              100.495,
              -1.3
            ],
            [
              100.495,
              -1.325
            ]
          ]
        ]
      }
    },
    {
      "type": "Feature",
      "properties": {
        "id": "Pesisir Selatan-1012",
        "kabupaten": "Pesisir Selatan",
        "prov": "SUMATERA BARAT",
        "depth_m": 2.18,
        "wave_order": 0.302,
        "spot_idx": 7
      },
      "geometry": {
        "type": "Polygon",
        "coordinates": [
          [
            [
              100.495,
              -1.3
            ],
            [
              100.52,
              -1.3
            ],
            [
              100.52,
              -1.275
            ],
            [
              100.495,
              -1.275
            ],
            [
              100.495,
              -1.3
            ]
          ]
        ]
      }
    },
    {
      "type": "Feature",
      "properties": {
        "id": "Pesisir Selatan-1013",
        "kabupaten": "Pesisir Selatan",
        "prov": "SUMATERA BARAT",
        "depth_m": 1.89,
        "wave_order": 0.296,
        "spot_idx": 7
      },
      "geometry": {
        "type": "Polygon",
        "coordinates": [
          [
            [
              100.495,
              -1.275
            ],
            [
              100.52,
              -1.275
            ],
            [
              100.52,
              -1.25
            ],
            [
              100.495,
              -1.25
            ],
            [
              100.495,
              -1.275
            ]
          ]
        ]
      }
    },
    {
      "type": "Feature",
      "properties": {
        "id": "Pesisir Selatan-1014",
        "kabupaten": "Pesisir Selatan",
        "prov": "SUMATERA BARAT",
        "depth_m": 2.01,
        "wave_order": 0.462,
        "spot_idx": 7
      },
      "geometry": {
        "type": "Polygon",
        "coordinates": [
          [
            [
              100.495,
              -1.25
            ],
            [
              100.52,
              -1.25
            ],
            [
              100.52,
              -1.225
            ],
            [
              100.495,
              -1.225
            ],
            [
              100.495,
              -1.25
            ]
          ]
        ]
      }
    },
    {
      "type": "Feature",
      "properties": {
        "id": "Pesisir Selatan-1015",
        "kabupaten": "Pesisir Selatan",
        "prov": "SUMATERA BARAT",
        "depth_m": 1.61,
        "wave_order": 0.44,
        "spot_idx": 7
      },
      "geometry": {
        "type": "Polygon",
        "coordinates": [
          [
            [
              100.495,
              -1.225
            ],
            [
              100.52,
              -1.225
            ],
            [
              100.52,
              -1.2
            ],
            [
              100.495,
              -1.2
            ],
            [
              100.495,
              -1.225
            ]
          ]
        ]
      }
    },
    {
      "type": "Feature",
      "properties": {
        "id": "Pesisir Selatan-1016",
        "kabupaten": "Pesisir Selatan",
        "prov": "SUMATERA BARAT",
        "depth_m": 1.79,
        "wave_order": 0.64,
        "spot_idx": 7
      },
      "geometry": {
        "type": "Polygon",
        "coordinates": [
          [
            [
              100.495,
              -1.2
            ],
            [
              100.52,
              -1.2
            ],
            [
              100.52,
              -1.175
            ],
            [
              100.495,
              -1.175
            ],
            [
              100.495,
              -1.2
            ]
          ]
        ]
      }
    },
    {
      "type": "Feature",
      "properties": {
        "id": "Pesisir Selatan-1017",
        "kabupaten": "Pesisir Selatan",
        "prov": "SUMATERA BARAT",
        "depth_m": 1.78,
        "wave_order": 0.598,
        "spot_idx": 7
      },
      "geometry": {
        "type": "Polygon",
        "coordinates": [
          [
            [
              100.52,
              -1.5
            ],
            [
              100.545,
              -1.5
            ],
            [
              100.545,
              -1.475
            ],
            [
              100.52,
              -1.475
            ],
            [
              100.52,
              -1.5
            ]
          ]
        ]
      }
    },
    {
      "type": "Feature",
      "properties": {
        "id": "Pesisir Selatan-1018",
        "kabupaten": "Pesisir Selatan",
        "prov": "SUMATERA BARAT",
        "depth_m": 1.71,
        "wave_order": 0.431,
        "spot_idx": 7
      },
      "geometry": {
        "type": "Polygon",
        "coordinates": [
          [
            [
              100.52,
              -1.475
            ],
            [
              100.545,
              -1.475
            ],
            [
              100.545,
              -1.45
            ],
            [
              100.52,
              -1.45
            ],
            [
              100.52,
              -1.475
            ]
          ]
        ]
      }
    },
    {
      "type": "Feature",
      "properties": {
        "id": "Pesisir Selatan-1019",
        "kabupaten": "Pesisir Selatan",
        "prov": "SUMATERA BARAT",
        "depth_m": 2,
        "wave_order": 0.404,
        "spot_idx": 7
      },
      "geometry": {
        "type": "Polygon",
        "coordinates": [
          [
            [
              100.52,
              -1.45
            ],
            [
              100.545,
              -1.45
            ],
            [
              100.545,
              -1.425
            ],
            [
              100.52,
              -1.425
            ],
            [
              100.52,
              -1.45
            ]
          ]
        ]
      }
    },
    {
      "type": "Feature",
      "properties": {
        "id": "Pesisir Selatan-1020",
        "kabupaten": "Pesisir Selatan",
        "prov": "SUMATERA BARAT",
        "depth_m": 2.02,
        "wave_order": 0.277,
        "spot_idx": 7
      },
      "geometry": {
        "type": "Polygon",
        "coordinates": [
          [
            [
              100.52,
              -1.425
            ],
            [
              100.545,
              -1.425
            ],
            [
              100.545,
              -1.4
            ],
            [
              100.52,
              -1.4
            ],
            [
              100.52,
              -1.425
            ]
          ]
        ]
      }
    },
    {
      "type": "Feature",
      "properties": {
        "id": "Pesisir Selatan-1021",
        "kabupaten": "Pesisir Selatan",
        "prov": "SUMATERA BARAT",
        "depth_m": 2.2,
        "wave_order": 0.217,
        "spot_idx": 7
      },
      "geometry": {
        "type": "Polygon",
        "coordinates": [
          [
            [
              100.52,
              -1.4
            ],
            [
              100.545,
              -1.4
            ],
            [
              100.545,
              -1.375
            ],
            [
              100.52,
              -1.375
            ],
            [
              100.52,
              -1.4
            ]
          ]
        ]
      }
    },
    {
      "type": "Feature",
      "properties": {
        "id": "Pesisir Selatan-1022",
        "kabupaten": "Pesisir Selatan",
        "prov": "SUMATERA BARAT",
        "depth_m": 2.3,
        "wave_order": 0.146,
        "spot_idx": 7
      },
      "geometry": {
        "type": "Polygon",
        "coordinates": [
          [
            [
              100.52,
              -1.375
            ],
            [
              100.545,
              -1.375
            ],
            [
              100.545,
              -1.35
            ],
            [
              100.52,
              -1.35
            ],
            [
              100.52,
              -1.375
            ]
          ]
        ]
      }
    },
    {
      "type": "Feature",
      "properties": {
        "id": "Pesisir Selatan-1023",
        "kabupaten": "Pesisir Selatan",
        "prov": "SUMATERA BARAT",
        "depth_m": 2.3,
        "wave_order": 0.094,
        "spot_idx": 7
      },
      "geometry": {
        "type": "Polygon",
        "coordinates": [
          [
            [
              100.52,
              -1.35
            ],
            [
              100.545,
              -1.35
            ],
            [
              100.545,
              -1.325
            ],
            [
              100.52,
              -1.325
            ],
            [
              100.52,
              -1.35
            ]
          ]
        ]
      }
    },
    {
      "type": "Feature",
      "properties": {
        "id": "Pesisir Selatan-1024",
        "kabupaten": "Pesisir Selatan",
        "prov": "SUMATERA BARAT",
        "depth_m": 2.35,
        "wave_order": 0.166,
        "spot_idx": 7
      },
      "geometry": {
        "type": "Polygon",
        "coordinates": [
          [
            [
              100.52,
              -1.325
            ],
            [
              100.545,
              -1.325
            ],
            [
              100.545,
              -1.3
            ],
            [
              100.52,
              -1.3
            ],
            [
              100.52,
              -1.325
            ]
          ]
        ]
      }
    },
    {
      "type": "Feature",
      "properties": {
        "id": "Pesisir Selatan-1025",
        "kabupaten": "Pesisir Selatan",
        "prov": "SUMATERA BARAT",
        "depth_m": 2.09,
        "wave_order": 0.177,
        "spot_idx": 7
      },
      "geometry": {
        "type": "Polygon",
        "coordinates": [
          [
            [
              100.52,
              -1.3
            ],
            [
              100.545,
              -1.3
            ],
            [
              100.545,
              -1.275
            ],
            [
              100.52,
              -1.275
            ],
            [
              100.52,
              -1.3
            ]
          ]
        ]
      }
    },
    {
      "type": "Feature",
      "properties": {
        "id": "Pesisir Selatan-1026",
        "kabupaten": "Pesisir Selatan",
        "prov": "SUMATERA BARAT",
        "depth_m": 2.18,
        "wave_order": 0.336,
        "spot_idx": 7
      },
      "geometry": {
        "type": "Polygon",
        "coordinates": [
          [
            [
              100.52,
              -1.275
            ],
            [
              100.545,
              -1.275
            ],
            [
              100.545,
              -1.25
            ],
            [
              100.52,
              -1.25
            ],
            [
              100.52,
              -1.275
            ]
          ]
        ]
      }
    },
    {
      "type": "Feature",
      "properties": {
        "id": "Pesisir Selatan-1027",
        "kabupaten": "Pesisir Selatan",
        "prov": "SUMATERA BARAT",
        "depth_m": 1.8,
        "wave_order": 0.328,
        "spot_idx": 7
      },
      "geometry": {
        "type": "Polygon",
        "coordinates": [
          [
            [
              100.52,
              -1.25
            ],
            [
              100.545,
              -1.25
            ],
            [
              100.545,
              -1.225
            ],
            [
              100.52,
              -1.225
            ],
            [
              100.52,
              -1.25
            ]
          ]
        ]
      }
    },
    {
      "type": "Feature",
      "properties": {
        "id": "Pesisir Selatan-1028",
        "kabupaten": "Pesisir Selatan",
        "prov": "SUMATERA BARAT",
        "depth_m": 1.95,
        "wave_order": 0.524,
        "spot_idx": 7
      },
      "geometry": {
        "type": "Polygon",
        "coordinates": [
          [
            [
              100.52,
              -1.225
            ],
            [
              100.545,
              -1.225
            ],
            [
              100.545,
              -1.2
            ],
            [
              100.52,
              -1.2
            ],
            [
              100.52,
              -1.225
            ]
          ]
        ]
      }
    },
    {
      "type": "Feature",
      "properties": {
        "id": "Pesisir Selatan-1029",
        "kabupaten": "Pesisir Selatan",
        "prov": "SUMATERA BARAT",
        "depth_m": 1.5,
        "wave_order": 0.491,
        "spot_idx": 7
      },
      "geometry": {
        "type": "Polygon",
        "coordinates": [
          [
            [
              100.52,
              -1.2
            ],
            [
              100.545,
              -1.2
            ],
            [
              100.545,
              -1.175
            ],
            [
              100.52,
              -1.175
            ],
            [
              100.52,
              -1.2
            ]
          ]
        ]
      }
    },
    {
      "type": "Feature",
      "properties": {
        "id": "Pesisir Selatan-1030",
        "kabupaten": "Pesisir Selatan",
        "prov": "SUMATERA BARAT",
        "depth_m": 1.56,
        "wave_order": 0.5,
        "spot_idx": 7
      },
      "geometry": {
        "type": "Polygon",
        "coordinates": [
          [
            [
              100.545,
              -1.5
            ],
            [
              100.57,
              -1.5
            ],
            [
              100.57,
              -1.475
            ],
            [
              100.545,
              -1.475
            ],
            [
              100.545,
              -1.5
            ]
          ]
        ]
      }
    },
    {
      "type": "Feature",
      "properties": {
        "id": "Pesisir Selatan-1031",
        "kabupaten": "Pesisir Selatan",
        "prov": "SUMATERA BARAT",
        "depth_m": 1.91,
        "wave_order": 0.489,
        "spot_idx": 7
      },
      "geometry": {
        "type": "Polygon",
        "coordinates": [
          [
            [
              100.545,
              -1.475
            ],
            [
              100.57,
              -1.475
            ],
            [
              100.57,
              -1.45
            ],
            [
              100.545,
              -1.45
            ],
            [
              100.545,
              -1.475
            ]
          ]
        ]
      }
    },
    {
      "type": "Feature",
      "properties": {
        "id": "Pesisir Selatan-1032",
        "kabupaten": "Pesisir Selatan",
        "prov": "SUMATERA BARAT",
        "depth_m": 1.89,
        "wave_order": 0.337,
        "spot_idx": 7
      },
      "geometry": {
        "type": "Polygon",
        "coordinates": [
          [
            [
              100.545,
              -1.45
            ],
            [
              100.57,
              -1.45
            ],
            [
              100.57,
              -1.425
            ],
            [
              100.545,
              -1.425
            ],
            [
              100.545,
              -1.45
            ]
          ]
        ]
      }
    },
    {
      "type": "Feature",
      "properties": {
        "id": "Pesisir Selatan-1033",
        "kabupaten": "Pesisir Selatan",
        "prov": "SUMATERA BARAT",
        "depth_m": 2.13,
        "wave_order": 0.289,
        "spot_idx": 7
      },
      "geometry": {
        "type": "Polygon",
        "coordinates": [
          [
            [
              100.545,
              -1.425
            ],
            [
              100.57,
              -1.425
            ],
            [
              100.57,
              -1.4
            ],
            [
              100.545,
              -1.4
            ],
            [
              100.545,
              -1.425
            ]
          ]
        ]
      }
    },
    {
      "type": "Feature",
      "properties": {
        "id": "Pesisir Selatan-1034",
        "kabupaten": "Pesisir Selatan",
        "prov": "SUMATERA BARAT",
        "depth_m": 2.21,
        "wave_order": 0.177,
        "spot_idx": 7
      },
      "geometry": {
        "type": "Polygon",
        "coordinates": [
          [
            [
              100.545,
              -1.4
            ],
            [
              100.57,
              -1.4
            ],
            [
              100.57,
              -1.375
            ],
            [
              100.545,
              -1.375
            ],
            [
              100.545,
              -1.4
            ]
          ]
        ]
      }
    },
    {
      "type": "Feature",
      "properties": {
        "id": "Pesisir Selatan-1035",
        "kabupaten": "Pesisir Selatan",
        "prov": "SUMATERA BARAT",
        "depth_m": 2.35,
        "wave_order": 0.088,
        "spot_idx": 7
      },
      "geometry": {
        "type": "Polygon",
        "coordinates": [
          [
            [
              100.545,
              -1.375
            ],
            [
              100.57,
              -1.375
            ],
            [
              100.57,
              -1.35
            ],
            [
              100.545,
              -1.35
            ],
            [
              100.545,
              -1.375
            ]
          ]
        ]
      }
    },
    {
      "type": "Feature",
      "properties": {
        "id": "Pesisir Selatan-1036",
        "kabupaten": "Pesisir Selatan",
        "prov": "SUMATERA BARAT",
        "depth_m": 2.51,
        "wave_order": 0.034,
        "spot_idx": 7
      },
      "geometry": {
        "type": "Polygon",
        "coordinates": [
          [
            [
              100.545,
              -1.35
            ],
            [
              100.57,
              -1.35
            ],
            [
              100.57,
              -1.325
            ],
            [
              100.545,
              -1.325
            ],
            [
              100.545,
              -1.35
            ]
          ]
        ]
      }
    },
    {
      "type": "Feature",
      "properties": {
        "id": "Pesisir Selatan-1037",
        "kabupaten": "Pesisir Selatan",
        "prov": "SUMATERA BARAT",
        "depth_m": 2.29,
        "wave_order": 0.067,
        "spot_idx": 7
      },
      "geometry": {
        "type": "Polygon",
        "coordinates": [
          [
            [
              100.545,
              -1.325
            ],
            [
              100.57,
              -1.325
            ],
            [
              100.57,
              -1.3
            ],
            [
              100.545,
              -1.3
            ],
            [
              100.545,
              -1.325
            ]
          ]
        ]
      }
    },
    {
      "type": "Feature",
      "properties": {
        "id": "Pesisir Selatan-1038",
        "kabupaten": "Pesisir Selatan",
        "prov": "SUMATERA BARAT",
        "depth_m": 2.32,
        "wave_order": 0.217,
        "spot_idx": 7
      },
      "geometry": {
        "type": "Polygon",
        "coordinates": [
          [
            [
              100.545,
              -1.3
            ],
            [
              100.57,
              -1.3
            ],
            [
              100.57,
              -1.275
            ],
            [
              100.545,
              -1.275
            ],
            [
              100.545,
              -1.3
            ]
          ]
        ]
      }
    },
    {
      "type": "Feature",
      "properties": {
        "id": "Pesisir Selatan-1039",
        "kabupaten": "Pesisir Selatan",
        "prov": "SUMATERA BARAT",
        "depth_m": 1.97,
        "wave_order": 0.229,
        "spot_idx": 7
      },
      "geometry": {
        "type": "Polygon",
        "coordinates": [
          [
            [
              100.545,
              -1.275
            ],
            [
              100.57,
              -1.275
            ],
            [
              100.57,
              -1.25
            ],
            [
              100.545,
              -1.25
            ],
            [
              100.545,
              -1.275
            ]
          ]
        ]
      }
    },
    {
      "type": "Feature",
      "properties": {
        "id": "Pesisir Selatan-1040",
        "kabupaten": "Pesisir Selatan",
        "prov": "SUMATERA BARAT",
        "depth_m": 2.09,
        "wave_order": 0.415,
        "spot_idx": 7
      },
      "geometry": {
        "type": "Polygon",
        "coordinates": [
          [
            [
              100.545,
              -1.25
            ],
            [
              100.57,
              -1.25
            ],
            [
              100.57,
              -1.225
            ],
            [
              100.545,
              -1.225
            ],
            [
              100.545,
              -1.25
            ]
          ]
        ]
      }
    },
    {
      "type": "Feature",
      "properties": {
        "id": "Pesisir Selatan-1041",
        "kabupaten": "Pesisir Selatan",
        "prov": "SUMATERA BARAT",
        "depth_m": 1.66,
        "wave_order": 0.395,
        "spot_idx": 7
      },
      "geometry": {
        "type": "Polygon",
        "coordinates": [
          [
            [
              100.545,
              -1.225
            ],
            [
              100.57,
              -1.225
            ],
            [
              100.57,
              -1.2
            ],
            [
              100.545,
              -1.2
            ],
            [
              100.545,
              -1.225
            ]
          ]
        ]
      }
    },
    {
      "type": "Feature",
      "properties": {
        "id": "Pesisir Selatan-1042",
        "kabupaten": "Pesisir Selatan",
        "prov": "SUMATERA BARAT",
        "depth_m": 1.86,
        "wave_order": 0.609,
        "spot_idx": 7
      },
      "geometry": {
        "type": "Polygon",
        "coordinates": [
          [
            [
              100.545,
              -1.2
            ],
            [
              100.57,
              -1.2
            ],
            [
              100.57,
              -1.175
            ],
            [
              100.545,
              -1.175
            ],
            [
              100.545,
              -1.2
            ]
          ]
        ]
      }
    },
    {
      "type": "Feature",
      "properties": {
        "id": "Pesisir Selatan-1043",
        "kabupaten": "Pesisir Selatan",
        "prov": "SUMATERA BARAT",
        "depth_m": 1.8,
        "wave_order": 0.594,
        "spot_idx": 7
      },
      "geometry": {
        "type": "Polygon",
        "coordinates": [
          [
            [
              100.57,
              -1.5
            ],
            [
              100.595,
              -1.5
            ],
            [
              100.595,
              -1.475
            ],
            [
              100.57,
              -1.475
            ],
            [
              100.57,
              -1.5
            ]
          ]
        ]
      }
    },
    {
      "type": "Feature",
      "properties": {
        "id": "Pesisir Selatan-1044",
        "kabupaten": "Pesisir Selatan",
        "prov": "SUMATERA BARAT",
        "depth_m": 1.72,
        "wave_order": 0.423,
        "spot_idx": 7
      },
      "geometry": {
        "type": "Polygon",
        "coordinates": [
          [
            [
              100.57,
              -1.475
            ],
            [
              100.595,
              -1.475
            ],
            [
              100.595,
              -1.45
            ],
            [
              100.57,
              -1.45
            ],
            [
              100.57,
              -1.475
            ]
          ]
        ]
      }
    },
    {
      "type": "Feature",
      "properties": {
        "id": "Pesisir Selatan-1045",
        "kabupaten": "Pesisir Selatan",
        "prov": "SUMATERA BARAT",
        "depth_m": 2.02,
        "wave_order": 0.396,
        "spot_idx": 7
      },
      "geometry": {
        "type": "Polygon",
        "coordinates": [
          [
            [
              100.57,
              -1.45
            ],
            [
              100.595,
              -1.45
            ],
            [
              100.595,
              -1.425
            ],
            [
              100.57,
              -1.425
            ],
            [
              100.57,
              -1.45
            ]
          ]
        ]
      }
    },
    {
      "type": "Feature",
      "properties": {
        "id": "Pesisir Selatan-1046",
        "kabupaten": "Pesisir Selatan",
        "prov": "SUMATERA BARAT",
        "depth_m": 2.03,
        "wave_order": 0.265,
        "spot_idx": 7
      },
      "geometry": {
        "type": "Polygon",
        "coordinates": [
          [
            [
              100.57,
              -1.425
            ],
            [
              100.595,
              -1.425
            ],
            [
              100.595,
              -1.4
            ],
            [
              100.57,
              -1.4
            ],
            [
              100.57,
              -1.425
            ]
          ]
        ]
      }
    },
    {
      "type": "Feature",
      "properties": {
        "id": "Pesisir Selatan-1047",
        "kabupaten": "Pesisir Selatan",
        "prov": "SUMATERA BARAT",
        "depth_m": 2.22,
        "wave_order": 0.201,
        "spot_idx": 7
      },
      "geometry": {
        "type": "Polygon",
        "coordinates": [
          [
            [
              100.57,
              -1.4
            ],
            [
              100.595,
              -1.4
            ],
            [
              100.595,
              -1.375
            ],
            [
              100.57,
              -1.375
            ],
            [
              100.57,
              -1.4
            ]
          ]
        ]
      }
    },
    {
      "type": "Feature",
      "properties": {
        "id": "Pesisir Selatan-1048",
        "kabupaten": "Pesisir Selatan",
        "prov": "SUMATERA BARAT",
        "depth_m": 2.34,
        "wave_order": 0.121,
        "spot_idx": 7
      },
      "geometry": {
        "type": "Polygon",
        "coordinates": [
          [
            [
              100.57,
              -1.375
            ],
            [
              100.595,
              -1.375
            ],
            [
              100.595,
              -1.35
            ],
            [
              100.57,
              -1.35
            ],
            [
              100.57,
              -1.375
            ]
          ]
        ]
      }
    },
    {
      "type": "Feature",
      "properties": {
        "id": "Pesisir Selatan-1049",
        "kabupaten": "Pesisir Selatan",
        "prov": "SUMATERA BARAT",
        "depth_m": 2.35,
        "wave_order": 0.057,
        "spot_idx": 7
      },
      "geometry": {
        "type": "Polygon",
        "coordinates": [
          [
            [
              100.57,
              -1.35
            ],
            [
              100.595,
              -1.35
            ],
            [
              100.595,
              -1.325
            ],
            [
              100.57,
              -1.325
            ],
            [
              100.57,
              -1.35
            ]
          ]
        ]
      }
    },
    {
      "type": "Feature",
      "properties": {
        "id": "Pesisir Selatan-1050",
        "kabupaten": "Pesisir Selatan",
        "prov": "SUMATERA BARAT",
        "depth_m": 2.39,
        "wave_order": 0.142,
        "spot_idx": 7
      },
      "geometry": {
        "type": "Polygon",
        "coordinates": [
          [
            [
              100.57,
              -1.325
            ],
            [
              100.595,
              -1.325
            ],
            [
              100.595,
              -1.3
            ],
            [
              100.57,
              -1.3
            ],
            [
              100.57,
              -1.325
            ]
          ]
        ]
      }
    },
    {
      "type": "Feature",
      "properties": {
        "id": "Pesisir Selatan-1051",
        "kabupaten": "Pesisir Selatan",
        "prov": "SUMATERA BARAT",
        "depth_m": 2.11,
        "wave_order": 0.16,
        "spot_idx": 7
      },
      "geometry": {
        "type": "Polygon",
        "coordinates": [
          [
            [
              100.57,
              -1.3
            ],
            [
              100.595,
              -1.3
            ],
            [
              100.595,
              -1.275
            ],
            [
              100.57,
              -1.275
            ],
            [
              100.57,
              -1.3
            ]
          ]
        ]
      }
    },
    {
      "type": "Feature",
      "properties": {
        "id": "Pesisir Selatan-1052",
        "kabupaten": "Pesisir Selatan",
        "prov": "SUMATERA BARAT",
        "depth_m": 2.2,
        "wave_order": 0.326,
        "spot_idx": 7
      },
      "geometry": {
        "type": "Polygon",
        "coordinates": [
          [
            [
              100.57,
              -1.275
            ],
            [
              100.595,
              -1.275
            ],
            [
              100.595,
              -1.25
            ],
            [
              100.57,
              -1.25
            ],
            [
              100.57,
              -1.275
            ]
          ]
        ]
      }
    },
    {
      "type": "Feature",
      "properties": {
        "id": "Pesisir Selatan-1053",
        "kabupaten": "Pesisir Selatan",
        "prov": "SUMATERA BARAT",
        "depth_m": 1.81,
        "wave_order": 0.317,
        "spot_idx": 7
      },
      "geometry": {
        "type": "Polygon",
        "coordinates": [
          [
            [
              100.57,
              -1.25
            ],
            [
              100.595,
              -1.25
            ],
            [
              100.595,
              -1.225
            ],
            [
              100.57,
              -1.225
            ],
            [
              100.57,
              -1.25
            ]
          ]
        ]
      }
    },
    {
      "type": "Feature",
      "properties": {
        "id": "Pesisir Selatan-1054",
        "kabupaten": "Pesisir Selatan",
        "prov": "SUMATERA BARAT",
        "depth_m": 1.97,
        "wave_order": 0.519,
        "spot_idx": 7
      },
      "geometry": {
        "type": "Polygon",
        "coordinates": [
          [
            [
              100.57,
              -1.225
            ],
            [
              100.595,
              -1.225
            ],
            [
              100.595,
              -1.2
            ],
            [
              100.57,
              -1.2
            ],
            [
              100.57,
              -1.225
            ]
          ]
        ]
      }
    },
    {
      "type": "Feature",
      "properties": {
        "id": "Pesisir Selatan-1055",
        "kabupaten": "Pesisir Selatan",
        "prov": "SUMATERA BARAT",
        "depth_m": 1.5,
        "wave_order": 0.483,
        "spot_idx": 7
      },
      "geometry": {
        "type": "Polygon",
        "coordinates": [
          [
            [
              100.57,
              -1.2
            ],
            [
              100.595,
              -1.2
            ],
            [
              100.595,
              -1.175
            ],
            [
              100.57,
              -1.175
            ],
            [
              100.57,
              -1.2
            ]
          ]
        ]
      }
    },
    {
      "type": "Feature",
      "properties": {
        "id": "Pesisir Selatan-1056",
        "kabupaten": "Pesisir Selatan",
        "prov": "SUMATERA BARAT",
        "depth_m": 1.53,
        "wave_order": 0.524,
        "spot_idx": 7
      },
      "geometry": {
        "type": "Polygon",
        "coordinates": [
          [
            [
              100.595,
              -1.5
            ],
            [
              100.62,
              -1.5
            ],
            [
              100.62,
              -1.475
            ],
            [
              100.595,
              -1.475
            ],
            [
              100.595,
              -1.5
            ]
          ]
        ]
      }
    },
    {
      "type": "Feature",
      "properties": {
        "id": "Pesisir Selatan-1057",
        "kabupaten": "Pesisir Selatan",
        "prov": "SUMATERA BARAT",
        "depth_m": 1.87,
        "wave_order": 0.517,
        "spot_idx": 7
      },
      "geometry": {
        "type": "Polygon",
        "coordinates": [
          [
            [
              100.595,
              -1.475
            ],
            [
              100.62,
              -1.475
            ],
            [
              100.62,
              -1.45
            ],
            [
              100.595,
              -1.45
            ],
            [
              100.595,
              -1.475
            ]
          ]
        ]
      }
    },
    {
      "type": "Feature",
      "properties": {
        "id": "Pesisir Selatan-1058",
        "kabupaten": "Pesisir Selatan",
        "prov": "SUMATERA BARAT",
        "depth_m": 1.83,
        "wave_order": 0.372,
        "spot_idx": 7
      },
      "geometry": {
        "type": "Polygon",
        "coordinates": [
          [
            [
              100.595,
              -1.45
            ],
            [
              100.62,
              -1.45
            ],
            [
              100.62,
              -1.425
            ],
            [
              100.595,
              -1.425
            ],
            [
              100.595,
              -1.45
            ]
          ]
        ]
      }
    },
    {
      "type": "Feature",
      "properties": {
        "id": "Pesisir Selatan-1059",
        "kabupaten": "Pesisir Selatan",
        "prov": "SUMATERA BARAT",
        "depth_m": 2.07,
        "wave_order": 0.333,
        "spot_idx": 7
      },
      "geometry": {
        "type": "Polygon",
        "coordinates": [
          [
            [
              100.595,
              -1.425
            ],
            [
              100.62,
              -1.425
            ],
            [
              100.62,
              -1.4
            ],
            [
              100.595,
              -1.4
            ],
            [
              100.595,
              -1.425
            ]
          ]
        ]
      }
    },
    {
      "type": "Feature",
      "properties": {
        "id": "Pesisir Selatan-1060",
        "kabupaten": "Pesisir Selatan",
        "prov": "SUMATERA BARAT",
        "depth_m": 2.12,
        "wave_order": 0.238,
        "spot_idx": 7
      },
      "geometry": {
        "type": "Polygon",
        "coordinates": [
          [
            [
              100.595,
              -1.4
            ],
            [
              100.62,
              -1.4
            ],
            [
              100.62,
              -1.375
            ],
            [
              100.595,
              -1.375
            ],
            [
              100.595,
              -1.4
            ]
          ]
        ]
      }
    },
    {
      "type": "Feature",
      "properties": {
        "id": "Pesisir Selatan-1061",
        "kabupaten": "Pesisir Selatan",
        "prov": "SUMATERA BARAT",
        "depth_m": 2.21,
        "wave_order": 0.182,
        "spot_idx": 7
      },
      "geometry": {
        "type": "Polygon",
        "coordinates": [
          [
            [
              100.595,
              -1.375
            ],
            [
              100.62,
              -1.375
            ],
            [
              100.62,
              -1.35
            ],
            [
              100.595,
              -1.35
            ],
            [
              100.595,
              -1.375
            ]
          ]
        ]
      }
    },
    {
      "type": "Feature",
      "properties": {
        "id": "Pesisir Selatan-1062",
        "kabupaten": "Pesisir Selatan",
        "prov": "SUMATERA BARAT",
        "depth_m": 2.3,
        "wave_order": 0.178,
        "spot_idx": 7
      },
      "geometry": {
        "type": "Polygon",
        "coordinates": [
          [
            [
              100.595,
              -1.35
            ],
            [
              100.62,
              -1.35
            ],
            [
              100.62,
              -1.325
            ],
            [
              100.595,
              -1.325
            ],
            [
              100.595,
              -1.35
            ]
          ]
        ]
      }
    },
    {
      "type": "Feature",
      "properties": {
        "id": "Pesisir Selatan-1063",
        "kabupaten": "Pesisir Selatan",
        "prov": "SUMATERA BARAT",
        "depth_m": 2.15,
        "wave_order": 0.161,
        "spot_idx": 7
      },
      "geometry": {
        "type": "Polygon",
        "coordinates": [
          [
            [
              100.595,
              -1.325
            ],
            [
              100.62,
              -1.325
            ],
            [
              100.62,
              -1.3
            ],
            [
              100.595,
              -1.3
            ],
            [
              100.595,
              -1.325
            ]
          ]
        ]
      }
    },
    {
      "type": "Feature",
      "properties": {
        "id": "Pesisir Selatan-1064",
        "kabupaten": "Pesisir Selatan",
        "prov": "SUMATERA BARAT",
        "depth_m": 2.23,
        "wave_order": 0.279,
        "spot_idx": 7
      },
      "geometry": {
        "type": "Polygon",
        "coordinates": [
          [
            [
              100.595,
              -1.3
            ],
            [
              100.62,
              -1.3
            ],
            [
              100.62,
              -1.275
            ],
            [
              100.595,
              -1.275
            ],
            [
              100.595,
              -1.3
            ]
          ]
        ]
      }
    },
    {
      "type": "Feature",
      "properties": {
        "id": "Pesisir Selatan-1065",
        "kabupaten": "Pesisir Selatan",
        "prov": "SUMATERA BARAT",
        "depth_m": 1.91,
        "wave_order": 0.273,
        "spot_idx": 7
      },
      "geometry": {
        "type": "Polygon",
        "coordinates": [
          [
            [
              100.595,
              -1.275
            ],
            [
              100.62,
              -1.275
            ],
            [
              100.62,
              -1.25
            ],
            [
              100.595,
              -1.25
            ],
            [
              100.595,
              -1.275
            ]
          ]
        ]
      }
    },
    {
      "type": "Feature",
      "properties": {
        "id": "Pesisir Selatan-1066",
        "kabupaten": "Pesisir Selatan",
        "prov": "SUMATERA BARAT",
        "depth_m": 2.04,
        "wave_order": 0.449,
        "spot_idx": 7
      },
      "geometry": {
        "type": "Polygon",
        "coordinates": [
          [
            [
              100.595,
              -1.25
            ],
            [
              100.62,
              -1.25
            ],
            [
              100.62,
              -1.225
            ],
            [
              100.595,
              -1.225
            ],
            [
              100.595,
              -1.25
            ]
          ]
        ]
      }
    },
    {
      "type": "Feature",
      "properties": {
        "id": "Pesisir Selatan-1067",
        "kabupaten": "Pesisir Selatan",
        "prov": "SUMATERA BARAT",
        "depth_m": 1.62,
        "wave_order": 0.423,
        "spot_idx": 7
      },
      "geometry": {
        "type": "Polygon",
        "coordinates": [
          [
            [
              100.595,
              -1.225
            ],
            [
              100.62,
              -1.225
            ],
            [
              100.62,
              -1.2
            ],
            [
              100.595,
              -1.2
            ],
            [
              100.595,
              -1.225
            ]
          ]
        ]
      }
    },
    {
      "type": "Feature",
      "properties": {
        "id": "Pesisir Selatan-1068",
        "kabupaten": "Pesisir Selatan",
        "prov": "SUMATERA BARAT",
        "depth_m": 1.82,
        "wave_order": 0.632,
        "spot_idx": 7
      },
      "geometry": {
        "type": "Polygon",
        "coordinates": [
          [
            [
              100.595,
              -1.2
            ],
            [
              100.62,
              -1.2
            ],
            [
              100.62,
              -1.175
            ],
            [
              100.595,
              -1.175
            ],
            [
              100.595,
              -1.2
            ]
          ]
        ]
      }
    },
    {
      "type": "Feature",
      "properties": {
        "id": "Pesisir Selatan-1069",
        "kabupaten": "Pesisir Selatan",
        "prov": "SUMATERA BARAT",
        "depth_m": 1.71,
        "wave_order": 0.643,
        "spot_idx": 7
      },
      "geometry": {
        "type": "Polygon",
        "coordinates": [
          [
            [
              100.62,
              -1.5
            ],
            [
              100.645,
              -1.5
            ],
            [
              100.645,
              -1.475
            ],
            [
              100.62,
              -1.475
            ],
            [
              100.62,
              -1.5
            ]
          ]
        ]
      }
    },
    {
      "type": "Feature",
      "properties": {
        "id": "Pesisir Selatan-1070",
        "kabupaten": "Pesisir Selatan",
        "prov": "SUMATERA BARAT",
        "depth_m": 1.63,
        "wave_order": 0.485,
        "spot_idx": 7
      },
      "geometry": {
        "type": "Polygon",
        "coordinates": [
          [
            [
              100.62,
              -1.475
            ],
            [
              100.645,
              -1.475
            ],
            [
              100.645,
              -1.45
            ],
            [
              100.62,
              -1.45
            ],
            [
              100.62,
              -1.475
            ]
          ]
        ]
      }
    },
    {
      "type": "Feature",
      "properties": {
        "id": "Pesisir Selatan-1071",
        "kabupaten": "Pesisir Selatan",
        "prov": "SUMATERA BARAT",
        "depth_m": 1.9,
        "wave_order": 0.468,
        "spot_idx": 7
      },
      "geometry": {
        "type": "Polygon",
        "coordinates": [
          [
            [
              100.62,
              -1.45
            ],
            [
              100.645,
              -1.45
            ],
            [
              100.645,
              -1.425
            ],
            [
              100.62,
              -1.425
            ],
            [
              100.62,
              -1.45
            ]
          ]
        ]
      }
    },
    {
      "type": "Feature",
      "properties": {
        "id": "Pesisir Selatan-1072",
        "kabupaten": "Pesisir Selatan",
        "prov": "SUMATERA BARAT",
        "depth_m": 1.9,
        "wave_order": 0.357,
        "spot_idx": 7
      },
      "geometry": {
        "type": "Polygon",
        "coordinates": [
          [
            [
              100.62,
              -1.425
            ],
            [
              100.645,
              -1.425
            ],
            [
              100.645,
              -1.4
            ],
            [
              100.62,
              -1.4
            ],
            [
              100.62,
              -1.425
            ]
          ]
        ]
      }
    },
    {
      "type": "Feature",
      "properties": {
        "id": "Pesisir Selatan-1073",
        "kabupaten": "Pesisir Selatan",
        "prov": "SUMATERA BARAT",
        "depth_m": 2.05,
        "wave_order": 0.317,
        "spot_idx": 7
      },
      "geometry": {
        "type": "Polygon",
        "coordinates": [
          [
            [
              100.62,
              -1.4
            ],
            [
              100.645,
              -1.4
            ],
            [
              100.645,
              -1.375
            ],
            [
              100.62,
              -1.375
            ],
            [
              100.62,
              -1.4
            ]
          ]
        ]
      }
    },
    {
      "type": "Feature",
      "properties": {
        "id": "Pesisir Selatan-1074",
        "kabupaten": "Pesisir Selatan",
        "prov": "SUMATERA BARAT",
        "depth_m": 2.11,
        "wave_order": 0.274,
        "spot_idx": 7
      },
      "geometry": {
        "type": "Polygon",
        "coordinates": [
          [
            [
              100.62,
              -1.375
            ],
            [
              100.645,
              -1.375
            ],
            [
              100.645,
              -1.35
            ],
            [
              100.62,
              -1.35
            ],
            [
              100.62,
              -1.375
            ]
          ]
        ]
      }
    },
    {
      "type": "Feature",
      "properties": {
        "id": "Pesisir Selatan-1075",
        "kabupaten": "Pesisir Selatan",
        "prov": "SUMATERA BARAT",
        "depth_m": 2.08,
        "wave_order": 0.239,
        "spot_idx": 7
      },
      "geometry": {
        "type": "Polygon",
        "coordinates": [
          [
            [
              100.62,
              -1.35
            ],
            [
              100.645,
              -1.35
            ],
            [
              100.645,
              -1.325
            ],
            [
              100.62,
              -1.325
            ],
            [
              100.62,
              -1.35
            ]
          ]
        ]
      }
    },
    {
      "type": "Feature",
      "properties": {
        "id": "Pesisir Selatan-1076",
        "kabupaten": "Pesisir Selatan",
        "prov": "SUMATERA BARAT",
        "depth_m": 2.16,
        "wave_order": 0.294,
        "spot_idx": 7
      },
      "geometry": {
        "type": "Polygon",
        "coordinates": [
          [
            [
              100.62,
              -1.325
            ],
            [
              100.645,
              -1.325
            ],
            [
              100.645,
              -1.3
            ],
            [
              100.62,
              -1.3
            ],
            [
              100.62,
              -1.325
            ]
          ]
        ]
      }
    },
    {
      "type": "Feature",
      "properties": {
        "id": "Pesisir Selatan-1077",
        "kabupaten": "Pesisir Selatan",
        "prov": "SUMATERA BARAT",
        "depth_m": 1.94,
        "wave_order": 0.278,
        "spot_idx": 7
      },
      "geometry": {
        "type": "Polygon",
        "coordinates": [
          [
            [
              100.62,
              -1.3
            ],
            [
              100.645,
              -1.3
            ],
            [
              100.645,
              -1.275
            ],
            [
              100.62,
              -1.275
            ],
            [
              100.62,
              -1.3
            ]
          ]
        ]
      }
    },
    {
      "type": "Feature",
      "properties": {
        "id": "Pesisir Selatan-1078",
        "kabupaten": "Pesisir Selatan",
        "prov": "SUMATERA BARAT",
        "depth_m": 2.05,
        "wave_order": 0.414,
        "spot_idx": 7
      },
      "geometry": {
        "type": "Polygon",
        "coordinates": [
          [
            [
              100.62,
              -1.275
            ],
            [
              100.645,
              -1.275
            ],
            [
              100.645,
              -1.25
            ],
            [
              100.62,
              -1.25
            ],
            [
              100.62,
              -1.275
            ]
          ]
        ]
      }
    },
    {
      "type": "Feature",
      "properties": {
        "id": "Pesisir Selatan-1079",
        "kabupaten": "Pesisir Selatan",
        "prov": "SUMATERA BARAT",
        "depth_m": 1.7,
        "wave_order": 0.393,
        "spot_idx": 7
      },
      "geometry": {
        "type": "Polygon",
        "coordinates": [
          [
            [
              100.62,
              -1.25
            ],
            [
              100.645,
              -1.25
            ],
            [
              100.645,
              -1.225
            ],
            [
              100.62,
              -1.225
            ],
            [
              100.62,
              -1.25
            ]
          ]
        ]
      }
    },
    {
      "type": "Feature",
      "properties": {
        "id": "Pesisir Selatan-1080",
        "kabupaten": "Pesisir Selatan",
        "prov": "SUMATERA BARAT",
        "depth_m": 1.87,
        "wave_order": 0.576,
        "spot_idx": 7
      },
      "geometry": {
        "type": "Polygon",
        "coordinates": [
          [
            [
              100.62,
              -1.225
            ],
            [
              100.645,
              -1.225
            ],
            [
              100.645,
              -1.2
            ],
            [
              100.62,
              -1.2
            ],
            [
              100.62,
              -1.225
            ]
          ]
        ]
      }
    },
    {
      "type": "Feature",
      "properties": {
        "id": "Pesisir Selatan-1081",
        "kabupaten": "Pesisir Selatan",
        "prov": "SUMATERA BARAT",
        "depth_m": 1.43,
        "wave_order": 0.538,
        "spot_idx": 7
      },
      "geometry": {
        "type": "Polygon",
        "coordinates": [
          [
            [
              100.62,
              -1.2
            ],
            [
              100.645,
              -1.2
            ],
            [
              100.645,
              -1.175
            ],
            [
              100.62,
              -1.175
            ],
            [
              100.62,
              -1.2
            ]
          ]
        ]
      }
    },
    {
      "type": "Feature",
      "properties": {
        "id": "Pesisir Selatan-1082",
        "kabupaten": "Pesisir Selatan",
        "prov": "SUMATERA BARAT",
        "depth_m": 1.43,
        "wave_order": 0.603,
        "spot_idx": 7
      },
      "geometry": {
        "type": "Polygon",
        "coordinates": [
          [
            [
              100.645,
              -1.5
            ],
            [
              100.67,
              -1.5
            ],
            [
              100.67,
              -1.475
            ],
            [
              100.645,
              -1.475
            ],
            [
              100.645,
              -1.5
            ]
          ]
        ]
      }
    },
    {
      "type": "Feature",
      "properties": {
        "id": "Pesisir Selatan-1083",
        "kabupaten": "Pesisir Selatan",
        "prov": "SUMATERA BARAT",
        "depth_m": 1.73,
        "wave_order": 0.602,
        "spot_idx": 7
      },
      "geometry": {
        "type": "Polygon",
        "coordinates": [
          [
            [
              100.645,
              -1.475
            ],
            [
              100.67,
              -1.475
            ],
            [
              100.67,
              -1.45
            ],
            [
              100.645,
              -1.45
            ],
            [
              100.645,
              -1.475
            ]
          ]
        ]
      }
    },
    {
      "type": "Feature",
      "properties": {
        "id": "Pesisir Selatan-1084",
        "kabupaten": "Pesisir Selatan",
        "prov": "SUMATERA BARAT",
        "depth_m": 1.69,
        "wave_order": 0.477,
        "spot_idx": 7
      },
      "geometry": {
        "type": "Polygon",
        "coordinates": [
          [
            [
              100.645,
              -1.45
            ],
            [
              100.67,
              -1.45
            ],
            [
              100.67,
              -1.425
            ],
            [
              100.645,
              -1.425
            ],
            [
              100.645,
              -1.45
            ]
          ]
        ]
      }
    },
    {
      "type": "Feature",
      "properties": {
        "id": "Pesisir Selatan-1085",
        "kabupaten": "Pesisir Selatan",
        "prov": "SUMATERA BARAT",
        "depth_m": 1.88,
        "wave_order": 0.453,
        "spot_idx": 7
      },
      "geometry": {
        "type": "Polygon",
        "coordinates": [
          [
            [
              100.645,
              -1.425
            ],
            [
              100.67,
              -1.425
            ],
            [
              100.67,
              -1.4
            ],
            [
              100.645,
              -1.4
            ],
            [
              100.645,
              -1.425
            ]
          ]
        ]
      }
    },
    {
      "type": "Feature",
      "properties": {
        "id": "Pesisir Selatan-1086",
        "kabupaten": "Pesisir Selatan",
        "prov": "SUMATERA BARAT",
        "depth_m": 1.9,
        "wave_order": 0.384,
        "spot_idx": 7
      },
      "geometry": {
        "type": "Polygon",
        "coordinates": [
          [
            [
              100.645,
              -1.4
            ],
            [
              100.67,
              -1.4
            ],
            [
              100.67,
              -1.375
            ],
            [
              100.645,
              -1.375
            ],
            [
              100.645,
              -1.4
            ]
          ]
        ]
      }
    },
    {
      "type": "Feature",
      "properties": {
        "id": "Pesisir Selatan-1087",
        "kabupaten": "Pesisir Selatan",
        "prov": "SUMATERA BARAT",
        "depth_m": 1.95,
        "wave_order": 0.352,
        "spot_idx": 7
      },
      "geometry": {
        "type": "Polygon",
        "coordinates": [
          [
            [
              100.645,
              -1.375
            ],
            [
              100.67,
              -1.375
            ],
            [
              100.67,
              -1.35
            ],
            [
              100.645,
              -1.35
            ],
            [
              100.645,
              -1.375
            ]
          ]
        ]
      }
    },
    {
      "type": "Feature",
      "properties": {
        "id": "Pesisir Selatan-1088",
        "kabupaten": "Pesisir Selatan",
        "prov": "SUMATERA BARAT",
        "depth_m": 2.02,
        "wave_order": 0.358,
        "spot_idx": 7
      },
      "geometry": {
        "type": "Polygon",
        "coordinates": [
          [
            [
              100.645,
              -1.35
            ],
            [
              100.67,
              -1.35
            ],
            [
              100.67,
              -1.325
            ],
            [
              100.645,
              -1.325
            ],
            [
              100.645,
              -1.35
            ]
          ]
        ]
      }
    },
    {
      "type": "Feature",
      "properties": {
        "id": "Pesisir Selatan-1089",
        "kabupaten": "Pesisir Selatan",
        "prov": "SUMATERA BARAT",
        "depth_m": 1.9,
        "wave_order": 0.333,
        "spot_idx": 7
      },
      "geometry": {
        "type": "Polygon",
        "coordinates": [
          [
            [
              100.645,
              -1.325
            ],
            [
              100.67,
              -1.325
            ],
            [
              100.67,
              -1.3
            ],
            [
              100.645,
              -1.3
            ],
            [
              100.645,
              -1.325
            ]
          ]
        ]
      }
    },
    {
      "type": "Feature",
      "properties": {
        "id": "Pesisir Selatan-1090",
        "kabupaten": "Pesisir Selatan",
        "prov": "SUMATERA BARAT",
        "depth_m": 2,
        "wave_order": 0.421,
        "spot_idx": 7
      },
      "geometry": {
        "type": "Polygon",
        "coordinates": [
          [
            [
              100.645,
              -1.3
            ],
            [
              100.67,
              -1.3
            ],
            [
              100.67,
              -1.275
            ],
            [
              100.645,
              -1.275
            ],
            [
              100.645,
              -1.3
            ]
          ]
        ]
      }
    },
    {
      "type": "Feature",
      "properties": {
        "id": "Pesisir Selatan-1091",
        "kabupaten": "Pesisir Selatan",
        "prov": "SUMATERA BARAT",
        "depth_m": 1.74,
        "wave_order": 0.399,
        "spot_idx": 7
      },
      "geometry": {
        "type": "Polygon",
        "coordinates": [
          [
            [
              100.645,
              -1.275
            ],
            [
              100.67,
              -1.275
            ],
            [
              100.67,
              -1.25
            ],
            [
              100.645,
              -1.25
            ],
            [
              100.645,
              -1.275
            ]
          ]
        ]
      }
    },
    {
      "type": "Feature",
      "properties": {
        "id": "Pesisir Selatan-1092",
        "kabupaten": "Pesisir Selatan",
        "prov": "SUMATERA BARAT",
        "depth_m": 1.88,
        "wave_order": 0.547,
        "spot_idx": 7
      },
      "geometry": {
        "type": "Polygon",
        "coordinates": [
          [
            [
              100.645,
              -1.25
            ],
            [
              100.67,
              -1.25
            ],
            [
              100.67,
              -1.225
            ],
            [
              100.645,
              -1.225
            ],
            [
              100.645,
              -1.25
            ]
          ]
        ]
      }
    },
    {
      "type": "Feature",
      "properties": {
        "id": "Pesisir Selatan-1093",
        "kabupaten": "Pesisir Selatan",
        "prov": "SUMATERA BARAT",
        "depth_m": 1.5,
        "wave_order": 0.516,
        "spot_idx": 7
      },
      "geometry": {
        "type": "Polygon",
        "coordinates": [
          [
            [
              100.645,
              -1.225
            ],
            [
              100.67,
              -1.225
            ],
            [
              100.67,
              -1.2
            ],
            [
              100.645,
              -1.2
            ],
            [
              100.645,
              -1.225
            ]
          ]
        ]
      }
    },
    {
      "type": "Feature",
      "properties": {
        "id": "Pesisir Selatan-1094",
        "kabupaten": "Pesisir Selatan",
        "prov": "SUMATERA BARAT",
        "depth_m": 1.69,
        "wave_order": 0.703,
        "spot_idx": 7
      },
      "geometry": {
        "type": "Polygon",
        "coordinates": [
          [
            [
              100.645,
              -1.2
            ],
            [
              100.67,
              -1.2
            ],
            [
              100.67,
              -1.175
            ],
            [
              100.645,
              -1.175
            ],
            [
              100.645,
              -1.2
            ]
          ]
        ]
      }
    },
    {
      "type": "Feature",
      "properties": {
        "id": "Pesisir Selatan-1095",
        "kabupaten": "Pesisir Selatan",
        "prov": "SUMATERA BARAT",
        "depth_m": 1.55,
        "wave_order": 0.734,
        "spot_idx": 7
      },
      "geometry": {
        "type": "Polygon",
        "coordinates": [
          [
            [
              100.67,
              -1.5
            ],
            [
              100.695,
              -1.5
            ],
            [
              100.695,
              -1.475
            ],
            [
              100.67,
              -1.475
            ],
            [
              100.67,
              -1.5
            ]
          ]
        ]
      }
    },
    {
      "type": "Feature",
      "properties": {
        "id": "Pesisir Selatan-1096",
        "kabupaten": "Pesisir Selatan",
        "prov": "SUMATERA BARAT",
        "depth_m": 1.48,
        "wave_order": 0.599,
        "spot_idx": 7
      },
      "geometry": {
        "type": "Polygon",
        "coordinates": [
          [
            [
              100.67,
              -1.475
            ],
            [
              100.695,
              -1.475
            ],
            [
              100.695,
              -1.45
            ],
            [
              100.67,
              -1.45
            ],
            [
              100.67,
              -1.475
            ]
          ]
        ]
      }
    },
    {
      "type": "Feature",
      "properties": {
        "id": "Pesisir Selatan-1097",
        "kabupaten": "Pesisir Selatan",
        "prov": "SUMATERA BARAT",
        "depth_m": 1.71,
        "wave_order": 0.588,
        "spot_idx": 7
      },
      "geometry": {
        "type": "Polygon",
        "coordinates": [
          [
            [
              100.67,
              -1.45
            ],
            [
              100.695,
              -1.45
            ],
            [
              100.695,
              -1.425
            ],
            [
              100.67,
              -1.425
            ],
            [
              100.67,
              -1.45
            ]
          ]
        ]
      }
    },
    {
      "type": "Feature",
      "properties": {
        "id": "Pesisir Selatan-1098",
        "kabupaten": "Pesisir Selatan",
        "prov": "SUMATERA BARAT",
        "depth_m": 1.69,
        "wave_order": 0.5,
        "spot_idx": 7
      },
      "geometry": {
        "type": "Polygon",
        "coordinates": [
          [
            [
              100.67,
              -1.425
            ],
            [
              100.695,
              -1.425
            ],
            [
              100.695,
              -1.4
            ],
            [
              100.67,
              -1.4
            ],
            [
              100.67,
              -1.425
            ]
          ]
        ]
      }
    },
    {
      "type": "Feature",
      "properties": {
        "id": "Pesisir Selatan-1099",
        "kabupaten": "Pesisir Selatan",
        "prov": "SUMATERA BARAT",
        "depth_m": 1.81,
        "wave_order": 0.476,
        "spot_idx": 7
      },
      "geometry": {
        "type": "Polygon",
        "coordinates": [
          [
            [
              100.67,
              -1.4
            ],
            [
              100.695,
              -1.4
            ],
            [
              100.695,
              -1.375
            ],
            [
              100.67,
              -1.375
            ],
            [
              100.67,
              -1.4
            ]
          ]
        ]
      }
    },
    {
      "type": "Feature",
      "properties": {
        "id": "Pesisir Selatan-1100",
        "kabupaten": "Pesisir Selatan",
        "prov": "SUMATERA BARAT",
        "depth_m": 1.84,
        "wave_order": 0.449,
        "spot_idx": 7
      },
      "geometry": {
        "type": "Polygon",
        "coordinates": [
          [
            [
              100.67,
              -1.375
            ],
            [
              100.695,
              -1.375
            ],
            [
              100.695,
              -1.35
            ],
            [
              100.67,
              -1.35
            ],
            [
              100.67,
              -1.375
            ]
          ]
        ]
      }
    },
    {
      "type": "Feature",
      "properties": {
        "id": "Pesisir Selatan-1101",
        "kabupaten": "Pesisir Selatan",
        "prov": "SUMATERA BARAT",
        "depth_m": 1.81,
        "wave_order": 0.422,
        "spot_idx": 7
      },
      "geometry": {
        "type": "Polygon",
        "coordinates": [
          [
            [
              100.67,
              -1.35
            ],
            [
              100.695,
              -1.35
            ],
            [
              100.695,
              -1.325
            ],
            [
              100.67,
              -1.325
            ],
            [
              100.67,
              -1.35
            ]
          ]
        ]
      }
    },
    {
      "type": "Feature",
      "properties": {
        "id": "Pesisir Selatan-1102",
        "kabupaten": "Pesisir Selatan",
        "prov": "SUMATERA BARAT",
        "depth_m": 1.89,
        "wave_order": 0.466,
        "spot_idx": 7
      },
      "geometry": {
        "type": "Polygon",
        "coordinates": [
          [
            [
              100.67,
              -1.325
            ],
            [
              100.695,
              -1.325
            ],
            [
              100.695,
              -1.3
            ],
            [
              100.67,
              -1.3
            ],
            [
              100.67,
              -1.325
            ]
          ]
        ]
      }
    },
    {
      "type": "Feature",
      "properties": {
        "id": "Pesisir Selatan-1103",
        "kabupaten": "Pesisir Selatan",
        "prov": "SUMATERA BARAT",
        "depth_m": 1.71,
        "wave_order": 0.442,
        "spot_idx": 7
      },
      "geometry": {
        "type": "Polygon",
        "coordinates": [
          [
            [
              100.67,
              -1.3
            ],
            [
              100.695,
              -1.3
            ],
            [
              100.695,
              -1.275
            ],
            [
              100.67,
              -1.275
            ],
            [
              100.67,
              -1.3
            ]
          ]
        ]
      }
    },
    {
      "type": "Feature",
      "properties": {
        "id": "Pesisir Selatan-1104",
        "kabupaten": "Pesisir Selatan",
        "prov": "SUMATERA BARAT",
        "depth_m": 1.83,
        "wave_order": 0.55,
        "spot_idx": 7
      },
      "geometry": {
        "type": "Polygon",
        "coordinates": [
          [
            [
              100.67,
              -1.275
            ],
            [
              100.695,
              -1.275
            ],
            [
              100.695,
              -1.25
            ],
            [
              100.67,
              -1.25
            ],
            [
              100.67,
              -1.275
            ]
          ]
        ]
      }
    },
    {
      "type": "Feature",
      "properties": {
        "id": "Pesisir Selatan-1105",
        "kabupaten": "Pesisir Selatan",
        "prov": "SUMATERA BARAT",
        "depth_m": 1.53,
        "wave_order": 0.523,
        "spot_idx": 7
      },
      "geometry": {
        "type": "Polygon",
        "coordinates": [
          [
            [
              100.67,
              -1.25
            ],
            [
              100.695,
              -1.25
            ],
            [
              100.695,
              -1.225
            ],
            [
              100.67,
              -1.225
            ],
            [
              100.67,
              -1.25
            ]
          ]
        ]
      }
    },
    {
      "type": "Feature",
      "properties": {
        "id": "Pesisir Selatan-1106",
        "kabupaten": "Pesisir Selatan",
        "prov": "SUMATERA BARAT",
        "depth_m": 1.69,
        "wave_order": 0.678,
        "spot_idx": 7
      },
      "geometry": {
        "type": "Polygon",
        "coordinates": [
          [
            [
              100.67,
              -1.225
            ],
            [
              100.695,
              -1.225
            ],
            [
              100.695,
              -1.2
            ],
            [
              100.67,
              -1.2
            ],
            [
              100.67,
              -1.225
            ]
          ]
        ]
      }
    },
    {
      "type": "Feature",
      "properties": {
        "id": "Pesisir Selatan-1107",
        "kabupaten": "Pesisir Selatan",
        "prov": "SUMATERA BARAT",
        "depth_m": 1.31,
        "wave_order": 0.642,
        "spot_idx": 7
      },
      "geometry": {
        "type": "Polygon",
        "coordinates": [
          [
            [
              100.67,
              -1.2
            ],
            [
              100.695,
              -1.2
            ],
            [
              100.695,
              -1.175
            ],
            [
              100.67,
              -1.175
            ],
            [
              100.67,
              -1.2
            ]
          ]
        ]
      }
    },
    {
      "type": "Feature",
      "properties": {
        "id": "Pesisir Selatan-1108",
        "kabupaten": "Pesisir Selatan",
        "prov": "SUMATERA BARAT",
        "depth_m": 1.28,
        "wave_order": 0.723,
        "spot_idx": 7
      },
      "geometry": {
        "type": "Polygon",
        "coordinates": [
          [
            [
              100.695,
              -1.5
            ],
            [
              100.72,
              -1.5
            ],
            [
              100.72,
              -1.475
            ],
            [
              100.695,
              -1.475
            ],
            [
              100.695,
              -1.5
            ]
          ]
        ]
      }
    },
    {
      "type": "Feature",
      "properties": {
        "id": "Pesisir Selatan-1109",
        "kabupaten": "Pesisir Selatan",
        "prov": "SUMATERA BARAT",
        "depth_m": 1.53,
        "wave_order": 0.721,
        "spot_idx": 7
      },
      "geometry": {
        "type": "Polygon",
        "coordinates": [
          [
            [
              100.695,
              -1.475
            ],
            [
              100.72,
              -1.475
            ],
            [
              100.72,
              -1.45
            ],
            [
              100.695,
              -1.45
            ],
            [
              100.695,
              -1.475
            ]
          ]
        ]
      }
    },
    {
      "type": "Feature",
      "properties": {
        "id": "Pesisir Selatan-1110",
        "kabupaten": "Pesisir Selatan",
        "prov": "SUMATERA BARAT",
        "depth_m": 1.49,
        "wave_order": 0.619,
        "spot_idx": 7
      },
      "geometry": {
        "type": "Polygon",
        "coordinates": [
          [
            [
              100.695,
              -1.45
            ],
            [
              100.72,
              -1.45
            ],
            [
              100.72,
              -1.425
            ],
            [
              100.695,
              -1.425
            ],
            [
              100.695,
              -1.45
            ]
          ]
        ]
      }
    },
    {
      "type": "Feature",
      "properties": {
        "id": "Pesisir Selatan-1111",
        "kabupaten": "Pesisir Selatan",
        "prov": "SUMATERA BARAT",
        "depth_m": 1.64,
        "wave_order": 0.604,
        "spot_idx": 7
      },
      "geometry": {
        "type": "Polygon",
        "coordinates": [
          [
            [
              100.695,
              -1.425
            ],
            [
              100.72,
              -1.425
            ],
            [
              100.72,
              -1.4
            ],
            [
              100.695,
              -1.4
            ],
            [
              100.695,
              -1.425
            ]
          ]
        ]
      }
    },
    {
      "type": "Feature",
      "properties": {
        "id": "Pesisir Selatan-1112",
        "kabupaten": "Pesisir Selatan",
        "prov": "SUMATERA BARAT",
        "depth_m": 1.65,
        "wave_order": 0.552,
        "spot_idx": 7
      },
      "geometry": {
        "type": "Polygon",
        "coordinates": [
          [
            [
              100.695,
              -1.4
            ],
            [
              100.72,
              -1.4
            ],
            [
              100.72,
              -1.375
            ],
            [
              100.695,
              -1.375
            ],
            [
              100.695,
              -1.4
            ]
          ]
        ]
      }
    },
    {
      "type": "Feature",
      "properties": {
        "id": "Pesisir Selatan-1113",
        "kabupaten": "Pesisir Selatan",
        "prov": "SUMATERA BARAT",
        "depth_m": 1.69,
        "wave_order": 0.53,
        "spot_idx": 7
      },
      "geometry": {
        "type": "Polygon",
        "coordinates": [
          [
            [
              100.695,
              -1.375
            ],
            [
              100.72,
              -1.375
            ],
            [
              100.72,
              -1.35
            ],
            [
              100.695,
              -1.35
            ],
            [
              100.695,
              -1.375
            ]
          ]
        ]
      }
    },
    {
      "type": "Feature",
      "properties": {
        "id": "Pesisir Selatan-1114",
        "kabupaten": "Pesisir Selatan",
        "prov": "SUMATERA BARAT",
        "depth_m": 1.74,
        "wave_order": 0.537,
        "spot_idx": 7
      },
      "geometry": {
        "type": "Polygon",
        "coordinates": [
          [
            [
              100.695,
              -1.35
            ],
            [
              100.72,
              -1.35
            ],
            [
              100.72,
              -1.325
            ],
            [
              100.695,
              -1.325
            ],
            [
              100.695,
              -1.35
            ]
          ]
        ]
      }
    },
    {
      "type": "Feature",
      "properties": {
        "id": "Pesisir Selatan-1115",
        "kabupaten": "Pesisir Selatan",
        "prov": "SUMATERA BARAT",
        "depth_m": 1.65,
        "wave_order": 0.515,
        "spot_idx": 7
      },
      "geometry": {
        "type": "Polygon",
        "coordinates": [
          [
            [
              100.695,
              -1.325
            ],
            [
              100.72,
              -1.325
            ],
            [
              100.72,
              -1.3
            ],
            [
              100.695,
              -1.3
            ],
            [
              100.695,
              -1.325
            ]
          ]
        ]
      }
    },
    {
      "type": "Feature",
      "properties": {
        "id": "Pesisir Selatan-1116",
        "kabupaten": "Pesisir Selatan",
        "prov": "SUMATERA BARAT",
        "depth_m": 1.74,
        "wave_order": 0.582,
        "spot_idx": 7
      },
      "geometry": {
        "type": "Polygon",
        "coordinates": [
          [
            [
              100.695,
              -1.3
            ],
            [
              100.72,
              -1.3
            ],
            [
              100.72,
              -1.275
            ],
            [
              100.695,
              -1.275
            ],
            [
              100.695,
              -1.3
            ]
          ]
        ]
      }
    },
    {
      "type": "Feature",
      "properties": {
        "id": "Pesisir Selatan-1117",
        "kabupaten": "Pesisir Selatan",
        "prov": "SUMATERA BARAT",
        "depth_m": 1.52,
        "wave_order": 0.559,
        "spot_idx": 7
      },
      "geometry": {
        "type": "Polygon",
        "coordinates": [
          [
            [
              100.695,
              -1.275
            ],
            [
              100.72,
              -1.275
            ],
            [
              100.72,
              -1.25
            ],
            [
              100.695,
              -1.25
            ],
            [
              100.695,
              -1.275
            ]
          ]
        ]
      }
    },
    {
      "type": "Feature",
      "properties": {
        "id": "Pesisir Selatan-1118",
        "kabupaten": "Pesisir Selatan",
        "prov": "SUMATERA BARAT",
        "depth_m": 1.65,
        "wave_order": 0.678,
        "spot_idx": 7
      },
      "geometry": {
        "type": "Polygon",
        "coordinates": [
          [
            [
              100.695,
              -1.25
            ],
            [
              100.72,
              -1.25
            ],
            [
              100.72,
              -1.225
            ],
            [
              100.695,
              -1.225
            ],
            [
              100.695,
              -1.25
            ]
          ]
        ]
      }
    },
    {
      "type": "Feature",
      "properties": {
        "id": "Pesisir Selatan-1119",
        "kabupaten": "Pesisir Selatan",
        "prov": "SUMATERA BARAT",
        "depth_m": 1.34,
        "wave_order": 0.65,
        "spot_idx": 7
      },
      "geometry": {
        "type": "Polygon",
        "coordinates": [
          [
            [
              100.695,
              -1.225
            ],
            [
              100.72,
              -1.225
            ],
            [
              100.72,
              -1.2
            ],
            [
              100.695,
              -1.2
            ],
            [
              100.695,
              -1.225
            ]
          ]
        ]
      }
    },
    {
      "type": "Feature",
      "properties": {
        "id": "Pesisir Selatan-1120",
        "kabupaten": "Pesisir Selatan",
        "prov": "SUMATERA BARAT",
        "depth_m": 1.49,
        "wave_order": 0.805,
        "spot_idx": 7
      },
      "geometry": {
        "type": "Polygon",
        "coordinates": [
          [
            [
              100.695,
              -1.2
            ],
            [
              100.72,
              -1.2
            ],
            [
              100.72,
              -1.175
            ],
            [
              100.695,
              -1.175
            ],
            [
              100.695,
              -1.2
            ]
          ]
        ]
      }
    }
  ]
}