{"type":"FeatureCollection","features":[{"type":"Feature","id":1,"properties":{"ntl_value":0.502,"nmkab":"ACEH BESAR","nmprov":"ACEH","label":"sebelum"},"geometry":{"type":"Polygon","coordinates":[[[95.24,5.2],[95.32,5.2],[95.32,5.28],[95.24,5.28],[95.24,5.2]]]}},{"type":"Feature","id":2,"properties":{"ntl_value":0.475,"nmkab":"ACEH BESAR","nmprov":"ACEH","label":"sebelum"},"geometry":{"type":"Polygon","coordinates":[[[95.24,5.28],[95.32,5.28],[95.32,5.36],[95.24,5.36],[95.24,5.28]]]}},{"type":"Feature","id":3,"properties":{"ntl_value":0.608,"nmkab":"ACEH BESAR","nmprov":"ACEH","label":"sebelum"},"geometry":{"type":"Polygon","coordinates":[[[95.24,5.36],[95.32,5.36],[95.32,5.44],[95.24,5.44],[95.24,5.36]]]}},{"type":"Feature","id":4,"properties":{"ntl_value":0.47,"nmkab":"ACEH BESAR","nmprov":"ACEH","label":"sebelum"},"geometry":{"type":"Polygon","coordinates":[[[95.24,5.44],[95.32,5.44],[95.32,5.52],[95.24,5.52],[95.24,5.44]]]}},{"type":"Feature","id":5,"properties":{"ntl_value":0.553,"nmkab":"SABANG","nmprov":"ACEH","label":"sebelum"},"geometry":{"type":"Polygon","coordinates":[[[95.24,5.76],[95.32,5.76],[95.32,5.84],[95.24,5.84],[95.24,5.76]]]}},{"type":"Feature","id":6,"properties":{"ntl_value":0.473,"nmkab":"ACEH JAYA","nmprov":"ACEH","label":"sebelum"},"geometry":{"type":"Polygon","coordinates":[[[95.32,4.96],[95.4,4.96],[95.4,5.04],[95.32,5.04],[95.32,4.96]]]}},{"type":"Feature","id":7,"properties":{"ntl_value":0.479,"nmkab":"ACEH JAYA","nmprov":"ACEH","label":"sebelum"},"geometry":{"type":"Polygon","coordinates":[[[95.32,5.04],[95.4,5.04],[95.4,5.12],[95.32,5.12],[95.32,5.04]]]}},{"type":"Feature","id":8,"properties":{"ntl_value":0.528,"nmkab":"ACEH JAYA","nmprov":"ACEH","label":"sebelum"},"geometry":{"type":"Polygon","coordinates":[[[95.32,5.12],[95.4,5.12],[95.4,5.2],[95.32,5.2],[95.32,5.12]]]}},{"type":"Feature","id":9,"properties":{"ntl_value":0.542,"nmkab":"ACEH JAYA","nmprov":"ACEH","label":"sebelum"},"geometry":{"type":"Polygon","coordinates":[[[95.32,5.2],[95.4,5.2],[95.4,5.28],[95.32,5.28],[95.32,5.2]]]}},{"type":"Feature","id":10,"properties":{"ntl_value":0.495,"nmkab":"ACEH BESAR","nmprov":"ACEH","label":"sebelum"},"geometry":{"type":"Polygon","coordinates":[[[95.32,5.28],[95.4,5.28],[95.4,5.36],[95.32,5.36],[95.32,5.28]]]}},{"type":"Feature","id":11,"properties":{"ntl_value":0.513,"nmkab":"ACEH BESAR","nmprov":"ACEH","label":"sebelum"},"geometry":{"type":"Polygon","coordinates":[[[95.32,5.36],[95.4,5.36],[95.4,5.44],[95.32,5.44],[95.32,5.36]]]}},{"type":"Feature","id":12,"properties":{"ntl_value":0.574,"nmkab":"ACEH BESAR","nmprov":"ACEH","label":"sebelum"},"geometry":{"type":"Polygon","coordinates":[[[95.32,5.44],[95.4,5.44],[95.4,5.52],[95.32,5.52],[95.32,5.44]]]}},{"type":"Feature","id":13,"properties":{"ntl_value":0.606,"nmkab":"ACEH BESAR","nmprov":"ACEH","label":"sebelum"},"geometry":{"type":"Polygon","coordinates":[[[95.32,5.52],[95.4,5.52],[95.4,5.6],[95.32,5.6],[95.32,5.52]]]}},{"type":"Feature","id":14,"properties":{"ntl_value":0.544,"nmkab":"ACEH JAYA","nmprov":"ACEH","label":"sebelum"},"geometry":{"type":"Polygon","coordinates":[[[95.4,4.8],[95.48,4.8],[95.48,4.88],[95.4,4.88],[95.4,4.8]]]}},{"type":"Feature","id":15,"properties":{"ntl_value":0.479,"nmkab":"ACEH JAYA","nmprov":"ACEH","label":"sebelum"},"geometry":{"type":"Polygon","coordinates":[[[95.4,4.88],[95.48,4.88],[95.48,4.96],[95.4,4.96],[95.4,4.88]]]}},{"type":"Feature","id":16,"properties":{"ntl_value":0.482,"nmkab":"ACEH JAYA","nmprov":"ACEH","label":"sebelum"},"geometry":{"type":"Polygon","coordinates":[[[95.4,4.96],[95.48,4.96],[95.48,5.04],[95.4,5.04],[95.4,4.96]]]}},{"type":"Feature","id":17,"properties":{"ntl_value":0.465,"nmkab":"ACEH JAYA","nmprov":"ACEH","label":"sebelum"},"geometry":{"type":"Polygon","coordinates":[[[95.4,5.04],[95.48,5.04],[95.48,5.12],[95.4,5.12],[95.4,5.04]]]}},{"type":"Feature","id":18,"properties":{"ntl_value":0.489,"nmkab":"ACEH JAYA","nmprov":"ACEH","label":"sebelum"},"geometry":{"type":"Polygon","coordinates":[[[95.4,5.12],[95.48,5.12],[95.48,5.2],[95.4,5.2],[95.4,5.12]]]}},{"type":"Feature","id":19,"properties":{"ntl_value":0.514,"nmkab":"ACEH BESAR","nmprov":"ACEH","label":"sebelum"},"geometry":{"type":"Polygon","coordinates":[[[95.4,5.2],[95.48,5.2],[95.48,5.28],[95.4,5.28],[95.4,5.2]]]}},{"type":"Feature","id":20,"properties":{"ntl_value":0.5,"nmkab":"ACEH BESAR","nmprov":"ACEH","label":"sebelum"},"geometry":{"type":"Polygon","coordinates":[[[95.4,5.28],[95.48,5.28],[95.48,5.36],[95.4,5.36],[95.4,5.28]]]}},{"type":"Feature","id":21,"properties":{"ntl_value":0.555,"nmkab":"ACEH BESAR","nmprov":"ACEH","label":"sebelum"},"geometry":{"type":"Polygon","coordinates":[[[95.4,5.36],[95.48,5.36],[95.48,5.44],[95.4,5.44],[95.4,5.36]]]}},{"type":"Feature","id":22,"properties":{"ntl_value":0.587,"nmkab":"ACEH BESAR","nmprov":"ACEH","label":"sebelum"},"geometry":{"type":"Polygon","coordinates":[[[95.4,5.44],[95.48,5.44],[95.48,5.52],[95.4,5.52],[95.4,5.44]]]}},{"type":"Feature","id":23,"properties":{"ntl_value":0.504,"nmkab":"ACEH BESAR","nmprov":"ACEH","label":"sebelum"},"geometry":{"type":"Polygon","coordinates":[[[95.4,5.52],[95.48,5.52],[95.48,5.6],[95.4,5.6],[95.4,5.52]]]}},{"type":"Feature","id":24,"properties":{"ntl_value":0.51,"nmkab":"ACEH BESAR","nmprov":"ACEH","label":"sebelum"},"geometry":{"type":"Polygon","coordinates":[[[95.4,5.6],[95.48,5.6],[95.48,5.68],[95.4,5.68],[95.4,5.6]]]}},{"type":"Feature","id":25,"properties":{"ntl_value":0.469,"nmkab":"ACEH JAYA","nmprov":"ACEH","label":"sebelum"},"geometry":{"type":"Polygon","coordinates":[[[95.48,4.72],[95.56,4.72],[95.56,4.8],[95.48,4.8],[95.48,4.72]]]}},{"type":"Feature","id":26,"properties":{"ntl_value":0.418,"nmkab":"ACEH JAYA","nmprov":"ACEH","label":"sebelum"},"geometry":{"type":"Polygon","coordinates":[[[95.48,4.8],[95.56,4.8],[95.56,4.88],[95.48,4.88],[95.48,4.8]]]}},{"type":"Feature","id":27,"properties":{"ntl_value":0.565,"nmkab":"ACEH JAYA","nmprov":"ACEH","label":"sebelum"},"geometry":{"type":"Polygon","coordinates":[[[95.48,4.88],[95.56,4.88],[95.56,4.96],[95.48,4.96],[95.48,4.88]]]}},{"type":"Feature","id":28,"properties":{"ntl_value":0.454,"nmkab":"ACEH JAYA","nmprov":"ACEH","label":"sebelum"},"geometry":{"type":"Polygon","coordinates":[[[95.48,4.96],[95.56,4.96],[95.56,5.04],[95.48,5.04],[95.48,4.96]]]}},{"type":"Feature","id":29,"properties":{"ntl_value":0.524,"nmkab":"ACEH JAYA","nmprov":"ACEH","label":"sebelum"},"geometry":{"type":"Polygon","coordinates":[[[95.48,5.04],[95.56,5.04],[95.56,5.12],[95.48,5.12],[95.48,5.04]]]}},{"type":"Feature","id":30,"properties":{"ntl_value":0.464,"nmkab":"ACEH JAYA","nmprov":"ACEH","label":"sebelum"},"geometry":{"type":"Polygon","coordinates":[[[95.48,5.12],[95.56,5.12],[95.56,5.2],[95.48,5.2],[95.48,5.12]]]}},{"type":"Feature","id":31,"properties":{"ntl_value":0.61,"nmkab":"ACEH BESAR","nmprov":"ACEH","label":"sebelum"},"geometry":{"type":"Polygon","coordinates":[[[95.48,5.2],[95.56,5.2],[95.56,5.28],[95.48,5.28],[95.48,5.2]]]}},{"type":"Feature","id":32,"properties":{"ntl_value":0.547,"nmkab":"ACEH BESAR","nmprov":"ACEH","label":"sebelum"},"geometry":{"type":"Polygon","coordinates":[[[95.48,5.28],[95.56,5.28],[95.56,5.36],[95.48,5.36],[95.48,5.28]]]}},{"type":"Feature","id":33,"properties":{"ntl_value":0.606,"nmkab":"ACEH BESAR","nmprov":"ACEH","label":"sebelum"},"geometry":{"type":"Polygon","coordinates":[[[95.48,5.36],[95.56,5.36],[95.56,5.44],[95.48,5.44],[95.48,5.36]]]}},{"type":"Feature","id":34,"properties":{"ntl_value":0.615,"nmkab":"ACEH BESAR","nmprov":"ACEH","label":"sebelum"},"geometry":{"type":"Polygon","coordinates":[[[95.48,5.44],[95.56,5.44],[95.56,5.52],[95.48,5.52],[95.48,5.44]]]}},{"type":"Feature","id":35,"properties":{"ntl_value":0.552,"nmkab":"ACEH BESAR","nmprov":"ACEH","label":"sebelum"},"geometry":{"type":"Polygon","coordinates":[[[95.48,5.52],[95.56,5.52],[95.56,5.6],[95.48,5.6],[95.48,5.52]]]}},{"type":"Feature","id":36,"properties":{"ntl_value":0.521,"nmkab":"ACEH JAYA","nmprov":"ACEH","label":"sebelum"},"geometry":{"type":"Polygon","coordinates":[[[95.56,4.64],[95.64,4.64],[95.64,4.72],[95.56,4.72],[95.56,4.64]]]}},{"type":"Feature","id":37,"properties":{"ntl_value":0.476,"nmkab":"ACEH JAYA","nmprov":"ACEH","label":"sebelum"},"geometry":{"type":"Polygon","coordinates":[[[95.56,4.72],[95.64,4.72],[95.64,4.8],[95.56,4.8],[95.56,4.72]]]}},{"type":"Feature","id":38,"properties":{"ntl_value":0.447,"nmkab":"ACEH JAYA","nmprov":"ACEH","label":"sebelum"},"geometry":{"type":"Polygon","coordinates":[[[95.56,4.8],[95.64,4.8],[95.64,4.88],[95.56,4.88],[95.56,4.8]]]}},{"type":"Feature","id":39,"properties":{"ntl_value":0.516,"nmkab":"ACEH JAYA","nmprov":"ACEH","label":"sebelum"},"geometry":{"type":"Polygon","coordinates":[[[95.56,4.88],[95.64,4.88],[95.64,4.96],[95.56,4.96],[95.56,4.88]]]}},{"type":"Feature","id":40,"properties":{"ntl_value":0.461,"nmkab":"ACEH JAYA","nmprov":"ACEH","label":"sebelum"},"geometry":{"type":"Polygon","coordinates":[[[95.56,4.96],[95.64,4.96],[95.64,5.04],[95.56,5.04],[95.56,4.96]]]}},{"type":"Feature","id":41,"properties":{"ntl_value":0.513,"nmkab":"ACEH JAYA","nmprov":"ACEH","label":"sebelum"},"geometry":{"type":"Polygon","coordinates":[[[95.56,5.04],[95.64,5.04],[95.64,5.12],[95.56,5.12],[95.56,5.04]]]}},{"type":"Feature","id":42,"properties":{"ntl_value":0.449,"nmkab":"ACEH JAYA","nmprov":"ACEH","label":"sebelum"},"geometry":{"type":"Polygon","coordinates":[[[95.56,5.12],[95.64,5.12],[95.64,5.2],[95.56,5.2],[95.56,5.12]]]}},{"type":"Feature","id":43,"properties":{"ntl_value":0.543,"nmkab":"ACEH BESAR","nmprov":"ACEH","label":"sebelum"},"geometry":{"type":"Polygon","coordinates":[[[95.56,5.2],[95.64,5.2],[95.64,5.28],[95.56,5.28],[95.56,5.2]]]}},{"type":"Feature","id":44,"properties":{"ntl_value":0.47,"nmkab":"ACEH BESAR","nmprov":"ACEH","label":"sebelum"},"geometry":{"type":"Polygon","coordinates":[[[95.56,5.28],[95.64,5.28],[95.64,5.36],[95.56,5.36],[95.56,5.28]]]}},{"type":"Feature","id":45,"properties":{"ntl_value":0.504,"nmkab":"ACEH BESAR","nmprov":"ACEH","label":"sebelum"},"geometry":{"type":"Polygon","coordinates":[[[95.56,5.36],[95.64,5.36],[95.64,5.44],[95.56,5.44],[95.56,5.36]]]}},{"type":"Feature","id":46,"properties":{"ntl_value":0.565,"nmkab":"ACEH BESAR","nmprov":"ACEH","label":"sebelum"},"geometry":{"type":"Polygon","coordinates":[[[95.56,5.44],[95.64,5.44],[95.64,5.52],[95.56,5.52],[95.56,5.44]]]}},{"type":"Feature","id":47,"properties":{"ntl_value":0.573,"nmkab":"ACEH BESAR","nmprov":"ACEH","label":"sebelum"},"geometry":{"type":"Polygon","coordinates":[[[95.56,5.52],[95.64,5.52],[95.64,5.6],[95.56,5.6],[95.56,5.52]]]}},{"type":"Feature","id":48,"properties":{"ntl_value":0.524,"nmkab":"ACEH JAYA","nmprov":"ACEH","label":"sebelum"},"geometry":{"type":"Polygon","coordinates":[[[95.64,4.56],[95.72,4.56],[95.72,4.64],[95.64,4.64],[95.64,4.56]]]}},{"type":"Feature","id":49,"properties":{"ntl_value":0.425,"nmkab":"ACEH JAYA","nmprov":"ACEH","label":"sebelum"},"geometry":{"type":"Polygon","coordinates":[[[95.64,4.64],[95.72,4.64],[95.72,4.72],[95.64,4.72],[95.64,4.64]]]}},{"type":"Feature","id":50,"properties":{"ntl_value":0.533,"nmkab":"ACEH JAYA","nmprov":"ACEH","label":"sebelum"},"geometry":{"type":"Polygon","coordinates":[[[95.64,4.72],[95.72,4.72],[95.72,4.8],[95.64,4.8],[95.64,4.72]]]}},{"type":"Feature","id":51,"properties":{"ntl_value":0.485,"nmkab":"ACEH JAYA","nmprov":"ACEH","label":"sebelum"},"geometry":{"type":"Polygon","coordinates":[[[95.64,4.8],[95.72,4.8],[95.72,4.88],[95.64,4.88],[95.64,4.8]]]}},{"type":"Feature","id":52,"properties":{"ntl_value":0.517,"nmkab":"ACEH JAYA","nmprov":"ACEH","label":"sebelum"},"geometry":{"type":"Polygon","coordinates":[[[95.64,4.88],[95.72,4.88],[95.72,4.96],[95.64,4.96],[95.64,4.88]]]}},{"type":"Feature","id":53,"properties":{"ntl_value":0.417,"nmkab":"ACEH JAYA","nmprov":"ACEH","label":"sebelum"},"geometry":{"type":"Polygon","coordinates":[[[95.64,4.96],[95.72,4.96],[95.72,5.04],[95.64,5.04],[95.64,4.96]]]}},{"type":"Feature","id":54,"properties":{"ntl_value":0.473,"nmkab":"ACEH BESAR","nmprov":"ACEH","label":"sebelum"},"geometry":{"type":"Polygon","coordinates":[[[95.64,5.04],[95.72,5.04],[95.72,5.12],[95.64,5.12],[95.64,5.04]]]}},{"type":"Feature","id":55,"properties":{"ntl_value":0.526,"nmkab":"ACEH BESAR","nmprov":"ACEH","label":"sebelum"},"geometry":{"type":"Polygon","coordinates":[[[95.64,5.12],[95.72,5.12],[95.72,5.2],[95.64,5.2],[95.64,5.12]]]}},{"type":"Feature","id":56,"properties":{"ntl_value":0.567,"nmkab":"ACEH BESAR","nmprov":"ACEH","label":"sebelum"},"geometry":{"type":"Polygon","coordinates":[[[95.64,5.2],[95.72,5.2],[95.72,5.28],[95.64,5.28],[95.64,5.2]]]}},{"type":"Feature","id":57,"properties":{"ntl_value":0.537,"nmkab":"ACEH BESAR","nmprov":"ACEH","label":"sebelum"},"geometry":{"type":"Polygon","coordinates":[[[95.64,5.28],[95.72,5.28],[95.72,5.36],[95.64,5.36],[95.64,5.28]]]}},{"type":"Feature","id":58,"properties":{"ntl_value":0.528,"nmkab":"ACEH BESAR","nmprov":"ACEH","label":"sebelum"},"geometry":{"type":"Polygon","coordinates":[[[95.64,5.36],[95.72,5.36],[95.72,5.44],[95.64,5.44],[95.64,5.36]]]}},{"type":"Feature","id":59,"properties":{"ntl_value":0.483,"nmkab":"ACEH BESAR","nmprov":"ACEH","label":"sebelum"},"geometry":{"type":"Polygon","coordinates":[[[95.64,5.44],[95.72,5.44],[95.72,5.52],[95.64,5.52],[95.64,5.44]]]}},{"type":"Feature","id":60,"properties":{"ntl_value":0.496,"nmkab":"ACEH BESAR","nmprov":"ACEH","label":"sebelum"},"geometry":{"type":"Polygon","coordinates":[[[95.64,5.52],[95.72,5.52],[95.72,5.6],[95.64,5.6],[95.64,5.52]]]}},{"type":"Feature","id":61,"properties":{"ntl_value":0.455,"nmkab":"SIMEULUE","nmprov":"ACEH","label":"sebelum"},"geometry":{"type":"Polygon","coordinates":[[[95.72,2.72],[95.8,2.72],[95.8,2.8],[95.72,2.8],[95.72,2.72]]]}},{"type":"Feature","id":62,"properties":{"ntl_value":0.499,"nmkab":"ACEH JAYA","nmprov":"ACEH","label":"sebelum"},"geometry":{"type":"Polygon","coordinates":[[[95.72,4.48],[95.8,4.48],[95.8,4.56],[95.72,4.56],[95.72,4.48]]]}},{"type":"Feature","id":63,"properties":{"ntl_value":0.437,"nmkab":"ACEH JAYA","nmprov":"ACEH","label":"sebelum"},"geometry":{"type":"Polygon","coordinates":[[[95.72,4.56],[95.8,4.56],[95.8,4.64],[95.72,4.64],[95.72,4.56]]]}},{"type":"Feature","id":64,"properties":{"ntl_value":0.471,"nmkab":"ACEH JAYA","nmprov":"ACEH","label":"sebelum"},"geometry":{"type":"Polygon","coordinates":[[[95.72,4.64],[95.8,4.64],[95.8,4.72],[95.72,4.72],[95.72,4.64]]]}},{"type":"Feature","id":65,"properties":{"ntl_value":0.453,"nmkab":"ACEH JAYA","nmprov":"ACEH","label":"sebelum"},"geometry":{"type":"Polygon","coordinates":[[[95.72,4.72],[95.8,4.72],[95.8,4.8],[95.72,4.8],[95.72,4.72]]]}},{"type":"Feature","id":66,"properties":{"ntl_value":0.537,"nmkab":"ACEH JAYA","nmprov":"ACEH","label":"sebelum"},"geometry":{"type":"Polygon","coordinates":[[[95.72,4.8],[95.8,4.8],[95.8,4.88],[95.72,4.88],[95.72,4.8]]]}},{"type":"Feature","id":67,"properties":{"ntl_value":0.429,"nmkab":"ACEH JAYA","nmprov":"ACEH","label":"sebelum"},"geometry":{"type":"Polygon","coordinates":[[[95.72,4.88],[95.8,4.88],[95.8,4.96],[95.72,4.96],[95.72,4.88]]]}},{"type":"Feature","id":68,"properties":{"ntl_value":0.44,"nmkab":"ACEH JAYA","nmprov":"ACEH","label":"sebelum"},"geometry":{"type":"Polygon","coordinates":[[[95.72,4.96],[95.8,4.96],[95.8,5.04],[95.72,5.04],[95.72,4.96]]]}},{"type":"Feature","id":69,"properties":{"ntl_value":0.48,"nmkab":"ACEH BESAR","nmprov":"ACEH","label":"sebelum"},"geometry":{"type":"Polygon","coordinates":[[[95.72,5.04],[95.8,5.04],[95.8,5.12],[95.72,5.12],[95.72,5.04]]]}},{"type":"Feature","id":70,"properties":{"ntl_value":0.613,"nmkab":"ACEH BESAR","nmprov":"ACEH","label":"sebelum"},"geometry":{"type":"Polygon","coordinates":[[[95.72,5.12],[95.8,5.12],[95.8,5.2],[95.72,5.2],[95.72,5.12]]]}},{"type":"Feature","id":71,"properties":{"ntl_value":0.606,"nmkab":"ACEH BESAR","nmprov":"ACEH","label":"sebelum"},"geometry":{"type":"Polygon","coordinates":[[[95.72,5.2],[95.8,5.2],[95.8,5.28],[95.72,5.28],[95.72,5.2]]]}},{"type":"Feature","id":72,"properties":{"ntl_value":0.333,"nmkab":"PIDIE","nmprov":"ACEH","label":"sebelum"},"geometry":{"type":"Polygon","coordinates":[[[95.72,5.28],[95.8,5.28],[95.8,5.36],[95.72,5.36],[95.72,5.28]]]}},{"type":"Feature","id":73,"properties":{"ntl_value":0.547,"nmkab":"ACEH BESAR","nmprov":"ACEH","label":"sebelum"},"geometry":{"type":"Polygon","coordinates":[[[95.72,5.36],[95.8,5.36],[95.8,5.44],[95.72,5.44],[95.72,5.36]]]}},{"type":"Feature","id":74,"properties":{"ntl_value":0.394,"nmkab":"PIDIE","nmprov":"ACEH","label":"sebelum"},"geometry":{"type":"Polygon","coordinates":[[[95.72,5.44],[95.8,5.44],[95.8,5.52],[95.72,5.52],[95.72,5.44]]]}},{"type":"Feature","id":75,"properties":{"ntl_value":0.334,"nmkab":"PIDIE","nmprov":"ACEH","label":"sebelum"},"geometry":{"type":"Polygon","coordinates":[[[95.72,5.52],[95.8,5.52],[95.8,5.6],[95.72,5.6],[95.72,5.52]]]}},{"type":"Feature","id":76,"properties":{"ntl_value":0.478,"nmkab":"SIMEULUE","nmprov":"ACEH","label":"sebelum"},"geometry":{"type":"Polygon","coordinates":[[[95.8,2.64],[95.88,2.64],[95.88,2.72],[95.8,2.72],[95.8,2.64]]]}},{"type":"Feature","id":77,"properties":{"ntl_value":0.373,"nmkab":"SIMEULUE","nmprov":"ACEH","label":"sebelum"},"geometry":{"type":"Polygon","coordinates":[[[95.8,2.72],[95.88,2.72],[95.88,2.8],[95.8,2.8],[95.8,2.72]]]}},{"type":"Feature","id":78,"properties":{"ntl_value":0.366,"nmkab":"SIMEULUE","nmprov":"ACEH","label":"sebelum"},"geometry":{"type":"Polygon","coordinates":[[[95.8,2.8],[95.88,2.8],[95.88,2.88],[95.8,2.88],[95.8,2.8]]]}},{"type":"Feature","id":79,"properties":{"ntl_value":0.432,"nmkab":"ACEH JAYA","nmprov":"ACEH","label":"sebelum"},"geometry":{"type":"Polygon","coordinates":[[[95.8,4.4],[95.88,4.4],[95.88,4.48],[95.8,4.48],[95.8,4.4]]]}},{"type":"Feature","id":80,"properties":{"ntl_value":0.449,"nmkab":"ACEH JAYA","nmprov":"ACEH","label":"sebelum"},"geometry":{"type":"Polygon","coordinates":[[[95.8,4.48],[95.88,4.48],[95.88,4.56],[95.8,4.56],[95.8,4.48]]]}},{"type":"Feature","id":81,"properties":{"ntl_value":0.469,"nmkab":"ACEH JAYA","nmprov":"ACEH","label":"sebelum"},"geometry":{"type":"Polygon","coordinates":[[[95.8,4.56],[95.88,4.56],[95.88,4.64],[95.8,4.64],[95.8,4.56]]]}},{"type":"Feature","id":82,"properties":{"ntl_value":0.556,"nmkab":"ACEH JAYA","nmprov":"ACEH","label":"sebelum"},"geometry":{"type":"Polygon","coordinates":[[[95.8,4.64],[95.88,4.64],[95.88,4.72],[95.8,4.72],[95.8,4.64]]]}},{"type":"Feature","id":83,"properties":{"ntl_value":0.48,"nmkab":"ACEH JAYA","nmprov":"ACEH","label":"sebelum"},"geometry":{"type":"Polygon","coordinates":[[[95.8,4.72],[95.88,4.72],[95.88,4.8],[95.8,4.8],[95.8,4.72]]]}},{"type":"Feature","id":84,"properties":{"ntl_value":0.457,"nmkab":"ACEH JAYA","nmprov":"ACEH","label":"sebelum"},"geometry":{"type":"Polygon","coordinates":[[[95.8,4.8],[95.88,4.8],[95.88,4.88],[95.8,4.88],[95.8,4.8]]]}},{"type":"Feature","id":85,"properties":{"ntl_value":0.559,"nmkab":"ACEH JAYA","nmprov":"ACEH","label":"sebelum"},"geometry":{"type":"Polygon","coordinates":[[[95.8,4.88],[95.88,4.88],[95.88,4.96],[95.8,4.96],[95.8,4.88]]]}},{"type":"Feature","id":86,"properties":{"ntl_value":0.462,"nmkab":"PIDIE","nmprov":"ACEH","label":"sebelum"},"geometry":{"type":"Polygon","coordinates":[[[95.8,4.96],[95.88,4.96],[95.88,5.04],[95.8,5.04],[95.8,4.96]]]}},{"type":"Feature","id":87,"properties":{"ntl_value":0.427,"nmkab":"PIDIE","nmprov":"ACEH","label":"sebelum"},"geometry":{"type":"Polygon","coordinates":[[[95.8,5.04],[95.88,5.04],[95.88,5.12],[95.8,5.12],[95.8,5.04]]]}},{"type":"Feature","id":88,"properties":{"ntl_value":0.435,"nmkab":"PIDIE","nmprov":"ACEH","label":"sebelum"},"geometry":{"type":"Polygon","coordinates":[[[95.8,5.12],[95.88,5.12],[95.88,5.2],[95.8,5.2],[95.8,5.12]]]}},{"type":"Feature","id":89,"properties":{"ntl_value":0.411,"nmkab":"PIDIE","nmprov":"ACEH","label":"sebelum"},"geometry":{"type":"Polygon","coordinates":[[[95.8,5.2],[95.88,5.2],[95.88,5.28],[95.8,5.28],[95.8,5.2]]]}},{"type":"Feature","id":90,"properties":{"ntl_value":0.433,"nmkab":"PIDIE","nmprov":"ACEH","label":"sebelum"},"geometry":{"type":"Polygon","coordinates":[[[95.8,5.28],[95.88,5.28],[95.88,5.36],[95.8,5.36],[95.8,5.28]]]}},{"type":"Feature","id":91,"properties":{"ntl_value":0.429,"nmkab":"PIDIE","nmprov":"ACEH","label":"sebelum"},"geometry":{"type":"Polygon","coordinates":[[[95.8,5.36],[95.88,5.36],[95.88,5.44],[95.8,5.44],[95.8,5.36]]]}},{"type":"Feature","id":92,"properties":{"ntl_value":0.329,"nmkab":"PIDIE","nmprov":"ACEH","label":"sebelum"},"geometry":{"type":"Polygon","coordinates":[[[95.8,5.44],[95.88,5.44],[95.88,5.52],[95.8,5.52],[95.8,5.44]]]}},{"type":"Feature","id":93,"properties":{"ntl_value":0.39,"nmkab":"SIMEULUE","nmprov":"ACEH","label":"sebelum"},"geometry":{"type":"Polygon","coordinates":[[[95.88,2.56],[95.96,2.56],[95.96,2.64],[95.88,2.64],[95.88,2.56]]]}},{"type":"Feature","id":94,"properties":{"ntl_value":0.433,"nmkab":"SIMEULUE","nmprov":"ACEH","label":"sebelum"},"geometry":{"type":"Polygon","coordinates":[[[95.88,2.64],[95.96,2.64],[95.96,2.72],[95.88,2.72],[95.88,2.64]]]}},{"type":"Feature","id":95,"properties":{"ntl_value":0.38,"nmkab":"SIMEULUE","nmprov":"ACEH","label":"sebelum"},"geometry":{"type":"Polygon","coordinates":[[[95.88,2.72],[95.96,2.72],[95.96,2.8],[95.88,2.8],[95.88,2.72]]]}},{"type":"Feature","id":96,"properties":{"ntl_value":0.335,"nmkab":"SIMEULUE","nmprov":"ACEH","label":"sebelum"},"geometry":{"type":"Polygon","coordinates":[[[95.88,2.8],[95.96,2.8],[95.96,2.88],[95.88,2.88],[95.88,2.8]]]}},{"type":"Feature","id":97,"properties":{"ntl_value":0.493,"nmkab":"ACEH BARAT","nmprov":"ACEH","label":"sebelum"},"geometry":{"type":"Polygon","coordinates":[[[95.88,4.32],[95.96,4.32],[95.96,4.4],[95.88,4.4],[95.88,4.32]]]}},{"type":"Feature","id":98,"properties":{"ntl_value":0.559,"nmkab":"ACEH JAYA","nmprov":"ACEH","label":"sebelum"},"geometry":{"type":"Polygon","coordinates":[[[95.88,4.4],[95.96,4.4],[95.96,4.48],[95.88,4.48],[95.88,4.4]]]}},{"type":"Feature","id":99,"properties":{"ntl_value":0.439,"nmkab":"ACEH JAYA","nmprov":"ACEH","label":"sebelum"},"geometry":{"type":"Polygon","coordinates":[[[95.88,4.48],[95.96,4.48],[95.96,4.56],[95.88,4.56],[95.88,4.48]]]}},{"type":"Feature","id":100,"properties":{"ntl_value":0.498,"nmkab":"ACEH JAYA","nmprov":"ACEH","label":"sebelum"},"geometry":{"type":"Polygon","coordinates":[[[95.88,4.56],[95.96,4.56],[95.96,4.64],[95.88,4.64],[95.88,4.56]]]}},{"type":"Feature","id":101,"properties":{"ntl_value":0.502,"nmkab":"ACEH JAYA","nmprov":"ACEH","label":"sebelum"},"geometry":{"type":"Polygon","coordinates":[[[95.88,4.64],[95.96,4.64],[95.96,4.72],[95.88,4.72],[95.88,4.64]]]}},{"type":"Feature","id":102,"properties":{"ntl_value":0.514,"nmkab":"ACEH JAYA","nmprov":"ACEH","label":"sebelum"},"geometry":{"type":"Polygon","coordinates":[[[95.88,4.72],[95.96,4.72],[95.96,4.8],[95.88,4.8],[95.88,4.72]]]}},{"type":"Feature","id":103,"properties":{"ntl_value":0.447,"nmkab":"ACEH JAYA","nmprov":"ACEH","label":"sebelum"},"geometry":{"type":"Polygon","coordinates":[[[95.88,4.8],[95.96,4.8],[95.96,4.88],[95.88,4.88],[95.88,4.8]]]}},{"type":"Feature","id":104,"properties":{"ntl_value":0.42,"nmkab":"PIDIE","nmprov":"ACEH","label":"sebelum"},"geometry":{"type":"Polygon","coordinates":[[[95.88,4.88],[95.96,4.88],[95.96,4.96],[95.88,4.96],[95.88,4.88]]]}},{"type":"Feature","id":105,"properties":{"ntl_value":0.383,"nmkab":"PIDIE","nmprov":"ACEH","label":"sebelum"},"geometry":{"type":"Polygon","coordinates":[[[95.88,4.96],[95.96,4.96],[95.96,5.04],[95.88,5.04],[95.88,4.96]]]}},{"type":"Feature","id":106,"properties":{"ntl_value":0.451,"nmkab":"PIDIE","nmprov":"ACEH","label":"sebelum"},"geometry":{"type":"Polygon","coordinates":[[[95.88,5.04],[95.96,5.04],[95.96,5.12],[95.88,5.12],[95.88,5.04]]]}},{"type":"Feature","id":107,"properties":{"ntl_value":0.383,"nmkab":"PIDIE","nmprov":"ACEH","label":"sebelum"},"geometry":{"type":"Polygon","coordinates":[[[95.88,5.12],[95.96,5.12],[95.96,5.2],[95.88,5.2],[95.88,5.12]]]}},{"type":"Feature","id":108,"properties":{"ntl_value":0.388,"nmkab":"PIDIE","nmprov":"ACEH","label":"sebelum"},"geometry":{"type":"Polygon","coordinates":[[[95.88,5.2],[95.96,5.2],[95.96,5.28],[95.88,5.28],[95.88,5.2]]]}},{"type":"Feature","id":109,"properties":{"ntl_value":0.373,"nmkab":"PIDIE","nmprov":"ACEH","label":"sebelum"},"geometry":{"type":"Polygon","coordinates":[[[95.88,5.28],[95.96,5.28],[95.96,5.36],[95.88,5.36],[95.88,5.28]]]}},{"type":"Feature","id":110,"properties":{"ntl_value":0.397,"nmkab":"PIDIE","nmprov":"ACEH","label":"sebelum"},"geometry":{"type":"Polygon","coordinates":[[[95.88,5.36],[95.96,5.36],[95.96,5.44],[95.88,5.44],[95.88,5.36]]]}},{"type":"Feature","id":111,"properties":{"ntl_value":0.447,"nmkab":"SIMEULUE","nmprov":"ACEH","label":"sebelum"},"geometry":{"type":"Polygon","coordinates":[[[95.96,2.56],[96.04,2.56],[96.04,2.64],[95.96,2.64],[95.96,2.56]]]}},{"type":"Feature","id":112,"properties":{"ntl_value":0.452,"nmkab":"SIMEULUE","nmprov":"ACEH","label":"sebelum"},"geometry":{"type":"Polygon","coordinates":[[[95.96,2.64],[96.04,2.64],[96.04,2.72],[95.96,2.72],[95.96,2.64]]]}},{"type":"Feature","id":113,"properties":{"ntl_value":0.363,"nmkab":"SIMEULUE","nmprov":"ACEH","label":"sebelum"},"geometry":{"type":"Polygon","coordinates":[[[95.96,2.72],[96.04,2.72],[96.04,2.8],[95.96,2.8],[95.96,2.72]]]}},{"type":"Feature","id":114,"properties":{"ntl_value":0.437,"nmkab":"ACEH BARAT","nmprov":"ACEH","label":"sebelum"},"geometry":{"type":"Polygon","coordinates":[[[95.96,4.24],[96.04,4.24],[96.04,4.32],[95.96,4.32],[95.96,4.24]]]}},{"type":"Feature","id":115,"properties":{"ntl_value":0.463,"nmkab":"ACEH BARAT","nmprov":"ACEH","label":"sebelum"},"geometry":{"type":"Polygon","coordinates":[[[95.96,4.32],[96.04,4.32],[96.04,4.4],[95.96,4.4],[95.96,4.32]]]}},{"type":"Feature","id":116,"properties":{"ntl_value":0.54,"nmkab":"ACEH BARAT","nmprov":"ACEH","label":"sebelum"},"geometry":{"type":"Polygon","coordinates":[[[95.96,4.4],[96.04,4.4],[96.04,4.48],[95.96,4.48],[95.96,4.4]]]}},{"type":"Feature","id":117,"properties":{"ntl_value":0.52,"nmkab":"ACEH BARAT","nmprov":"ACEH","label":"sebelum"},"geometry":{"type":"Polygon","coordinates":[[[95.96,4.48],[96.04,4.48],[96.04,4.56],[95.96,4.56],[95.96,4.48]]]}},{"type":"Feature","id":118,"properties":{"ntl_value":0.553,"nmkab":"ACEH JAYA","nmprov":"ACEH","label":"sebelum"},"geometry":{"type":"Polygon","coordinates":[[[95.96,4.56],[96.04,4.56],[96.04,4.64],[95.96,4.64],[95.96,4.56]]]}},{"type":"Feature","id":119,"properties":{"ntl_value":0.49,"nmkab":"ACEH JAYA","nmprov":"ACEH","label":"sebelum"},"geometry":{"type":"Polygon","coordinates":[[[95.96,4.64],[96.04,4.64],[96.04,4.72],[95.96,4.72],[95.96,4.64]]]}},{"type":"Feature","id":120,"properties":{"ntl_value":0.381,"nmkab":"PIDIE","nmprov":"ACEH","label":"sebelum"},"geometry":{"type":"Polygon","coordinates":[[[95.96,4.72],[96.04,4.72],[96.04,4.8],[95.96,4.8],[95.96,4.72]]]}},{"type":"Feature","id":121,"properties":{"ntl_value":0.407,"nmkab":"PIDIE","nmprov":"ACEH","label":"sebelum"},"geometry":{"type":"Polygon","coordinates":[[[95.96,4.8],[96.04,4.8],[96.04,4.88],[95.96,4.88],[95.96,4.8]]]}},{"type":"Feature","id":122,"properties":{"ntl_value":0.466,"nmkab":"PIDIE","nmprov":"ACEH","label":"sebelum"},"geometry":{"type":"Polygon","coordinates":[[[95.96,4.88],[96.04,4.88],[96.04,4.96],[95.96,4.96],[95.96,4.88]]]}},{"type":"Feature","id":123,"properties":{"ntl_value":0.395,"nmkab":"PIDIE","nmprov":"ACEH","label":"sebelum"},"geometry":{"type":"Polygon","coordinates":[[[95.96,4.96],[96.04,4.96],[96.04,5.04],[95.96,5.04],[95.96,4.96]]]}},{"type":"Feature","id":124,"properties":{"ntl_value":0.331,"nmkab":"PIDIE","nmprov":"ACEH","label":"sebelum"},"geometry":{"type":"Polygon","coordinates":[[[95.96,5.04],[96.04,5.04],[96.04,5.12],[95.96,5.12],[95.96,5.04]]]}},{"type":"Feature","id":125,"properties":{"ntl_value":0.409,"nmkab":"PIDIE","nmprov":"ACEH","label":"sebelum"},"geometry":{"type":"Polygon","coordinates":[[[95.96,5.12],[96.04,5.12],[96.04,5.2],[95.96,5.2],[95.96,5.12]]]}},{"type":"Feature","id":126,"properties":{"ntl_value":0.458,"nmkab":"PIDIE","nmprov":"ACEH","label":"sebelum"},"geometry":{"type":"Polygon","coordinates":[[[95.96,5.2],[96.04,5.2],[96.04,5.28],[95.96,5.28],[95.96,5.2]]]}},{"type":"Feature","id":127,"properties":{"ntl_value":0.46,"nmkab":"PIDIE","nmprov":"ACEH","label":"sebelum"},"geometry":{"type":"Polygon","coordinates":[[[95.96,5.28],[96.04,5.28],[96.04,5.36],[95.96,5.36],[95.96,5.28]]]}},{"type":"Feature","id":128,"properties":{"ntl_value":0.336,"nmkab":"SIMEULUE","nmprov":"ACEH","label":"sebelum"},"geometry":{"type":"Polygon","coordinates":[[[96.04,2.56],[96.12,2.56],[96.12,2.64],[96.04,2.64],[96.04,2.56]]]}},{"type":"Feature","id":129,"properties":{"ntl_value":0.445,"nmkab":"SIMEULUE","nmprov":"ACEH","label":"sebelum"},"geometry":{"type":"Polygon","coordinates":[[[96.04,2.64],[96.12,2.64],[96.12,2.72],[96.04,2.72],[96.04,2.64]]]}},{"type":"Feature","id":130,"properties":{"ntl_value":0.533,"nmkab":"ACEH BARAT","nmprov":"ACEH","label":"sebelum"},"geometry":{"type":"Polygon","coordinates":[[[96.04,4.16],[96.12,4.16],[96.12,4.24],[96.04,4.24],[96.04,4.16]]]}},{"type":"Feature","id":131,"properties":{"ntl_value":0.441,"nmkab":"ACEH BARAT","nmprov":"ACEH","label":"sebelum"},"geometry":{"type":"Polygon","coordinates":[[[96.04,4.24],[96.12,4.24],[96.12,4.32],[96.04,4.32],[96.04,4.24]]]}},{"type":"Feature","id":132,"properties":{"ntl_value":0.474,"nmkab":"ACEH BARAT","nmprov":"ACEH","label":"sebelum"},"geometry":{"type":"Polygon","coordinates":[[[96.04,4.32],[96.12,4.32],[96.12,4.4],[96.04,4.4],[96.04,4.32]]]}},{"type":"Feature","id":133,"properties":{"ntl_value":0.567,"nmkab":"ACEH BARAT","nmprov":"ACEH","label":"sebelum"},"geometry":{"type":"Polygon","coordinates":[[[96.04,4.4],[96.12,4.4],[96.12,4.48],[96.04,4.48],[96.04,4.4]]]}},{"type":"Feature","id":134,"properties":{"ntl_value":0.507,"nmkab":"ACEH BARAT","nmprov":"ACEH","label":"sebelum"},"geometry":{"type":"Polygon","coordinates":[[[96.04,4.48],[96.12,4.48],[96.12,4.56],[96.04,4.56],[96.04,4.48]]]}},{"type":"Feature","id":135,"properties":{"ntl_value":0.526,"nmkab":"ACEH BARAT","nmprov":"ACEH","label":"sebelum"},"geometry":{"type":"Polygon","coordinates":[[[96.04,4.56],[96.12,4.56],[96.12,4.64],[96.04,4.64],[96.04,4.56]]]}},{"type":"Feature","id":136,"properties":{"ntl_value":0.559,"nmkab":"ACEH BARAT","nmprov":"ACEH","label":"sebelum"},"geometry":{"type":"Polygon","coordinates":[[[96.04,4.64],[96.12,4.64],[96.12,4.72],[96.04,4.72],[96.04,4.64]]]}},{"type":"Feature","id":137,"properties":{"ntl_value":0.439,"nmkab":"PIDIE","nmprov":"ACEH","label":"sebelum"},"geometry":{"type":"Polygon","coordinates":[[[96.04,4.72],[96.12,4.72],[96.12,4.8],[96.04,4.8],[96.04,4.72]]]}},{"type":"Feature","id":138,"properties":{"ntl_value":0.44,"nmkab":"PIDIE","nmprov":"ACEH","label":"sebelum"},"geometry":{"type":"Polygon","coordinates":[[[96.04,4.8],[96.12,4.8],[96.12,4.88],[96.04,4.88],[96.04,4.8]]]}},{"type":"Feature","id":139,"properties":{"ntl_value":0.393,"nmkab":"PIDIE","nmprov":"ACEH","label":"sebelum"},"geometry":{"type":"Polygon","coordinates":[[[96.04,4.88],[96.12,4.88],[96.12,4.96],[96.04,4.96],[96.04,4.88]]]}},{"type":"Feature","id":140,"properties":{"ntl_value":0.377,"nmkab":"PIDIE","nmprov":"ACEH","label":"sebelum"},"geometry":{"type":"Polygon","coordinates":[[[96.04,4.96],[96.12,4.96],[96.12,5.04],[96.04,5.04],[96.04,4.96]]]}},{"type":"Feature","id":141,"properties":{"ntl_value":0.467,"nmkab":"PIDIE","nmprov":"ACEH","label":"sebelum"},"geometry":{"type":"Polygon","coordinates":[[[96.04,5.04],[96.12,5.04],[96.12,5.12],[96.04,5.12],[96.04,5.04]]]}},{"type":"Feature","id":142,"properties":{"ntl_value":0.552,"nmkab":"PIDIE JAYA","nmprov":"ACEH","label":"sebelum"},"geometry":{"type":"Polygon","coordinates":[[[96.04,5.12],[96.12,5.12],[96.12,5.2],[96.04,5.2],[96.04,5.12]]]}},{"type":"Feature","id":143,"properties":{"ntl_value":0.475,"nmkab":"PIDIE JAYA","nmprov":"ACEH","label":"sebelum"},"geometry":{"type":"Polygon","coordinates":[[[96.04,5.2],[96.12,5.2],[96.12,5.28],[96.04,5.28],[96.04,5.2]]]}},{"type":"Feature","id":144,"properties":{"ntl_value":0.379,"nmkab":"SIMEULUE","nmprov":"ACEH","label":"sebelum"},"geometry":{"type":"Polygon","coordinates":[[[96.12,2.48],[96.2,2.48],[96.2,2.56],[96.12,2.56],[96.12,2.48]]]}},{"type":"Feature","id":145,"properties":{"ntl_value":0.408,"nmkab":"SIMEULUE","nmprov":"ACEH","label":"sebelum"},"geometry":{"type":"Polygon","coordinates":[[[96.12,2.56],[96.2,2.56],[96.2,2.64],[96.12,2.64],[96.12,2.56]]]}},{"type":"Feature","id":146,"properties":{"ntl_value":0.554,"nmkab":"ACEH BARAT","nmprov":"ACEH","label":"sebelum"},"geometry":{"type":"Polygon","coordinates":[[[96.12,4.16],[96.2,4.16],[96.2,4.24],[96.12,4.24],[96.12,4.16]]]}},{"type":"Feature","id":147,"properties":{"ntl_value":0.425,"nmkab":"ACEH BARAT","nmprov":"ACEH","label":"sebelum"},"geometry":{"type":"Polygon","coordinates":[[[96.12,4.24],[96.2,4.24],[96.2,4.32],[96.12,4.32],[96.12,4.24]]]}},{"type":"Feature","id":148,"properties":{"ntl_value":0.55,"nmkab":"ACEH BARAT","nmprov":"ACEH","label":"sebelum"},"geometry":{"type":"Polygon","coordinates":[[[96.12,4.32],[96.2,4.32],[96.2,4.4],[96.12,4.4],[96.12,4.32]]]}},{"type":"Feature","id":149,"properties":{"ntl_value":0.562,"nmkab":"ACEH BARAT","nmprov":"ACEH","label":"sebelum"},"geometry":{"type":"Polygon","coordinates":[[[96.12,4.4],[96.2,4.4],[96.2,4.48],[96.12,4.48],[96.12,4.4]]]}},{"type":"Feature","id":150,"properties":{"ntl_value":0.542,"nmkab":"ACEH BARAT","nmprov":"ACEH","label":"sebelum"},"geometry":{"type":"Polygon","coordinates":[[[96.12,4.48],[96.2,4.48],[96.2,4.56],[96.12,4.56],[96.12,4.48]]]}},{"type":"Feature","id":151,"properties":{"ntl_value":0.427,"nmkab":"ACEH BARAT","nmprov":"ACEH","label":"sebelum"},"geometry":{"type":"Polygon","coordinates":[[[96.12,4.56],[96.2,4.56],[96.2,4.64],[96.12,4.64],[96.12,4.56]]]}},{"type":"Feature","id":152,"properties":{"ntl_value":0.451,"nmkab":"ACEH BARAT","nmprov":"ACEH","label":"sebelum"},"geometry":{"type":"Polygon","coordinates":[[[96.12,4.64],[96.2,4.64],[96.2,4.72],[96.12,4.72],[96.12,4.64]]]}},{"type":"Feature","id":153,"properties":{"ntl_value":0.455,"nmkab":"PIDIE","nmprov":"ACEH","label":"sebelum"},"geometry":{"type":"Polygon","coordinates":[[[96.12,4.72],[96.2,4.72],[96.2,4.8],[96.12,4.8],[96.12,4.72]]]}},{"type":"Feature","id":154,"properties":{"ntl_value":0.421,"nmkab":"PIDIE","nmprov":"ACEH","label":"sebelum"},"geometry":{"type":"Polygon","coordinates":[[[96.12,4.8],[96.2,4.8],[96.2,4.88],[96.12,4.88],[96.12,4.8]]]}},{"type":"Feature","id":155,"properties":{"ntl_value":0.339,"nmkab":"PIDIE","nmprov":"ACEH","label":"sebelum"},"geometry":{"type":"Polygon","coordinates":[[[96.12,4.88],[96.2,4.88],[96.2,4.96],[96.12,4.96],[96.12,4.88]]]}},{"type":"Feature","id":156,"properties":{"ntl_value":0.45,"nmkab":"PIDIE","nmprov":"ACEH","label":"sebelum"},"geometry":{"type":"Polygon","coordinates":[[[96.12,4.96],[96.2,4.96],[96.2,5.04],[96.12,5.04],[96.12,4.96]]]}},{"type":"Feature","id":157,"properties":{"ntl_value":0.511,"nmkab":"PIDIE JAYA","nmprov":"ACEH","label":"sebelum"},"geometry":{"type":"Polygon","coordinates":[[[96.12,5.04],[96.2,5.04],[96.2,5.12],[96.12,5.12],[96.12,5.04]]]}},{"type":"Feature","id":158,"properties":{"ntl_value":0.531,"nmkab":"PIDIE JAYA","nmprov":"ACEH","label":"sebelum"},"geometry":{"type":"Polygon","coordinates":[[[96.12,5.12],[96.2,5.12],[96.2,5.2],[96.12,5.2],[96.12,5.12]]]}},{"type":"Feature","id":159,"properties":{"ntl_value":0.569,"nmkab":"PIDIE JAYA","nmprov":"ACEH","label":"sebelum"},"geometry":{"type":"Polygon","coordinates":[[[96.12,5.2],[96.2,5.2],[96.2,5.28],[96.12,5.28],[96.12,5.2]]]}},{"type":"Feature","id":160,"properties":{"ntl_value":0.406,"nmkab":"SIMEULUE","nmprov":"ACEH","label":"sebelum"},"geometry":{"type":"Polygon","coordinates":[[[96.2,2.32],[96.28,2.32],[96.28,2.4],[96.2,2.4],[96.2,2.32]]]}},{"type":"Feature","id":161,"properties":{"ntl_value":0.338,"nmkab":"SIMEULUE","nmprov":"ACEH","label":"sebelum"},"geometry":{"type":"Polygon","coordinates":[[[96.2,2.48],[96.28,2.48],[96.28,2.56],[96.2,2.56],[96.2,2.48]]]}},{"type":"Feature","id":162,"properties":{"ntl_value":0.402,"nmkab":"SIMEULUE","nmprov":"ACEH","label":"sebelum"},"geometry":{"type":"Polygon","coordinates":[[[96.2,2.56],[96.28,2.56],[96.28,2.64],[96.2,2.64],[96.2,2.56]]]}},{"type":"Feature","id":163,"properties":{"ntl_value":0.426,"nmkab":"NAGAN RAYA","nmprov":"ACEH","label":"sebelum"},"geometry":{"type":"Polygon","coordinates":[[[96.2,4.08],[96.28,4.08],[96.28,4.16],[96.2,4.16],[96.2,4.08]]]}},{"type":"Feature","id":164,"properties":{"ntl_value":0.479,"nmkab":"ACEH BARAT","nmprov":"ACEH","label":"sebelum"},"geometry":{"type":"Polygon","coordinates":[[[96.2,4.16],[96.28,4.16],[96.28,4.24],[96.2,4.24],[96.2,4.16]]]}},{"type":"Feature","id":165,"properties":{"ntl_value":0.534,"nmkab":"ACEH BARAT","nmprov":"ACEH","label":"sebelum"},"geometry":{"type":"Polygon","coordinates":[[[96.2,4.24],[96.28,4.24],[96.28,4.32],[96.2,4.32],[96.2,4.24]]]}},{"type":"Feature","id":166,"properties":{"ntl_value":0.538,"nmkab":"ACEH BARAT","nmprov":"ACEH","label":"sebelum"},"geometry":{"type":"Polygon","coordinates":[[[96.2,4.32],[96.28,4.32],[96.28,4.4],[96.2,4.4],[96.2,4.32]]]}},{"type":"Feature","id":167,"properties":{"ntl_value":0.489,"nmkab":"ACEH BARAT","nmprov":"ACEH","label":"sebelum"},"geometry":{"type":"Polygon","coordinates":[[[96.2,4.4],[96.28,4.4],[96.28,4.48],[96.2,4.48],[96.2,4.4]]]}},{"type":"Feature","id":168,"properties":{"ntl_value":0.535,"nmkab":"ACEH BARAT","nmprov":"ACEH","label":"sebelum"},"geometry":{"type":"Polygon","coordinates":[[[96.2,4.48],[96.28,4.48],[96.28,4.56],[96.2,4.56],[96.2,4.48]]]}},{"type":"Feature","id":169,"properties":{"ntl_value":0.53,"nmkab":"ACEH BARAT","nmprov":"ACEH","label":"sebelum"},"geometry":{"type":"Polygon","coordinates":[[[96.2,4.56],[96.28,4.56],[96.28,4.64],[96.2,4.64],[96.2,4.56]]]}},{"type":"Feature","id":170,"properties":{"ntl_value":0.476,"nmkab":"ACEH BARAT","nmprov":"ACEH","label":"sebelum"},"geometry":{"type":"Polygon","coordinates":[[[96.2,4.64],[96.28,4.64],[96.28,4.72],[96.2,4.72],[96.2,4.64]]]}},{"type":"Feature","id":171,"properties":{"ntl_value":0.53,"nmkab":"ACEH BARAT","nmprov":"ACEH","label":"sebelum"},"geometry":{"type":"Polygon","coordinates":[[[96.2,4.72],[96.28,4.72],[96.28,4.8],[96.2,4.8],[96.2,4.72]]]}},{"type":"Feature","id":172,"properties":{"ntl_value":0.456,"nmkab":"PIDIE","nmprov":"ACEH","label":"sebelum"},"geometry":{"type":"Polygon","coordinates":[[[96.2,4.8],[96.28,4.8],[96.28,4.88],[96.2,4.88],[96.2,4.8]]]}},{"type":"Feature","id":173,"properties":{"ntl_value":0.457,"nmkab":"PIDIE","nmprov":"ACEH","label":"sebelum"},"geometry":{"type":"Polygon","coordinates":[[[96.2,4.88],[96.28,4.88],[96.28,4.96],[96.2,4.96],[96.2,4.88]]]}},{"type":"Feature","id":174,"properties":{"ntl_value":0.566,"nmkab":"PIDIE JAYA","nmprov":"ACEH","label":"sebelum"},"geometry":{"type":"Polygon","coordinates":[[[96.2,4.96],[96.28,4.96],[96.28,5.04],[96.2,5.04],[96.2,4.96]]]}},{"type":"Feature","id":175,"properties":{"ntl_value":0.569,"nmkab":"PIDIE JAYA","nmprov":"ACEH","label":"sebelum"},"geometry":{"type":"Polygon","coordinates":[[[96.2,5.04],[96.28,5.04],[96.28,5.12],[96.2,5.12],[96.2,5.04]]]}},{"type":"Feature","id":176,"properties":{"ntl_value":0.449,"nmkab":"PIDIE JAYA","nmprov":"ACEH","label":"sebelum"},"geometry":{"type":"Polygon","coordinates":[[[96.2,5.12],[96.28,5.12],[96.28,5.2],[96.2,5.2],[96.2,5.12]]]}},{"type":"Feature","id":177,"properties":{"ntl_value":0.526,"nmkab":"PIDIE JAYA","nmprov":"ACEH","label":"sebelum"},"geometry":{"type":"Polygon","coordinates":[[[96.2,5.2],[96.28,5.2],[96.28,5.28],[96.2,5.28],[96.2,5.2]]]}},{"type":"Feature","id":178,"properties":{"ntl_value":0.33,"nmkab":"SIMEULUE","nmprov":"ACEH","label":"sebelum"},"geometry":{"type":"Polygon","coordinates":[[[96.28,2.32],[96.36,2.32],[96.36,2.4],[96.28,2.4],[96.28,2.32]]]}},{"type":"Feature","id":179,"properties":{"ntl_value":0.473,"nmkab":"SIMEULUE","nmprov":"ACEH","label":"sebelum"},"geometry":{"type":"Polygon","coordinates":[[[96.28,2.4],[96.36,2.4],[96.36,2.48],[96.28,2.48],[96.28,2.4]]]}},{"type":"Feature","id":180,"properties":{"ntl_value":0.461,"nmkab":"SIMEULUE","nmprov":"ACEH","label":"sebelum"},"geometry":{"type":"Polygon","coordinates":[[[96.28,2.48],[96.36,2.48],[96.36,2.56],[96.28,2.56],[96.28,2.48]]]}},{"type":"Feature","id":181,"properties":{"ntl_value":0.379,"nmkab":"NAGAN RAYA","nmprov":"ACEH","label":"sebelum"},"geometry":{"type":"Polygon","coordinates":[[[96.28,3.92],[96.36,3.92],[96.36,4],[96.28,4],[96.28,3.92]]]}},{"type":"Feature","id":182,"properties":{"ntl_value":0.34,"nmkab":"NAGAN RAYA","nmprov":"ACEH","label":"sebelum"},"geometry":{"type":"Polygon","coordinates":[[[96.28,4],[96.36,4],[96.36,4.08],[96.28,4.08],[96.28,4]]]}},{"type":"Feature","id":183,"properties":{"ntl_value":0.354,"nmkab":"NAGAN RAYA","nmprov":"ACEH","label":"sebelum"},"geometry":{"type":"Polygon","coordinates":[[[96.28,4.08],[96.36,4.08],[96.36,4.16],[96.28,4.16],[96.28,4.08]]]}},{"type":"Feature","id":184,"properties":{"ntl_value":0.332,"nmkab":"NAGAN RAYA","nmprov":"ACEH","label":"sebelum"},"geometry":{"type":"Polygon","coordinates":[[[96.28,4.16],[96.36,4.16],[96.36,4.24],[96.28,4.24],[96.28,4.16]]]}},{"type":"Feature","id":185,"properties":{"ntl_value":0.337,"nmkab":"NAGAN RAYA","nmprov":"ACEH","label":"sebelum"},"geometry":{"type":"Polygon","coordinates":[[[96.28,4.24],[96.36,4.24],[96.36,4.32],[96.28,4.32],[96.28,4.24]]]}},{"type":"Feature","id":186,"properties":{"ntl_value":0.432,"nmkab":"NAGAN RAYA","nmprov":"ACEH","label":"sebelum"},"geometry":{"type":"Polygon","coordinates":[[[96.28,4.32],[96.36,4.32],[96.36,4.4],[96.28,4.4],[96.28,4.32]]]}},{"type":"Feature","id":187,"properties":{"ntl_value":0.485,"nmkab":"ACEH BARAT","nmprov":"ACEH","label":"sebelum"},"geometry":{"type":"Polygon","coordinates":[[[96.28,4.4],[96.36,4.4],[96.36,4.48],[96.28,4.48],[96.28,4.4]]]}},{"type":"Feature","id":188,"properties":{"ntl_value":0.508,"nmkab":"ACEH BARAT","nmprov":"ACEH","label":"sebelum"},"geometry":{"type":"Polygon","coordinates":[[[96.28,4.48],[96.36,4.48],[96.36,4.56],[96.28,4.56],[96.28,4.48]]]}},{"type":"Feature","id":189,"properties":{"ntl_value":0.52,"nmkab":"ACEH BARAT","nmprov":"ACEH","label":"sebelum"},"geometry":{"type":"Polygon","coordinates":[[[96.28,4.56],[96.36,4.56],[96.36,4.64],[96.28,4.64],[96.28,4.56]]]}},{"type":"Feature","id":190,"properties":{"ntl_value":0.44,"nmkab":"ACEH BARAT","nmprov":"ACEH","label":"sebelum"},"geometry":{"type":"Polygon","coordinates":[[[96.28,4.64],[96.36,4.64],[96.36,4.72],[96.28,4.72],[96.28,4.64]]]}},{"type":"Feature","id":191,"properties":{"ntl_value":0.49,"nmkab":"ACEH TENGAH","nmprov":"ACEH","label":"sebelum"},"geometry":{"type":"Polygon","coordinates":[[[96.28,4.72],[96.36,4.72],[96.36,4.8],[96.28,4.8],[96.28,4.72]]]}},{"type":"Feature","id":192,"properties":{"ntl_value":0.336,"nmkab":"PIDIE","nmprov":"ACEH","label":"sebelum"},"geometry":{"type":"Polygon","coordinates":[[[96.28,4.8],[96.36,4.8],[96.36,4.88],[96.28,4.88],[96.28,4.8]]]}},{"type":"Feature","id":193,"properties":{"ntl_value":0.518,"nmkab":"PIDIE JAYA","nmprov":"ACEH","label":"sebelum"},"geometry":{"type":"Polygon","coordinates":[[[96.28,4.88],[96.36,4.88],[96.36,4.96],[96.28,4.96],[96.28,4.88]]]}},{"type":"Feature","id":194,"properties":{"ntl_value":0.481,"nmkab":"PIDIE JAYA","nmprov":"ACEH","label":"sebelum"},"geometry":{"type":"Polygon","coordinates":[[[96.28,4.96],[96.36,4.96],[96.36,5.04],[96.28,5.04],[96.28,4.96]]]}},{"type":"Feature","id":195,"properties":{"ntl_value":0.564,"nmkab":"PIDIE JAYA","nmprov":"ACEH","label":"sebelum"},"geometry":{"type":"Polygon","coordinates":[[[96.28,5.04],[96.36,5.04],[96.36,5.12],[96.28,5.12],[96.28,5.04]]]}},{"type":"Feature","id":196,"properties":{"ntl_value":0.547,"nmkab":"PIDIE JAYA","nmprov":"ACEH","label":"sebelum"},"geometry":{"type":"Polygon","coordinates":[[[96.28,5.12],[96.36,5.12],[96.36,5.2],[96.28,5.2],[96.28,5.12]]]}},{"type":"Feature","id":197,"properties":{"ntl_value":0.367,"nmkab":"SIMEULUE","nmprov":"ACEH","label":"sebelum"},"geometry":{"type":"Polygon","coordinates":[[[96.36,2.32],[96.44,2.32],[96.44,2.4],[96.36,2.4],[96.36,2.32]]]}},{"type":"Feature","id":198,"properties":{"ntl_value":0.466,"nmkab":"SIMEULUE","nmprov":"ACEH","label":"sebelum"},"geometry":{"type":"Polygon","coordinates":[[[96.36,2.4],[96.44,2.4],[96.44,2.48],[96.36,2.48],[96.36,2.4]]]}},{"type":"Feature","id":199,"properties":{"ntl_value":0.381,"nmkab":"NAGAN RAYA","nmprov":"ACEH","label":"sebelum"},"geometry":{"type":"Polygon","coordinates":[[[96.36,3.84],[96.44,3.84],[96.44,3.92],[96.36,3.92],[96.36,3.84]]]}},{"type":"Feature","id":200,"properties":{"ntl_value":0.442,"nmkab":"NAGAN RAYA","nmprov":"ACEH","label":"sebelum"},"geometry":{"type":"Polygon","coordinates":[[[96.36,3.92],[96.44,3.92],[96.44,4],[96.36,4],[96.36,3.92]]]}},{"type":"Feature","id":201,"properties":{"ntl_value":0.338,"nmkab":"NAGAN RAYA","nmprov":"ACEH","label":"sebelum"},"geometry":{"type":"Polygon","coordinates":[[[96.36,4],[96.44,4],[96.44,4.08],[96.36,4.08],[96.36,4]]]}},{"type":"Feature","id":202,"properties":{"ntl_value":0.443,"nmkab":"NAGAN RAYA","nmprov":"ACEH","label":"sebelum"},"geometry":{"type":"Polygon","coordinates":[[[96.36,4.08],[96.44,4.08],[96.44,4.16],[96.36,4.16],[96.36,4.08]]]}},{"type":"Feature","id":203,"properties":{"ntl_value":0.376,"nmkab":"NAGAN RAYA","nmprov":"ACEH","label":"sebelum"},"geometry":{"type":"Polygon","coordinates":[[[96.36,4.16],[96.44,4.16],[96.44,4.24],[96.36,4.24],[96.36,4.16]]]}},{"type":"Feature","id":204,"properties":{"ntl_value":0.358,"nmkab":"NAGAN RAYA","nmprov":"ACEH","label":"sebelum"},"geometry":{"type":"Polygon","coordinates":[[[96.36,4.24],[96.44,4.24],[96.44,4.32],[96.36,4.32],[96.36,4.24]]]}},{"type":"Feature","id":205,"properties":{"ntl_value":0.455,"nmkab":"NAGAN RAYA","nmprov":"ACEH","label":"sebelum"},"geometry":{"type":"Polygon","coordinates":[[[96.36,4.32],[96.44,4.32],[96.44,4.4],[96.36,4.4],[96.36,4.32]]]}},{"type":"Feature","id":206,"properties":{"ntl_value":0.536,"nmkab":"ACEH BARAT","nmprov":"ACEH","label":"sebelum"},"geometry":{"type":"Polygon","coordinates":[[[96.36,4.4],[96.44,4.4],[96.44,4.48],[96.36,4.48],[96.36,4.4]]]}},{"type":"Feature","id":207,"properties":{"ntl_value":0.464,"nmkab":"ACEH BARAT","nmprov":"ACEH","label":"sebelum"},"geometry":{"type":"Polygon","coordinates":[[[96.36,4.48],[96.44,4.48],[96.44,4.56],[96.36,4.56],[96.36,4.48]]]}},{"type":"Feature","id":208,"properties":{"ntl_value":0.553,"nmkab":"ACEH BARAT","nmprov":"ACEH","label":"sebelum"},"geometry":{"type":"Polygon","coordinates":[[[96.36,4.56],[96.44,4.56],[96.44,4.64],[96.36,4.64],[96.36,4.56]]]}},{"type":"Feature","id":209,"properties":{"ntl_value":0.421,"nmkab":"ACEH TENGAH","nmprov":"ACEH","label":"sebelum"},"geometry":{"type":"Polygon","coordinates":[[[96.36,4.64],[96.44,4.64],[96.44,4.72],[96.36,4.72],[96.36,4.64]]]}},{"type":"Feature","id":210,"properties":{"ntl_value":0.323,"nmkab":"PIDIE","nmprov":"ACEH","label":"sebelum"},"geometry":{"type":"Polygon","coordinates":[[[96.36,4.72],[96.44,4.72],[96.44,4.8],[96.36,4.8],[96.36,4.72]]]}},{"type":"Feature","id":211,"properties":{"ntl_value":0.374,"nmkab":"PIDIE","nmprov":"ACEH","label":"sebelum"},"geometry":{"type":"Polygon","coordinates":[[[96.36,4.8],[96.44,4.8],[96.44,4.88],[96.36,4.88],[96.36,4.8]]]}},{"type":"Feature","id":212,"properties":{"ntl_value":0.384,"nmkab":"PIDIE","nmprov":"ACEH","label":"sebelum"},"geometry":{"type":"Polygon","coordinates":[[[96.36,4.88],[96.44,4.88],[96.44,4.96],[96.36,4.96],[96.36,4.88]]]}},{"type":"Feature","id":213,"properties":{"ntl_value":0.442,"nmkab":"BIREUEN","nmprov":"ACEH","label":"sebelum"},"geometry":{"type":"Polygon","coordinates":[[[96.36,4.96],[96.44,4.96],[96.44,5.04],[96.36,5.04],[96.36,4.96]]]}},{"type":"Feature","id":214,"properties":{"ntl_value":0.397,"nmkab":"BIREUEN","nmprov":"ACEH","label":"sebelum"},"geometry":{"type":"Polygon","coordinates":[[[96.36,5.04],[96.44,5.04],[96.44,5.12],[96.36,5.12],[96.36,5.04]]]}},{"type":"Feature","id":215,"properties":{"ntl_value":0.486,"nmkab":"BIREUEN","nmprov":"ACEH","label":"sebelum"},"geometry":{"type":"Polygon","coordinates":[[[96.36,5.12],[96.44,5.12],[96.44,5.2],[96.36,5.2],[96.36,5.12]]]}},{"type":"Feature","id":216,"properties":{"ntl_value":0.474,"nmkab":"SIMEULUE","nmprov":"ACEH","label":"sebelum"},"geometry":{"type":"Polygon","coordinates":[[[96.44,2.32],[96.52,2.32],[96.52,2.4],[96.44,2.4],[96.44,2.32]]]}},{"type":"Feature","id":217,"properties":{"ntl_value":0.336,"nmkab":"NAGAN RAYA","nmprov":"ACEH","label":"sebelum"},"geometry":{"type":"Polygon","coordinates":[[[96.44,3.76],[96.52,3.76],[96.52,3.84],[96.44,3.84],[96.44,3.76]]]}},{"type":"Feature","id":218,"properties":{"ntl_value":0.374,"nmkab":"NAGAN RAYA","nmprov":"ACEH","label":"sebelum"},"geometry":{"type":"Polygon","coordinates":[[[96.44,3.84],[96.52,3.84],[96.52,3.92],[96.44,3.92],[96.44,3.84]]]}},{"type":"Feature","id":219,"properties":{"ntl_value":0.427,"nmkab":"NAGAN RAYA","nmprov":"ACEH","label":"sebelum"},"geometry":{"type":"Polygon","coordinates":[[[96.44,3.92],[96.52,3.92],[96.52,4],[96.44,4],[96.44,3.92]]]}},{"type":"Feature","id":220,"properties":{"ntl_value":0.358,"nmkab":"NAGAN RAYA","nmprov":"ACEH","label":"sebelum"},"geometry":{"type":"Polygon","coordinates":[[[96.44,4],[96.52,4],[96.52,4.08],[96.44,4.08],[96.44,4]]]}},{"type":"Feature","id":221,"properties":{"ntl_value":0.326,"nmkab":"NAGAN RAYA","nmprov":"ACEH","label":"sebelum"},"geometry":{"type":"Polygon","coordinates":[[[96.44,4.08],[96.52,4.08],[96.52,4.16],[96.44,4.16],[96.44,4.08]]]}},{"type":"Feature","id":222,"properties":{"ntl_value":0.34,"nmkab":"NAGAN RAYA","nmprov":"ACEH","label":"sebelum"},"geometry":{"type":"Polygon","coordinates":[[[96.44,4.16],[96.52,4.16],[96.52,4.24],[96.44,4.24],[96.44,4.16]]]}},{"type":"Feature","id":223,"properties":{"ntl_value":0.404,"nmkab":"NAGAN RAYA","nmprov":"ACEH","label":"sebelum"},"geometry":{"type":"Polygon","coordinates":[[[96.44,4.24],[96.52,4.24],[96.52,4.32],[96.44,4.32],[96.44,4.24]]]}},{"type":"Feature","id":224,"properties":{"ntl_value":0.372,"nmkab":"NAGAN RAYA","nmprov":"ACEH","label":"sebelum"},"geometry":{"type":"Polygon","coordinates":[[[96.44,4.32],[96.52,4.32],[96.52,4.4],[96.44,4.4],[96.44,4.32]]]}},{"type":"Feature","id":225,"properties":{"ntl_value":0.394,"nmkab":"NAGAN RAYA","nmprov":"ACEH","label":"sebelum"},"geometry":{"type":"Polygon","coordinates":[[[96.44,4.4],[96.52,4.4],[96.52,4.48],[96.44,4.48],[96.44,4.4]]]}},{"type":"Feature","id":226,"properties":{"ntl_value":0.319,"nmkab":"NAGAN RAYA","nmprov":"ACEH","label":"sebelum"},"geometry":{"type":"Polygon","coordinates":[[[96.44,4.48],[96.52,4.48],[96.52,4.56],[96.44,4.56],[96.44,4.48]]]}},{"type":"Feature","id":227,"properties":{"ntl_value":0.544,"nmkab":"ACEH BARAT","nmprov":"ACEH","label":"sebelum"},"geometry":{"type":"Polygon","coordinates":[[[96.44,4.56],[96.52,4.56],[96.52,4.64],[96.44,4.64],[96.44,4.56]]]}},{"type":"Feature","id":228,"properties":{"ntl_value":0.561,"nmkab":"ACEH TENGAH","nmprov":"ACEH","label":"sebelum"},"geometry":{"type":"Polygon","coordinates":[[[96.44,4.64],[96.52,4.64],[96.52,4.72],[96.44,4.72],[96.44,4.64]]]}},{"type":"Feature","id":229,"properties":{"ntl_value":0.458,"nmkab":"ACEH TENGAH","nmprov":"ACEH","label":"sebelum"},"geometry":{"type":"Polygon","coordinates":[[[96.44,4.72],[96.52,4.72],[96.52,4.8],[96.44,4.8],[96.44,4.72]]]}},{"type":"Feature","id":230,"properties":{"ntl_value":0.527,"nmkab":"ACEH TENGAH","nmprov":"ACEH","label":"sebelum"},"geometry":{"type":"Polygon","coordinates":[[[96.44,4.8],[96.52,4.8],[96.52,4.88],[96.44,4.88],[96.44,4.8]]]}},{"type":"Feature","id":231,"properties":{"ntl_value":0.384,"nmkab":"BIREUEN","nmprov":"ACEH","label":"sebelum"},"geometry":{"type":"Polygon","coordinates":[[[96.44,4.88],[96.52,4.88],[96.52,4.96],[96.44,4.96],[96.44,4.88]]]}},{"type":"Feature","id":232,"properties":{"ntl_value":0.451,"nmkab":"BIREUEN","nmprov":"ACEH","label":"sebelum"},"geometry":{"type":"Polygon","coordinates":[[[96.44,4.96],[96.52,4.96],[96.52,5.04],[96.44,5.04],[96.44,4.96]]]}},{"type":"Feature","id":233,"properties":{"ntl_value":0.492,"nmkab":"BIREUEN","nmprov":"ACEH","label":"sebelum"},"geometry":{"type":"Polygon","coordinates":[[[96.44,5.04],[96.52,5.04],[96.52,5.12],[96.44,5.12],[96.44,5.04]]]}},{"type":"Feature","id":234,"properties":{"ntl_value":0.486,"nmkab":"BIREUEN","nmprov":"ACEH","label":"sebelum"},"geometry":{"type":"Polygon","coordinates":[[[96.44,5.12],[96.52,5.12],[96.52,5.2],[96.44,5.2],[96.44,5.12]]]}},{"type":"Feature","id":235,"properties":{"ntl_value":0.464,"nmkab":"NAGAN RAYA","nmprov":"ACEH","label":"sebelum"},"geometry":{"type":"Polygon","coordinates":[[[96.52,3.76],[96.6,3.76],[96.6,3.84],[96.52,3.84],[96.52,3.76]]]}},{"type":"Feature","id":236,"properties":{"ntl_value":0.465,"nmkab":"NAGAN RAYA","nmprov":"ACEH","label":"sebelum"},"geometry":{"type":"Polygon","coordinates":[[[96.52,3.84],[96.6,3.84],[96.6,3.92],[96.52,3.92],[96.52,3.84]]]}},{"type":"Feature","id":237,"properties":{"ntl_value":0.322,"nmkab":"NAGAN RAYA","nmprov":"ACEH","label":"sebelum"},"geometry":{"type":"Polygon","coordinates":[[[96.52,3.92],[96.6,3.92],[96.6,4],[96.52,4],[96.52,3.92]]]}},{"type":"Feature","id":238,"properties":{"ntl_value":0.424,"nmkab":"NAGAN RAYA","nmprov":"ACEH","label":"sebelum"},"geometry":{"type":"Polygon","coordinates":[[[96.52,4],[96.6,4],[96.6,4.08],[96.52,4.08],[96.52,4]]]}},{"type":"Feature","id":239,"properties":{"ntl_value":0.411,"nmkab":"NAGAN RAYA","nmprov":"ACEH","label":"sebelum"},"geometry":{"type":"Polygon","coordinates":[[[96.52,4.08],[96.6,4.08],[96.6,4.16],[96.52,4.16],[96.52,4.08]]]}},{"type":"Feature","id":240,"properties":{"ntl_value":0.368,"nmkab":"NAGAN RAYA","nmprov":"ACEH","label":"sebelum"},"geometry":{"type":"Polygon","coordinates":[[[96.52,4.16],[96.6,4.16],[96.6,4.24],[96.52,4.24],[96.52,4.16]]]}},{"type":"Feature","id":241,"properties":{"ntl_value":0.384,"nmkab":"NAGAN RAYA","nmprov":"ACEH","label":"sebelum"},"geometry":{"type":"Polygon","coordinates":[[[96.52,4.24],[96.6,4.24],[96.6,4.32],[96.52,4.32],[96.52,4.24]]]}},{"type":"Feature","id":242,"properties":{"ntl_value":0.392,"nmkab":"NAGAN RAYA","nmprov":"ACEH","label":"sebelum"},"geometry":{"type":"Polygon","coordinates":[[[96.52,4.32],[96.6,4.32],[96.6,4.4],[96.52,4.4],[96.52,4.32]]]}},{"type":"Feature","id":243,"properties":{"ntl_value":0.326,"nmkab":"NAGAN RAYA","nmprov":"ACEH","label":"sebelum"},"geometry":{"type":"Polygon","coordinates":[[[96.52,4.4],[96.6,4.4],[96.6,4.48],[96.52,4.48],[96.52,4.4]]]}},{"type":"Feature","id":244,"properties":{"ntl_value":0.42,"nmkab":"NAGAN RAYA","nmprov":"ACEH","label":"sebelum"},"geometry":{"type":"Polygon","coordinates":[[[96.52,4.48],[96.6,4.48],[96.6,4.56],[96.52,4.56],[96.52,4.48]]]}},{"type":"Feature","id":245,"properties":{"ntl_value":0.56,"nmkab":"ACEH TENGAH","nmprov":"ACEH","label":"sebelum"},"geometry":{"type":"Polygon","coordinates":[[[96.52,4.56],[96.6,4.56],[96.6,4.64],[96.52,4.64],[96.52,4.56]]]}},{"type":"Feature","id":246,"properties":{"ntl_value":0.466,"nmkab":"ACEH TENGAH","nmprov":"ACEH","label":"sebelum"},"geometry":{"type":"Polygon","coordinates":[[[96.52,4.64],[96.6,4.64],[96.6,4.72],[96.52,4.72],[96.52,4.64]]]}},{"type":"Feature","id":247,"properties":{"ntl_value":0.471,"nmkab":"ACEH TENGAH","nmprov":"ACEH","label":"sebelum"},"geometry":{"type":"Polygon","coordinates":[[[96.52,4.72],[96.6,4.72],[96.6,4.8],[96.52,4.8],[96.52,4.72]]]}},{"type":"Feature","id":248,"properties":{"ntl_value":0.503,"nmkab":"ACEH TENGAH","nmprov":"ACEH","label":"sebelum"},"geometry":{"type":"Polygon","coordinates":[[[96.52,4.8],[96.6,4.8],[96.6,4.88],[96.52,4.88],[96.52,4.8]]]}},{"type":"Feature","id":249,"properties":{"ntl_value":0.489,"nmkab":"ACEH TENGAH","nmprov":"ACEH","label":"sebelum"},"geometry":{"type":"Polygon","coordinates":[[[96.52,4.88],[96.6,4.88],[96.6,4.96],[96.52,4.96],[96.52,4.88]]]}},{"type":"Feature","id":250,"properties":{"ntl_value":0.432,"nmkab":"BIREUEN","nmprov":"ACEH","label":"sebelum"},"geometry":{"type":"Polygon","coordinates":[[[96.52,4.96],[96.6,4.96],[96.6,5.04],[96.52,5.04],[96.52,4.96]]]}},{"type":"Feature","id":251,"properties":{"ntl_value":0.395,"nmkab":"BIREUEN","nmprov":"ACEH","label":"sebelum"},"geometry":{"type":"Polygon","coordinates":[[[96.52,5.04],[96.6,5.04],[96.6,5.12],[96.52,5.12],[96.52,5.04]]]}},{"type":"Feature","id":252,"properties":{"ntl_value":0.379,"nmkab":"BIREUEN","nmprov":"ACEH","label":"sebelum"},"geometry":{"type":"Polygon","coordinates":[[[96.52,5.12],[96.6,5.12],[96.6,5.2],[96.52,5.2],[96.52,5.12]]]}},{"type":"Feature","id":253,"properties":{"ntl_value":0.49,"nmkab":"ACEH BARAT DAYA","nmprov":"ACEH","label":"sebelum"},"geometry":{"type":"Polygon","coordinates":[[[96.6,3.76],[96.68,3.76],[96.68,3.84],[96.6,3.84],[96.6,3.76]]]}},{"type":"Feature","id":254,"properties":{"ntl_value":0.48,"nmkab":"ACEH BARAT DAYA","nmprov":"ACEH","label":"sebelum"},"geometry":{"type":"Polygon","coordinates":[[[96.6,3.84],[96.68,3.84],[96.68,3.92],[96.6,3.92],[96.6,3.84]]]}},{"type":"Feature","id":255,"properties":{"ntl_value":0.482,"nmkab":"ACEH BARAT DAYA","nmprov":"ACEH","label":"sebelum"},"geometry":{"type":"Polygon","coordinates":[[[96.6,3.92],[96.68,3.92],[96.68,4],[96.6,4],[96.6,3.92]]]}},{"type":"Feature","id":256,"properties":{"ntl_value":0.374,"nmkab":"NAGAN RAYA","nmprov":"ACEH","label":"sebelum"},"geometry":{"type":"Polygon","coordinates":[[[96.6,4],[96.68,4],[96.68,4.08],[96.6,4.08],[96.6,4]]]}},{"type":"Feature","id":257,"properties":{"ntl_value":0.335,"nmkab":"NAGAN RAYA","nmprov":"ACEH","label":"sebelum"},"geometry":{"type":"Polygon","coordinates":[[[96.6,4.08],[96.68,4.08],[96.68,4.16],[96.6,4.16],[96.6,4.08]]]}},{"type":"Feature","id":258,"properties":{"ntl_value":0.397,"nmkab":"NAGAN RAYA","nmprov":"ACEH","label":"sebelum"},"geometry":{"type":"Polygon","coordinates":[[[96.6,4.16],[96.68,4.16],[96.68,4.24],[96.6,4.24],[96.6,4.16]]]}},{"type":"Feature","id":259,"properties":{"ntl_value":0.342,"nmkab":"NAGAN RAYA","nmprov":"ACEH","label":"sebelum"},"geometry":{"type":"Polygon","coordinates":[[[96.6,4.24],[96.68,4.24],[96.68,4.32],[96.6,4.32],[96.6,4.24]]]}},{"type":"Feature","id":260,"properties":{"ntl_value":0.402,"nmkab":"NAGAN RAYA","nmprov":"ACEH","label":"sebelum"},"geometry":{"type":"Polygon","coordinates":[[[96.6,4.32],[96.68,4.32],[96.68,4.4],[96.6,4.4],[96.6,4.32]]]}},{"type":"Feature","id":261,"properties":{"ntl_value":0.469,"nmkab":"ACEH TENGAH","nmprov":"ACEH","label":"sebelum"},"geometry":{"type":"Polygon","coordinates":[[[96.6,4.4],[96.68,4.4],[96.68,4.48],[96.6,4.48],[96.6,4.4]]]}},{"type":"Feature","id":262,"properties":{"ntl_value":0.566,"nmkab":"ACEH TENGAH","nmprov":"ACEH","label":"sebelum"},"geometry":{"type":"Polygon","coordinates":[[[96.6,4.48],[96.68,4.48],[96.68,4.56],[96.6,4.56],[96.6,4.48]]]}},{"type":"Feature","id":263,"properties":{"ntl_value":0.435,"nmkab":"ACEH TENGAH","nmprov":"ACEH","label":"sebelum"},"geometry":{"type":"Polygon","coordinates":[[[96.6,4.56],[96.68,4.56],[96.68,4.64],[96.6,4.64],[96.6,4.56]]]}},{"type":"Feature","id":264,"properties":{"ntl_value":0.466,"nmkab":"ACEH TENGAH","nmprov":"ACEH","label":"sebelum"},"geometry":{"type":"Polygon","coordinates":[[[96.6,4.64],[96.68,4.64],[96.68,4.72],[96.6,4.72],[96.6,4.64]]]}},{"type":"Feature","id":265,"properties":{"ntl_value":0.446,"nmkab":"ACEH TENGAH","nmprov":"ACEH","label":"sebelum"},"geometry":{"type":"Polygon","coordinates":[[[96.6,4.72],[96.68,4.72],[96.68,4.8],[96.6,4.8],[96.6,4.72]]]}},{"type":"Feature","id":266,"properties":{"ntl_value":0.466,"nmkab":"ACEH TENGAH","nmprov":"ACEH","label":"sebelum"},"geometry":{"type":"Polygon","coordinates":[[[96.6,4.8],[96.68,4.8],[96.68,4.88],[96.6,4.88],[96.6,4.8]]]}},{"type":"Feature","id":267,"properties":{"ntl_value":0.465,"nmkab":"ACEH TENGAH","nmprov":"ACEH","label":"sebelum"},"geometry":{"type":"Polygon","coordinates":[[[96.6,4.88],[96.68,4.88],[96.68,4.96],[96.6,4.96],[96.6,4.88]]]}},{"type":"Feature","id":268,"properties":{"ntl_value":0.467,"nmkab":"BIREUEN","nmprov":"ACEH","label":"sebelum"},"geometry":{"type":"Polygon","coordinates":[[[96.6,4.96],[96.68,4.96],[96.68,5.04],[96.6,5.04],[96.6,4.96]]]}},{"type":"Feature","id":269,"properties":{"ntl_value":0.401,"nmkab":"BIREUEN","nmprov":"ACEH","label":"sebelum"},"geometry":{"type":"Polygon","coordinates":[[[96.6,5.04],[96.68,5.04],[96.68,5.12],[96.6,5.12],[96.6,5.04]]]}},{"type":"Feature","id":270,"properties":{"ntl_value":0.442,"nmkab":"BIREUEN","nmprov":"ACEH","label":"sebelum"},"geometry":{"type":"Polygon","coordinates":[[[96.6,5.12],[96.68,5.12],[96.68,5.2],[96.6,5.2],[96.6,5.12]]]}},{"type":"Feature","id":271,"properties":{"ntl_value":0.441,"nmkab":"ACEH BARAT DAYA","nmprov":"ACEH","label":"sebelum"},"geometry":{"type":"Polygon","coordinates":[[[96.68,3.76],[96.76,3.76],[96.76,3.84],[96.68,3.84],[96.68,3.76]]]}},{"type":"Feature","id":272,"properties":{"ntl_value":0.469,"nmkab":"ACEH BARAT DAYA","nmprov":"ACEH","label":"sebelum"},"geometry":{"type":"Polygon","coordinates":[[[96.68,3.84],[96.76,3.84],[96.76,3.92],[96.68,3.92],[96.68,3.84]]]}},{"type":"Feature","id":273,"properties":{"ntl_value":0.469,"nmkab":"ACEH BARAT DAYA","nmprov":"ACEH","label":"sebelum"},"geometry":{"type":"Polygon","coordinates":[[[96.68,3.92],[96.76,3.92],[96.76,4],[96.68,4],[96.68,3.92]]]}},{"type":"Feature","id":274,"properties":{"ntl_value":0.382,"nmkab":"NAGAN RAYA","nmprov":"ACEH","label":"sebelum"},"geometry":{"type":"Polygon","coordinates":[[[96.68,4],[96.76,4],[96.76,4.08],[96.68,4.08],[96.68,4]]]}},{"type":"Feature","id":275,"properties":{"ntl_value":0.45,"nmkab":"NAGAN RAYA","nmprov":"ACEH","label":"sebelum"},"geometry":{"type":"Polygon","coordinates":[[[96.68,4.08],[96.76,4.08],[96.76,4.16],[96.68,4.16],[96.68,4.08]]]}},{"type":"Feature","id":276,"properties":{"ntl_value":0.317,"nmkab":"NAGAN RAYA","nmprov":"ACEH","label":"sebelum"},"geometry":{"type":"Polygon","coordinates":[[[96.68,4.16],[96.76,4.16],[96.76,4.24],[96.68,4.24],[96.68,4.16]]]}},{"type":"Feature","id":277,"properties":{"ntl_value":0.43,"nmkab":"NAGAN RAYA","nmprov":"ACEH","label":"sebelum"},"geometry":{"type":"Polygon","coordinates":[[[96.68,4.24],[96.76,4.24],[96.76,4.32],[96.68,4.32],[96.68,4.24]]]}},{"type":"Feature","id":278,"properties":{"ntl_value":0.444,"nmkab":"ACEH TENGAH","nmprov":"ACEH","label":"sebelum"},"geometry":{"type":"Polygon","coordinates":[[[96.68,4.32],[96.76,4.32],[96.76,4.4],[96.68,4.4],[96.68,4.32]]]}},{"type":"Feature","id":279,"properties":{"ntl_value":0.451,"nmkab":"ACEH TENGAH","nmprov":"ACEH","label":"sebelum"},"geometry":{"type":"Polygon","coordinates":[[[96.68,4.4],[96.76,4.4],[96.76,4.48],[96.68,4.48],[96.68,4.4]]]}},{"type":"Feature","id":280,"properties":{"ntl_value":0.559,"nmkab":"ACEH TENGAH","nmprov":"ACEH","label":"sebelum"},"geometry":{"type":"Polygon","coordinates":[[[96.68,4.48],[96.76,4.48],[96.76,4.56],[96.68,4.56],[96.68,4.48]]]}},{"type":"Feature","id":281,"properties":{"ntl_value":0.476,"nmkab":"ACEH TENGAH","nmprov":"ACEH","label":"sebelum"},"geometry":{"type":"Polygon","coordinates":[[[96.68,4.56],[96.76,4.56],[96.76,4.64],[96.68,4.64],[96.68,4.56]]]}},{"type":"Feature","id":282,"properties":{"ntl_value":0.509,"nmkab":"ACEH TENGAH","nmprov":"ACEH","label":"sebelum"},"geometry":{"type":"Polygon","coordinates":[[[96.68,4.64],[96.76,4.64],[96.76,4.72],[96.68,4.72],[96.68,4.64]]]}},{"type":"Feature","id":283,"properties":{"ntl_value":0.471,"nmkab":"BENER MERIAH","nmprov":"ACEH","label":"sebelum"},"geometry":{"type":"Polygon","coordinates":[[[96.68,4.72],[96.76,4.72],[96.76,4.8],[96.68,4.8],[96.68,4.72]]]}},{"type":"Feature","id":284,"properties":{"ntl_value":0.476,"nmkab":"BENER MERIAH","nmprov":"ACEH","label":"sebelum"},"geometry":{"type":"Polygon","coordinates":[[[96.68,4.8],[96.76,4.8],[96.76,4.88],[96.68,4.88],[96.68,4.8]]]}},{"type":"Feature","id":285,"properties":{"ntl_value":0.488,"nmkab":"BENER MERIAH","nmprov":"ACEH","label":"sebelum"},"geometry":{"type":"Polygon","coordinates":[[[96.68,4.88],[96.76,4.88],[96.76,4.96],[96.68,4.96],[96.68,4.88]]]}},{"type":"Feature","id":286,"properties":{"ntl_value":0.357,"nmkab":"BIREUEN","nmprov":"ACEH","label":"sebelum"},"geometry":{"type":"Polygon","coordinates":[[[96.68,4.96],[96.76,4.96],[96.76,5.04],[96.68,5.04],[96.68,4.96]]]}},{"type":"Feature","id":287,"properties":{"ntl_value":0.443,"nmkab":"BIREUEN","nmprov":"ACEH","label":"sebelum"},"geometry":{"type":"Polygon","coordinates":[[[96.68,5.04],[96.76,5.04],[96.76,5.12],[96.68,5.12],[96.68,5.04]]]}},{"type":"Feature","id":288,"properties":{"ntl_value":0.448,"nmkab":"BIREUEN","nmprov":"ACEH","label":"sebelum"},"geometry":{"type":"Polygon","coordinates":[[[96.68,5.12],[96.76,5.12],[96.76,5.2],[96.68,5.2],[96.68,5.12]]]}},{"type":"Feature","id":289,"properties":{"ntl_value":0.399,"nmkab":"BIREUEN","nmprov":"ACEH","label":"sebelum"},"geometry":{"type":"Polygon","coordinates":[[[96.68,5.2],[96.76,5.2],[96.76,5.28],[96.68,5.28],[96.68,5.2]]]}},{"type":"Feature","id":290,"properties":{"ntl_value":0.453,"nmkab":"ACEH BARAT DAYA","nmprov":"ACEH","label":"sebelum"},"geometry":{"type":"Polygon","coordinates":[[[96.76,3.76],[96.84,3.76],[96.84,3.84],[96.76,3.84],[96.76,3.76]]]}},{"type":"Feature","id":291,"properties":{"ntl_value":0.478,"nmkab":"ACEH BARAT DAYA","nmprov":"ACEH","label":"sebelum"},"geometry":{"type":"Polygon","coordinates":[[[96.76,3.84],[96.84,3.84],[96.84,3.92],[96.76,3.92],[96.76,3.84]]]}},{"type":"Feature","id":292,"properties":{"ntl_value":0.409,"nmkab":"ACEH BARAT DAYA","nmprov":"ACEH","label":"sebelum"},"geometry":{"type":"Polygon","coordinates":[[[96.76,3.92],[96.84,3.92],[96.84,4],[96.76,4],[96.76,3.92]]]}},{"type":"Feature","id":293,"properties":{"ntl_value":0.314,"nmkab":"GAYO LUES","nmprov":"ACEH","label":"sebelum"},"geometry":{"type":"Polygon","coordinates":[[[96.76,4],[96.84,4],[96.84,4.08],[96.76,4.08],[96.76,4]]]}},{"type":"Feature","id":294,"properties":{"ntl_value":0.244,"nmkab":"GAYO LUES","nmprov":"ACEH","label":"sebelum"},"geometry":{"type":"Polygon","coordinates":[[[96.76,4.08],[96.84,4.08],[96.84,4.16],[96.76,4.16],[96.76,4.08]]]}},{"type":"Feature","id":295,"properties":{"ntl_value":0.267,"nmkab":"GAYO LUES","nmprov":"ACEH","label":"sebelum"},"geometry":{"type":"Polygon","coordinates":[[[96.76,4.16],[96.84,4.16],[96.84,4.24],[96.76,4.24],[96.76,4.16]]]}},{"type":"Feature","id":296,"properties":{"ntl_value":0.3,"nmkab":"GAYO LUES","nmprov":"ACEH","label":"sebelum"},"geometry":{"type":"Polygon","coordinates":[[[96.76,4.24],[96.84,4.24],[96.84,4.32],[96.76,4.32],[96.76,4.24]]]}},{"type":"Feature","id":297,"properties":{"ntl_value":0.458,"nmkab":"ACEH TENGAH","nmprov":"ACEH","label":"sebelum"},"geometry":{"type":"Polygon","coordinates":[[[96.76,4.32],[96.84,4.32],[96.84,4.4],[96.76,4.4],[96.76,4.32]]]}},{"type":"Feature","id":298,"properties":{"ntl_value":0.558,"nmkab":"ACEH TENGAH","nmprov":"ACEH","label":"sebelum"},"geometry":{"type":"Polygon","coordinates":[[[96.76,4.4],[96.84,4.4],[96.84,4.48],[96.76,4.48],[96.76,4.4]]]}},{"type":"Feature","id":299,"properties":{"ntl_value":0.569,"nmkab":"ACEH TENGAH","nmprov":"ACEH","label":"sebelum"},"geometry":{"type":"Polygon","coordinates":[[[96.76,4.48],[96.84,4.48],[96.84,4.56],[96.76,4.56],[96.76,4.48]]]}},{"type":"Feature","id":300,"properties":{"ntl_value":0.561,"nmkab":"ACEH TENGAH","nmprov":"ACEH","label":"sebelum"},"geometry":{"type":"Polygon","coordinates":[[[96.76,4.56],[96.84,4.56],[96.84,4.64],[96.76,4.64],[96.76,4.56]]]}},{"type":"Feature","id":301,"properties":{"ntl_value":0.455,"nmkab":"ACEH TENGAH","nmprov":"ACEH","label":"sebelum"},"geometry":{"type":"Polygon","coordinates":[[[96.76,4.64],[96.84,4.64],[96.84,4.72],[96.76,4.72],[96.76,4.64]]]}},{"type":"Feature","id":302,"properties":{"ntl_value":0.423,"nmkab":"BENER MERIAH","nmprov":"ACEH","label":"sebelum"},"geometry":{"type":"Polygon","coordinates":[[[96.76,4.72],[96.84,4.72],[96.84,4.8],[96.76,4.8],[96.76,4.72]]]}},{"type":"Feature","id":303,"properties":{"ntl_value":0.49,"nmkab":"BENER MERIAH","nmprov":"ACEH","label":"sebelum"},"geometry":{"type":"Polygon","coordinates":[[[96.76,4.8],[96.84,4.8],[96.84,4.88],[96.76,4.88],[96.76,4.8]]]}},{"type":"Feature","id":304,"properties":{"ntl_value":0.382,"nmkab":"BENER MERIAH","nmprov":"ACEH","label":"sebelum"},"geometry":{"type":"Polygon","coordinates":[[[96.76,4.88],[96.84,4.88],[96.84,4.96],[96.76,4.96],[96.76,4.88]]]}},{"type":"Feature","id":305,"properties":{"ntl_value":0.455,"nmkab":"BIREUEN","nmprov":"ACEH","label":"sebelum"},"geometry":{"type":"Polygon","coordinates":[[[96.76,4.96],[96.84,4.96],[96.84,5.04],[96.76,5.04],[96.76,4.96]]]}},{"type":"Feature","id":306,"properties":{"ntl_value":0.378,"nmkab":"BIREUEN","nmprov":"ACEH","label":"sebelum"},"geometry":{"type":"Polygon","coordinates":[[[96.76,5.04],[96.84,5.04],[96.84,5.12],[96.76,5.12],[96.76,5.04]]]}},{"type":"Feature","id":307,"properties":{"ntl_value":0.361,"nmkab":"BIREUEN","nmprov":"ACEH","label":"sebelum"},"geometry":{"type":"Polygon","coordinates":[[[96.76,5.12],[96.84,5.12],[96.84,5.2],[96.76,5.2],[96.76,5.12]]]}},{"type":"Feature","id":308,"properties":{"ntl_value":0.487,"nmkab":"BIREUEN","nmprov":"ACEH","label":"sebelum"},"geometry":{"type":"Polygon","coordinates":[[[96.76,5.2],[96.84,5.2],[96.84,5.28],[96.76,5.28],[96.76,5.2]]]}},{"type":"Feature","id":309,"properties":{"ntl_value":0.5,"nmkab":"ACEH BARAT DAYA","nmprov":"ACEH","label":"sebelum"},"geometry":{"type":"Polygon","coordinates":[[[96.84,3.68],[96.92,3.68],[96.92,3.76],[96.84,3.76],[96.84,3.68]]]}},{"type":"Feature","id":310,"properties":{"ntl_value":0.461,"nmkab":"ACEH BARAT DAYA","nmprov":"ACEH","label":"sebelum"},"geometry":{"type":"Polygon","coordinates":[[[96.84,3.76],[96.92,3.76],[96.92,3.84],[96.84,3.84],[96.84,3.76]]]}},{"type":"Feature","id":311,"properties":{"ntl_value":0.411,"nmkab":"ACEH BARAT DAYA","nmprov":"ACEH","label":"sebelum"},"geometry":{"type":"Polygon","coordinates":[[[96.84,3.84],[96.92,3.84],[96.92,3.92],[96.84,3.92],[96.84,3.84]]]}},{"type":"Feature","id":312,"properties":{"ntl_value":0.278,"nmkab":"GAYO LUES","nmprov":"ACEH","label":"sebelum"},"geometry":{"type":"Polygon","coordinates":[[[96.84,3.92],[96.92,3.92],[96.92,4],[96.84,4],[96.84,3.92]]]}},{"type":"Feature","id":313,"properties":{"ntl_value":0.271,"nmkab":"GAYO LUES","nmprov":"ACEH","label":"sebelum"},"geometry":{"type":"Polygon","coordinates":[[[96.84,4],[96.92,4],[96.92,4.08],[96.84,4.08],[96.84,4]]]}},{"type":"Feature","id":314,"properties":{"ntl_value":0.316,"nmkab":"GAYO LUES","nmprov":"ACEH","label":"sebelum"},"geometry":{"type":"Polygon","coordinates":[[[96.84,4.08],[96.92,4.08],[96.92,4.16],[96.84,4.16],[96.84,4.08]]]}},{"type":"Feature","id":315,"properties":{"ntl_value":0.33,"nmkab":"GAYO LUES","nmprov":"ACEH","label":"sebelum"},"geometry":{"type":"Polygon","coordinates":[[[96.84,4.16],[96.92,4.16],[96.92,4.24],[96.84,4.24],[96.84,4.16]]]}},{"type":"Feature","id":316,"properties":{"ntl_value":0.429,"nmkab":"ACEH TENGAH","nmprov":"ACEH","label":"sebelum"},"geometry":{"type":"Polygon","coordinates":[[[96.84,4.24],[96.92,4.24],[96.92,4.32],[96.84,4.32],[96.84,4.24]]]}},{"type":"Feature","id":317,"properties":{"ntl_value":0.43,"nmkab":"ACEH TENGAH","nmprov":"ACEH","label":"sebelum"},"geometry":{"type":"Polygon","coordinates":[[[96.84,4.32],[96.92,4.32],[96.92,4.4],[96.84,4.4],[96.84,4.32]]]}},{"type":"Feature","id":318,"properties":{"ntl_value":0.447,"nmkab":"ACEH TENGAH","nmprov":"ACEH","label":"sebelum"},"geometry":{"type":"Polygon","coordinates":[[[96.84,4.4],[96.92,4.4],[96.92,4.48],[96.84,4.48],[96.84,4.4]]]}},{"type":"Feature","id":319,"properties":{"ntl_value":0.542,"nmkab":"ACEH TENGAH","nmprov":"ACEH","label":"sebelum"},"geometry":{"type":"Polygon","coordinates":[[[96.84,4.48],[96.92,4.48],[96.92,4.56],[96.84,4.56],[96.84,4.48]]]}},{"type":"Feature","id":320,"properties":{"ntl_value":0.479,"nmkab":"ACEH TENGAH","nmprov":"ACEH","label":"sebelum"},"geometry":{"type":"Polygon","coordinates":[[[96.84,4.56],[96.92,4.56],[96.92,4.64],[96.84,4.64],[96.84,4.56]]]}},{"type":"Feature","id":321,"properties":{"ntl_value":0.418,"nmkab":"BENER MERIAH","nmprov":"ACEH","label":"sebelum"},"geometry":{"type":"Polygon","coordinates":[[[96.84,4.64],[96.92,4.64],[96.92,4.72],[96.84,4.72],[96.84,4.64]]]}},{"type":"Feature","id":322,"properties":{"ntl_value":0.519,"nmkab":"BENER MERIAH","nmprov":"ACEH","label":"sebelum"},"geometry":{"type":"Polygon","coordinates":[[[96.84,4.72],[96.92,4.72],[96.92,4.8],[96.84,4.8],[96.84,4.72]]]}},{"type":"Feature","id":323,"properties":{"ntl_value":0.492,"nmkab":"BENER MERIAH","nmprov":"ACEH","label":"sebelum"},"geometry":{"type":"Polygon","coordinates":[[[96.84,4.8],[96.92,4.8],[96.92,4.88],[96.84,4.88],[96.84,4.8]]]}},{"type":"Feature","id":324,"properties":{"ntl_value":0.499,"nmkab":"ACEH UTARA","nmprov":"ACEH","label":"sebelum"},"geometry":{"type":"Polygon","coordinates":[[[96.84,4.88],[96.92,4.88],[96.92,4.96],[96.84,4.96],[96.84,4.88]]]}},{"type":"Feature","id":325,"properties":{"ntl_value":0.542,"nmkab":"ACEH UTARA","nmprov":"ACEH","label":"sebelum"},"geometry":{"type":"Polygon","coordinates":[[[96.84,4.96],[96.92,4.96],[96.92,5.04],[96.84,5.04],[96.84,4.96]]]}},{"type":"Feature","id":326,"properties":{"ntl_value":0.479,"nmkab":"ACEH UTARA","nmprov":"ACEH","label":"sebelum"},"geometry":{"type":"Polygon","coordinates":[[[96.84,5.04],[96.92,5.04],[96.92,5.12],[96.84,5.12],[96.84,5.04]]]}},{"type":"Feature","id":327,"properties":{"ntl_value":0.396,"nmkab":"BIREUEN","nmprov":"ACEH","label":"sebelum"},"geometry":{"type":"Polygon","coordinates":[[[96.84,5.12],[96.92,5.12],[96.92,5.2],[96.84,5.2],[96.84,5.12]]]}},{"type":"Feature","id":328,"properties":{"ntl_value":0.443,"nmkab":"BIREUEN","nmprov":"ACEH","label":"sebelum"},"geometry":{"type":"Polygon","coordinates":[[[96.84,5.2],[96.92,5.2],[96.92,5.28],[96.84,5.28],[96.84,5.2]]]}},{"type":"Feature","id":329,"properties":{"ntl_value":0.43,"nmkab":"ACEH BARAT DAYA","nmprov":"ACEH","label":"sebelum"},"geometry":{"type":"Polygon","coordinates":[[[96.92,3.6],[97,3.6],[97,3.68],[96.92,3.68],[96.92,3.6]]]}},{"type":"Feature","id":330,"properties":{"ntl_value":0.457,"nmkab":"ACEH BARAT DAYA","nmprov":"ACEH","label":"sebelum"},"geometry":{"type":"Polygon","coordinates":[[[96.92,3.68],[97,3.68],[97,3.76],[96.92,3.76],[96.92,3.68]]]}},{"type":"Feature","id":331,"properties":{"ntl_value":0.498,"nmkab":"ACEH BARAT DAYA","nmprov":"ACEH","label":"sebelum"},"geometry":{"type":"Polygon","coordinates":[[[96.92,3.76],[97,3.76],[97,3.84],[96.92,3.84],[96.92,3.76]]]}},{"type":"Feature","id":332,"properties":{"ntl_value":0.417,"nmkab":"ACEH BARAT DAYA","nmprov":"ACEH","label":"sebelum"},"geometry":{"type":"Polygon","coordinates":[[[96.92,3.84],[97,3.84],[97,3.92],[96.92,3.92],[96.92,3.84]]]}},{"type":"Feature","id":333,"properties":{"ntl_value":0.229,"nmkab":"GAYO LUES","nmprov":"ACEH","label":"sebelum"},"geometry":{"type":"Polygon","coordinates":[[[96.92,3.92],[97,3.92],[97,4],[96.92,4],[96.92,3.92]]]}},{"type":"Feature","id":334,"properties":{"ntl_value":0.231,"nmkab":"GAYO LUES","nmprov":"ACEH","label":"sebelum"},"geometry":{"type":"Polygon","coordinates":[[[96.92,4],[97,4],[97,4.08],[96.92,4.08],[96.92,4]]]}},{"type":"Feature","id":335,"properties":{"ntl_value":0.282,"nmkab":"GAYO LUES","nmprov":"ACEH","label":"sebelum"},"geometry":{"type":"Polygon","coordinates":[[[96.92,4.08],[97,4.08],[97,4.16],[96.92,4.16],[96.92,4.08]]]}},{"type":"Feature","id":336,"properties":{"ntl_value":0.438,"nmkab":"ACEH TENGAH","nmprov":"ACEH","label":"sebelum"},"geometry":{"type":"Polygon","coordinates":[[[96.92,4.16],[97,4.16],[97,4.24],[96.92,4.24],[96.92,4.16]]]}},{"type":"Feature","id":337,"properties":{"ntl_value":0.447,"nmkab":"ACEH TENGAH","nmprov":"ACEH","label":"sebelum"},"geometry":{"type":"Polygon","coordinates":[[[96.92,4.24],[97,4.24],[97,4.32],[96.92,4.32],[96.92,4.24]]]}},{"type":"Feature","id":338,"properties":{"ntl_value":0.509,"nmkab":"ACEH TENGAH","nmprov":"ACEH","label":"sebelum"},"geometry":{"type":"Polygon","coordinates":[[[96.92,4.32],[97,4.32],[97,4.4],[96.92,4.4],[96.92,4.32]]]}},{"type":"Feature","id":339,"properties":{"ntl_value":0.47,"nmkab":"ACEH TENGAH","nmprov":"ACEH","label":"sebelum"},"geometry":{"type":"Polygon","coordinates":[[[96.92,4.4],[97,4.4],[97,4.48],[96.92,4.48],[96.92,4.4]]]}},{"type":"Feature","id":340,"properties":{"ntl_value":0.473,"nmkab":"ACEH TENGAH","nmprov":"ACEH","label":"sebelum"},"geometry":{"type":"Polygon","coordinates":[[[96.92,4.48],[97,4.48],[97,4.56],[96.92,4.56],[96.92,4.48]]]}},{"type":"Feature","id":341,"properties":{"ntl_value":0.508,"nmkab":"ACEH TENGAH","nmprov":"ACEH","label":"sebelum"},"geometry":{"type":"Polygon","coordinates":[[[96.92,4.56],[97,4.56],[97,4.64],[96.92,4.64],[96.92,4.56]]]}},{"type":"Feature","id":342,"properties":{"ntl_value":0.515,"nmkab":"BENER MERIAH","nmprov":"ACEH","label":"sebelum"},"geometry":{"type":"Polygon","coordinates":[[[96.92,4.64],[97,4.64],[97,4.72],[96.92,4.72],[96.92,4.64]]]}},{"type":"Feature","id":343,"properties":{"ntl_value":0.431,"nmkab":"BENER MERIAH","nmprov":"ACEH","label":"sebelum"},"geometry":{"type":"Polygon","coordinates":[[[96.92,4.72],[97,4.72],[97,4.8],[96.92,4.8],[96.92,4.72]]]}},{"type":"Feature","id":344,"properties":{"ntl_value":0.489,"nmkab":"BENER MERIAH","nmprov":"ACEH","label":"sebelum"},"geometry":{"type":"Polygon","coordinates":[[[96.92,4.8],[97,4.8],[97,4.88],[96.92,4.88],[96.92,4.8]]]}},{"type":"Feature","id":345,"properties":{"ntl_value":0.475,"nmkab":"ACEH UTARA","nmprov":"ACEH","label":"sebelum"},"geometry":{"type":"Polygon","coordinates":[[[96.92,4.88],[97,4.88],[97,4.96],[96.92,4.96],[96.92,4.88]]]}},{"type":"Feature","id":346,"properties":{"ntl_value":0.61,"nmkab":"ACEH UTARA","nmprov":"ACEH","label":"sebelum"},"geometry":{"type":"Polygon","coordinates":[[[96.92,4.96],[97,4.96],[97,5.04],[96.92,5.04],[96.92,4.96]]]}},{"type":"Feature","id":347,"properties":{"ntl_value":0.526,"nmkab":"ACEH UTARA","nmprov":"ACEH","label":"sebelum"},"geometry":{"type":"Polygon","coordinates":[[[96.92,5.04],[97,5.04],[97,5.12],[96.92,5.12],[96.92,5.04]]]}},{"type":"Feature","id":348,"properties":{"ntl_value":0.497,"nmkab":"ACEH UTARA","nmprov":"ACEH","label":"sebelum"},"geometry":{"type":"Polygon","coordinates":[[[96.92,5.12],[97,5.12],[97,5.2],[96.92,5.2],[96.92,5.12]]]}},{"type":"Feature","id":349,"properties":{"ntl_value":0.496,"nmkab":"ACEH UTARA","nmprov":"ACEH","label":"sebelum"},"geometry":{"type":"Polygon","coordinates":[[[96.92,5.2],[97,5.2],[97,5.28],[96.92,5.28],[96.92,5.2]]]}},{"type":"Feature","id":350,"properties":{"ntl_value":0.369,"nmkab":"ACEH SELATAN","nmprov":"ACEH","label":"sebelum"},"geometry":{"type":"Polygon","coordinates":[[[97,3.52],[97.08,3.52],[97.08,3.6],[97,3.6],[97,3.52]]]}},{"type":"Feature","id":351,"properties":{"ntl_value":0.401,"nmkab":"ACEH BARAT DAYA","nmprov":"ACEH","label":"sebelum"},"geometry":{"type":"Polygon","coordinates":[[[97,3.6],[97.08,3.6],[97.08,3.68],[97,3.68],[97,3.6]]]}},{"type":"Feature","id":352,"properties":{"ntl_value":0.491,"nmkab":"ACEH BARAT DAYA","nmprov":"ACEH","label":"sebelum"},"geometry":{"type":"Polygon","coordinates":[[[97,3.68],[97.08,3.68],[97.08,3.76],[97,3.76],[97,3.68]]]}},{"type":"Feature","id":353,"properties":{"ntl_value":0.434,"nmkab":"ACEH BARAT DAYA","nmprov":"ACEH","label":"sebelum"},"geometry":{"type":"Polygon","coordinates":[[[97,3.76],[97.08,3.76],[97.08,3.84],[97,3.84],[97,3.76]]]}},{"type":"Feature","id":354,"properties":{"ntl_value":0.469,"nmkab":"ACEH BARAT DAYA","nmprov":"ACEH","label":"sebelum"},"geometry":{"type":"Polygon","coordinates":[[[97,3.84],[97.08,3.84],[97.08,3.92],[97,3.92],[97,3.84]]]}},{"type":"Feature","id":355,"properties":{"ntl_value":0.385,"nmkab":"ACEH BARAT DAYA","nmprov":"ACEH","label":"sebelum"},"geometry":{"type":"Polygon","coordinates":[[[97,3.92],[97.08,3.92],[97.08,4],[97,4],[97,3.92]]]}},{"type":"Feature","id":356,"properties":{"ntl_value":0.274,"nmkab":"GAYO LUES","nmprov":"ACEH","label":"sebelum"},"geometry":{"type":"Polygon","coordinates":[[[97,4],[97.08,4],[97.08,4.08],[97,4.08],[97,4]]]}},{"type":"Feature","id":357,"properties":{"ntl_value":0.361,"nmkab":"GAYO LUES","nmprov":"ACEH","label":"sebelum"},"geometry":{"type":"Polygon","coordinates":[[[97,4.08],[97.08,4.08],[97.08,4.16],[97,4.16],[97,4.08]]]}},{"type":"Feature","id":358,"properties":{"ntl_value":0.288,"nmkab":"GAYO LUES","nmprov":"ACEH","label":"sebelum"},"geometry":{"type":"Polygon","coordinates":[[[97,4.16],[97.08,4.16],[97.08,4.24],[97,4.24],[97,4.16]]]}},{"type":"Feature","id":359,"properties":{"ntl_value":0.487,"nmkab":"ACEH TENGAH","nmprov":"ACEH","label":"sebelum"},"geometry":{"type":"Polygon","coordinates":[[[97,4.24],[97.08,4.24],[97.08,4.32],[97,4.32],[97,4.24]]]}},{"type":"Feature","id":360,"properties":{"ntl_value":0.493,"nmkab":"ACEH TENGAH","nmprov":"ACEH","label":"sebelum"},"geometry":{"type":"Polygon","coordinates":[[[97,4.32],[97.08,4.32],[97.08,4.4],[97,4.4],[97,4.32]]]}},{"type":"Feature","id":361,"properties":{"ntl_value":0.436,"nmkab":"ACEH TENGAH","nmprov":"ACEH","label":"sebelum"},"geometry":{"type":"Polygon","coordinates":[[[97,4.4],[97.08,4.4],[97.08,4.48],[97,4.48],[97,4.4]]]}},{"type":"Feature","id":362,"properties":{"ntl_value":0.546,"nmkab":"ACEH TENGAH","nmprov":"ACEH","label":"sebelum"},"geometry":{"type":"Polygon","coordinates":[[[97,4.48],[97.08,4.48],[97.08,4.56],[97,4.56],[97,4.48]]]}},{"type":"Feature","id":363,"properties":{"ntl_value":0.453,"nmkab":"ACEH TENGAH","nmprov":"ACEH","label":"sebelum"},"geometry":{"type":"Polygon","coordinates":[[[97,4.56],[97.08,4.56],[97.08,4.64],[97,4.64],[97,4.56]]]}},{"type":"Feature","id":364,"properties":{"ntl_value":0.484,"nmkab":"BENER MERIAH","nmprov":"ACEH","label":"sebelum"},"geometry":{"type":"Polygon","coordinates":[[[97,4.64],[97.08,4.64],[97.08,4.72],[97,4.72],[97,4.64]]]}},{"type":"Feature","id":365,"properties":{"ntl_value":0.515,"nmkab":"BENER MERIAH","nmprov":"ACEH","label":"sebelum"},"geometry":{"type":"Polygon","coordinates":[[[97,4.72],[97.08,4.72],[97.08,4.8],[97,4.8],[97,4.72]]]}},{"type":"Feature","id":366,"properties":{"ntl_value":0.42,"nmkab":"BENER MERIAH","nmprov":"ACEH","label":"sebelum"},"geometry":{"type":"Polygon","coordinates":[[[97,4.8],[97.08,4.8],[97.08,4.88],[97,4.88],[97,4.8]]]}},{"type":"Feature","id":367,"properties":{"ntl_value":0.526,"nmkab":"ACEH UTARA","nmprov":"ACEH","label":"sebelum"},"geometry":{"type":"Polygon","coordinates":[[[97,4.88],[97.08,4.88],[97.08,4.96],[97,4.96],[97,4.88]]]}},{"type":"Feature","id":368,"properties":{"ntl_value":0.547,"nmkab":"ACEH UTARA","nmprov":"ACEH","label":"sebelum"},"geometry":{"type":"Polygon","coordinates":[[[97,4.96],[97.08,4.96],[97.08,5.04],[97,5.04],[97,4.96]]]}},{"type":"Feature","id":369,"properties":{"ntl_value":0.505,"nmkab":"ACEH UTARA","nmprov":"ACEH","label":"sebelum"},"geometry":{"type":"Polygon","coordinates":[[[97,5.04],[97.08,5.04],[97.08,5.12],[97,5.12],[97,5.04]]]}},{"type":"Feature","id":370,"properties":{"ntl_value":0.62,"nmkab":"ACEH UTARA","nmprov":"ACEH","label":"sebelum"},"geometry":{"type":"Polygon","coordinates":[[[97,5.12],[97.08,5.12],[97.08,5.2],[97,5.2],[97,5.12]]]}},{"type":"Feature","id":371,"properties":{"ntl_value":0.511,"nmkab":"NIAS UTARA","nmprov":"SUMATERA UTARA","label":"sebelum"},"geometry":{"type":"Polygon","coordinates":[[[97.08,1.36],[97.16,1.36],[97.16,1.44],[97.08,1.44],[97.08,1.36]]]}},{"type":"Feature","id":372,"properties":{"ntl_value":0.425,"nmkab":"ACEH SINGKIL","nmprov":"ACEH","label":"sebelum"},"geometry":{"type":"Polygon","coordinates":[[[97.08,2],[97.16,2],[97.16,2.08],[97.08,2.08],[97.08,2]]]}},{"type":"Feature","id":373,"properties":{"ntl_value":0.492,"nmkab":"ACEH SELATAN","nmprov":"ACEH","label":"sebelum"},"geometry":{"type":"Polygon","coordinates":[[[97.08,3.36],[97.16,3.36],[97.16,3.44],[97.08,3.44],[97.08,3.36]]]}},{"type":"Feature","id":374,"properties":{"ntl_value":0.409,"nmkab":"ACEH SELATAN","nmprov":"ACEH","label":"sebelum"},"geometry":{"type":"Polygon","coordinates":[[[97.08,3.44],[97.16,3.44],[97.16,3.52],[97.08,3.52],[97.08,3.44]]]}},{"type":"Feature","id":375,"properties":{"ntl_value":0.409,"nmkab":"ACEH SELATAN","nmprov":"ACEH","label":"sebelum"},"geometry":{"type":"Polygon","coordinates":[[[97.08,3.52],[97.16,3.52],[97.16,3.6],[97.08,3.6],[97.08,3.52]]]}},{"type":"Feature","id":376,"properties":{"ntl_value":0.416,"nmkab":"ACEH SELATAN","nmprov":"ACEH","label":"sebelum"},"geometry":{"type":"Polygon","coordinates":[[[97.08,3.6],[97.16,3.6],[97.16,3.68],[97.08,3.68],[97.08,3.6]]]}},{"type":"Feature","id":377,"properties":{"ntl_value":0.509,"nmkab":"ACEH BARAT DAYA","nmprov":"ACEH","label":"sebelum"},"geometry":{"type":"Polygon","coordinates":[[[97.08,3.68],[97.16,3.68],[97.16,3.76],[97.08,3.76],[97.08,3.68]]]}},{"type":"Feature","id":378,"properties":{"ntl_value":0.457,"nmkab":"ACEH BARAT DAYA","nmprov":"ACEH","label":"sebelum"},"geometry":{"type":"Polygon","coordinates":[[[97.08,3.76],[97.16,3.76],[97.16,3.84],[97.08,3.84],[97.08,3.76]]]}},{"type":"Feature","id":379,"properties":{"ntl_value":0.348,"nmkab":"GAYO LUES","nmprov":"ACEH","label":"sebelum"},"geometry":{"type":"Polygon","coordinates":[[[97.08,3.84],[97.16,3.84],[97.16,3.92],[97.08,3.92],[97.08,3.84]]]}},{"type":"Feature","id":380,"properties":{"ntl_value":0.25,"nmkab":"GAYO LUES","nmprov":"ACEH","label":"sebelum"},"geometry":{"type":"Polygon","coordinates":[[[97.08,3.92],[97.16,3.92],[97.16,4],[97.08,4],[97.08,3.92]]]}},{"type":"Feature","id":381,"properties":{"ntl_value":0.248,"nmkab":"GAYO LUES","nmprov":"ACEH","label":"sebelum"},"geometry":{"type":"Polygon","coordinates":[[[97.08,4],[97.16,4],[97.16,4.08],[97.08,4.08],[97.08,4]]]}},{"type":"Feature","id":382,"properties":{"ntl_value":0.276,"nmkab":"GAYO LUES","nmprov":"ACEH","label":"sebelum"},"geometry":{"type":"Polygon","coordinates":[[[97.08,4.08],[97.16,4.08],[97.16,4.16],[97.08,4.16],[97.08,4.08]]]}},{"type":"Feature","id":383,"properties":{"ntl_value":0.267,"nmkab":"GAYO LUES","nmprov":"ACEH","label":"sebelum"},"geometry":{"type":"Polygon","coordinates":[[[97.08,4.16],[97.16,4.16],[97.16,4.24],[97.08,4.24],[97.08,4.16]]]}},{"type":"Feature","id":384,"properties":{"ntl_value":0.504,"nmkab":"ACEH TENGAH","nmprov":"ACEH","label":"sebelum"},"geometry":{"type":"Polygon","coordinates":[[[97.08,4.24],[97.16,4.24],[97.16,4.32],[97.08,4.32],[97.08,4.24]]]}},{"type":"Feature","id":385,"properties":{"ntl_value":0.524,"nmkab":"ACEH TENGAH","nmprov":"ACEH","label":"sebelum"},"geometry":{"type":"Polygon","coordinates":[[[97.08,4.32],[97.16,4.32],[97.16,4.4],[97.08,4.4],[97.08,4.32]]]}},{"type":"Feature","id":386,"properties":{"ntl_value":0.463,"nmkab":"ACEH TENGAH","nmprov":"ACEH","label":"sebelum"},"geometry":{"type":"Polygon","coordinates":[[[97.08,4.4],[97.16,4.4],[97.16,4.48],[97.08,4.48],[97.08,4.4]]]}},{"type":"Feature","id":387,"properties":{"ntl_value":0.559,"nmkab":"ACEH TENGAH","nmprov":"ACEH","label":"sebelum"},"geometry":{"type":"Polygon","coordinates":[[[97.08,4.48],[97.16,4.48],[97.16,4.56],[97.08,4.56],[97.08,4.48]]]}},{"type":"Feature","id":388,"properties":{"ntl_value":0.401,"nmkab":"BENER MERIAH","nmprov":"ACEH","label":"sebelum"},"geometry":{"type":"Polygon","coordinates":[[[97.08,4.56],[97.16,4.56],[97.16,4.64],[97.08,4.64],[97.08,4.56]]]}},{"type":"Feature","id":389,"properties":{"ntl_value":0.479,"nmkab":"BENER MERIAH","nmprov":"ACEH","label":"sebelum"},"geometry":{"type":"Polygon","coordinates":[[[97.08,4.64],[97.16,4.64],[97.16,4.72],[97.08,4.72],[97.08,4.64]]]}},{"type":"Feature","id":390,"properties":{"ntl_value":0.383,"nmkab":"BENER MERIAH","nmprov":"ACEH","label":"sebelum"},"geometry":{"type":"Polygon","coordinates":[[[97.08,4.72],[97.16,4.72],[97.16,4.8],[97.08,4.8],[97.08,4.72]]]}},{"type":"Feature","id":391,"properties":{"ntl_value":0.505,"nmkab":"BENER MERIAH","nmprov":"ACEH","label":"sebelum"},"geometry":{"type":"Polygon","coordinates":[[[97.08,4.8],[97.16,4.8],[97.16,4.88],[97.08,4.88],[97.08,4.8]]]}},{"type":"Feature","id":392,"properties":{"ntl_value":0.59,"nmkab":"ACEH UTARA","nmprov":"ACEH","label":"sebelum"},"geometry":{"type":"Polygon","coordinates":[[[97.08,4.88],[97.16,4.88],[97.16,4.96],[97.08,4.96],[97.08,4.88]]]}},{"type":"Feature","id":393,"properties":{"ntl_value":0.524,"nmkab":"ACEH UTARA","nmprov":"ACEH","label":"sebelum"},"geometry":{"type":"Polygon","coordinates":[[[97.08,4.96],[97.16,4.96],[97.16,5.04],[97.08,5.04],[97.08,4.96]]]}},{"type":"Feature","id":394,"properties":{"ntl_value":0.504,"nmkab":"ACEH UTARA","nmprov":"ACEH","label":"sebelum"},"geometry":{"type":"Polygon","coordinates":[[[97.08,5.04],[97.16,5.04],[97.16,5.12],[97.08,5.12],[97.08,5.04]]]}},{"type":"Feature","id":395,"properties":{"ntl_value":0.601,"nmkab":"LHOKSEUMAWE","nmprov":"ACEH","label":"sebelum"},"geometry":{"type":"Polygon","coordinates":[[[97.08,5.12],[97.16,5.12],[97.16,5.2],[97.08,5.2],[97.08,5.12]]]}},{"type":"Feature","id":396,"properties":{"ntl_value":0.478,"nmkab":"NIAS UTARA","nmprov":"SUMATERA UTARA","label":"sebelum"},"geometry":{"type":"Polygon","coordinates":[[[97.16,1.28],[97.24,1.28],[97.24,1.36],[97.16,1.36],[97.16,1.28]]]}},{"type":"Feature","id":397,"properties":{"ntl_value":0.492,"nmkab":"NIAS UTARA","nmprov":"SUMATERA UTARA","label":"sebelum"},"geometry":{"type":"Polygon","coordinates":[[[97.16,1.36],[97.24,1.36],[97.24,1.44],[97.16,1.44],[97.16,1.36]]]}},{"type":"Feature","id":398,"properties":{"ntl_value":0.389,"nmkab":"ACEH SINGKIL","nmprov":"ACEH","label":"sebelum"},"geometry":{"type":"Polygon","coordinates":[[[97.16,2.16],[97.24,2.16],[97.24,2.24],[97.16,2.24],[97.16,2.16]]]}},{"type":"Feature","id":399,"properties":{"ntl_value":0.414,"nmkab":"ACEH SELATAN","nmprov":"ACEH","label":"sebelum"},"geometry":{"type":"Polygon","coordinates":[[[97.16,3.28],[97.24,3.28],[97.24,3.36],[97.16,3.36],[97.16,3.28]]]}},{"type":"Feature","id":400,"properties":{"ntl_value":0.411,"nmkab":"ACEH SELATAN","nmprov":"ACEH","label":"sebelum"},"geometry":{"type":"Polygon","coordinates":[[[97.16,3.36],[97.24,3.36],[97.24,3.44],[97.16,3.44],[97.16,3.36]]]}},{"type":"Feature","id":401,"properties":{"ntl_value":0.446,"nmkab":"ACEH SELATAN","nmprov":"ACEH","label":"sebelum"},"geometry":{"type":"Polygon","coordinates":[[[97.16,3.44],[97.24,3.44],[97.24,3.52],[97.16,3.52],[97.16,3.44]]]}},{"type":"Feature","id":402,"properties":{"ntl_value":0.498,"nmkab":"ACEH SELATAN","nmprov":"ACEH","label":"sebelum"},"geometry":{"type":"Polygon","coordinates":[[[97.16,3.52],[97.24,3.52],[97.24,3.6],[97.16,3.6],[97.16,3.52]]]}},{"type":"Feature","id":403,"properties":{"ntl_value":0.401,"nmkab":"ACEH SELATAN","nmprov":"ACEH","label":"sebelum"},"geometry":{"type":"Polygon","coordinates":[[[97.16,3.6],[97.24,3.6],[97.24,3.68],[97.16,3.68],[97.16,3.6]]]}},{"type":"Feature","id":404,"properties":{"ntl_value":0.3,"nmkab":"GAYO LUES","nmprov":"ACEH","label":"sebelum"},"geometry":{"type":"Polygon","coordinates":[[[97.16,3.68],[97.24,3.68],[97.24,3.76],[97.16,3.76],[97.16,3.68]]]}},{"type":"Feature","id":405,"properties":{"ntl_value":0.312,"nmkab":"GAYO LUES","nmprov":"ACEH","label":"sebelum"},"geometry":{"type":"Polygon","coordinates":[[[97.16,3.76],[97.24,3.76],[97.24,3.84],[97.16,3.84],[97.16,3.76]]]}},{"type":"Feature","id":406,"properties":{"ntl_value":0.287,"nmkab":"GAYO LUES","nmprov":"ACEH","label":"sebelum"},"geometry":{"type":"Polygon","coordinates":[[[97.16,3.84],[97.24,3.84],[97.24,3.92],[97.16,3.92],[97.16,3.84]]]}},{"type":"Feature","id":407,"properties":{"ntl_value":0.366,"nmkab":"GAYO LUES","nmprov":"ACEH","label":"sebelum"},"geometry":{"type":"Polygon","coordinates":[[[97.16,3.92],[97.24,3.92],[97.24,4],[97.16,4],[97.16,3.92]]]}},{"type":"Feature","id":408,"properties":{"ntl_value":0.246,"nmkab":"GAYO LUES","nmprov":"ACEH","label":"sebelum"},"geometry":{"type":"Polygon","coordinates":[[[97.16,4],[97.24,4],[97.24,4.08],[97.16,4.08],[97.16,4]]]}},{"type":"Feature","id":409,"properties":{"ntl_value":0.222,"nmkab":"GAYO LUES","nmprov":"ACEH","label":"sebelum"},"geometry":{"type":"Polygon","coordinates":[[[97.16,4.08],[97.24,4.08],[97.24,4.16],[97.16,4.16],[97.16,4.08]]]}},{"type":"Feature","id":410,"properties":{"ntl_value":0.293,"nmkab":"GAYO LUES","nmprov":"ACEH","label":"sebelum"},"geometry":{"type":"Polygon","coordinates":[[[97.16,4.16],[97.24,4.16],[97.24,4.24],[97.16,4.24],[97.16,4.16]]]}},{"type":"Feature","id":411,"properties":{"ntl_value":0.512,"nmkab":"ACEH TENGAH","nmprov":"ACEH","label":"sebelum"},"geometry":{"type":"Polygon","coordinates":[[[97.16,4.24],[97.24,4.24],[97.24,4.32],[97.16,4.32],[97.16,4.24]]]}},{"type":"Feature","id":412,"properties":{"ntl_value":0.483,"nmkab":"ACEH TENGAH","nmprov":"ACEH","label":"sebelum"},"geometry":{"type":"Polygon","coordinates":[[[97.16,4.32],[97.24,4.32],[97.24,4.4],[97.16,4.4],[97.16,4.32]]]}},{"type":"Feature","id":413,"properties":{"ntl_value":0.561,"nmkab":"ACEH TENGAH","nmprov":"ACEH","label":"sebelum"},"geometry":{"type":"Polygon","coordinates":[[[97.16,4.4],[97.24,4.4],[97.24,4.48],[97.16,4.48],[97.16,4.4]]]}},{"type":"Feature","id":414,"properties":{"ntl_value":0.456,"nmkab":"ACEH TENGAH","nmprov":"ACEH","label":"sebelum"},"geometry":{"type":"Polygon","coordinates":[[[97.16,4.48],[97.24,4.48],[97.24,4.56],[97.16,4.56],[97.16,4.48]]]}},{"type":"Feature","id":415,"properties":{"ntl_value":0.429,"nmkab":"BENER MERIAH","nmprov":"ACEH","label":"sebelum"},"geometry":{"type":"Polygon","coordinates":[[[97.16,4.56],[97.24,4.56],[97.24,4.64],[97.16,4.64],[97.16,4.56]]]}},{"type":"Feature","id":416,"properties":{"ntl_value":0.444,"nmkab":"BENER MERIAH","nmprov":"ACEH","label":"sebelum"},"geometry":{"type":"Polygon","coordinates":[[[97.16,4.64],[97.24,4.64],[97.24,4.72],[97.16,4.72],[97.16,4.64]]]}},{"type":"Feature","id":417,"properties":{"ntl_value":0.466,"nmkab":"BENER MERIAH","nmprov":"ACEH","label":"sebelum"},"geometry":{"type":"Polygon","coordinates":[[[97.16,4.72],[97.24,4.72],[97.24,4.8],[97.16,4.8],[97.16,4.72]]]}},{"type":"Feature","id":418,"properties":{"ntl_value":0.513,"nmkab":"BENER MERIAH","nmprov":"ACEH","label":"sebelum"},"geometry":{"type":"Polygon","coordinates":[[[97.16,4.8],[97.24,4.8],[97.24,4.88],[97.16,4.88],[97.16,4.8]]]}},{"type":"Feature","id":419,"properties":{"ntl_value":0.56,"nmkab":"ACEH UTARA","nmprov":"ACEH","label":"sebelum"},"geometry":{"type":"Polygon","coordinates":[[[97.16,4.88],[97.24,4.88],[97.24,4.96],[97.16,4.96],[97.16,4.88]]]}},{"type":"Feature","id":420,"properties":{"ntl_value":0.573,"nmkab":"ACEH UTARA","nmprov":"ACEH","label":"sebelum"},"geometry":{"type":"Polygon","coordinates":[[[97.16,4.96],[97.24,4.96],[97.24,5.04],[97.16,5.04],[97.16,4.96]]]}},{"type":"Feature","id":421,"properties":{"ntl_value":0.53,"nmkab":"ACEH UTARA","nmprov":"ACEH","label":"sebelum"},"geometry":{"type":"Polygon","coordinates":[[[97.16,5.04],[97.24,5.04],[97.24,5.12],[97.16,5.12],[97.16,5.04]]]}},{"type":"Feature","id":422,"properties":{"ntl_value":0.53,"nmkab":"NIAS UTARA","nmprov":"SUMATERA UTARA","label":"sebelum"},"geometry":{"type":"Polygon","coordinates":[[[97.24,1.2],[97.32,1.2],[97.32,1.28],[97.24,1.28],[97.24,1.2]]]}},{"type":"Feature","id":423,"properties":{"ntl_value":0.442,"nmkab":"NIAS UTARA","nmprov":"SUMATERA UTARA","label":"sebelum"},"geometry":{"type":"Polygon","coordinates":[[[97.24,1.28],[97.32,1.28],[97.32,1.36],[97.24,1.36],[97.24,1.28]]]}},{"type":"Feature","id":424,"properties":{"ntl_value":0.408,"nmkab":"NIAS UTARA","nmprov":"SUMATERA UTARA","label":"sebelum"},"geometry":{"type":"Polygon","coordinates":[[[97.24,1.36],[97.32,1.36],[97.32,1.44],[97.24,1.44],[97.24,1.36]]]}},{"type":"Feature","id":425,"properties":{"ntl_value":0.458,"nmkab":"ACEH SINGKIL","nmprov":"ACEH","label":"sebelum"},"geometry":{"type":"Polygon","coordinates":[[[97.24,2.08],[97.32,2.08],[97.32,2.16],[97.24,2.16],[97.24,2.08]]]}},{"type":"Feature","id":426,"properties":{"ntl_value":0.426,"nmkab":"ACEH SINGKIL","nmprov":"ACEH","label":"sebelum"},"geometry":{"type":"Polygon","coordinates":[[[97.24,2.16],[97.32,2.16],[97.32,2.24],[97.24,2.24],[97.24,2.16]]]}},{"type":"Feature","id":427,"properties":{"ntl_value":0.482,"nmkab":"ACEH SELATAN","nmprov":"ACEH","label":"sebelum"},"geometry":{"type":"Polygon","coordinates":[[[97.24,3.2],[97.32,3.2],[97.32,3.28],[97.24,3.28],[97.24,3.2]]]}},{"type":"Feature","id":428,"properties":{"ntl_value":0.415,"nmkab":"ACEH SELATAN","nmprov":"ACEH","label":"sebelum"},"geometry":{"type":"Polygon","coordinates":[[[97.24,3.28],[97.32,3.28],[97.32,3.36],[97.24,3.36],[97.24,3.28]]]}},{"type":"Feature","id":429,"properties":{"ntl_value":0.412,"nmkab":"ACEH SELATAN","nmprov":"ACEH","label":"sebelum"},"geometry":{"type":"Polygon","coordinates":[[[97.24,3.36],[97.32,3.36],[97.32,3.44],[97.24,3.44],[97.24,3.36]]]}},{"type":"Feature","id":430,"properties":{"ntl_value":0.382,"nmkab":"ACEH SELATAN","nmprov":"ACEH","label":"sebelum"},"geometry":{"type":"Polygon","coordinates":[[[97.24,3.44],[97.32,3.44],[97.32,3.52],[97.24,3.52],[97.24,3.44]]]}},{"type":"Feature","id":431,"properties":{"ntl_value":0.382,"nmkab":"ACEH SELATAN","nmprov":"ACEH","label":"sebelum"},"geometry":{"type":"Polygon","coordinates":[[[97.24,3.52],[97.32,3.52],[97.32,3.6],[97.24,3.6],[97.24,3.52]]]}},{"type":"Feature","id":432,"properties":{"ntl_value":0.472,"nmkab":"ACEH SELATAN","nmprov":"ACEH","label":"sebelum"},"geometry":{"type":"Polygon","coordinates":[[[97.24,3.6],[97.32,3.6],[97.32,3.68],[97.24,3.68],[97.24,3.6]]]}},{"type":"Feature","id":433,"properties":{"ntl_value":0.27,"nmkab":"GAYO LUES","nmprov":"ACEH","label":"sebelum"},"geometry":{"type":"Polygon","coordinates":[[[97.24,3.68],[97.32,3.68],[97.32,3.76],[97.24,3.76],[97.24,3.68]]]}},{"type":"Feature","id":434,"properties":{"ntl_value":0.268,"nmkab":"GAYO LUES","nmprov":"ACEH","label":"sebelum"},"geometry":{"type":"Polygon","coordinates":[[[97.24,3.76],[97.32,3.76],[97.32,3.84],[97.24,3.84],[97.24,3.76]]]}},{"type":"Feature","id":435,"properties":{"ntl_value":0.238,"nmkab":"GAYO LUES","nmprov":"ACEH","label":"sebelum"},"geometry":{"type":"Polygon","coordinates":[[[97.24,3.84],[97.32,3.84],[97.32,3.92],[97.24,3.92],[97.24,3.84]]]}},{"type":"Feature","id":436,"properties":{"ntl_value":0.242,"nmkab":"GAYO LUES","nmprov":"ACEH","label":"sebelum"},"geometry":{"type":"Polygon","coordinates":[[[97.24,3.92],[97.32,3.92],[97.32,4],[97.24,4],[97.24,3.92]]]}},{"type":"Feature","id":437,"properties":{"ntl_value":0.344,"nmkab":"GAYO LUES","nmprov":"ACEH","label":"sebelum"},"geometry":{"type":"Polygon","coordinates":[[[97.24,4],[97.32,4],[97.32,4.08],[97.24,4.08],[97.24,4]]]}},{"type":"Feature","id":438,"properties":{"ntl_value":0.308,"nmkab":"GAYO LUES","nmprov":"ACEH","label":"sebelum"},"geometry":{"type":"Polygon","coordinates":[[[97.24,4.08],[97.32,4.08],[97.32,4.16],[97.24,4.16],[97.24,4.08]]]}},{"type":"Feature","id":439,"properties":{"ntl_value":0.551,"nmkab":"ACEH TENGAH","nmprov":"ACEH","label":"sebelum"},"geometry":{"type":"Polygon","coordinates":[[[97.24,4.16],[97.32,4.16],[97.32,4.24],[97.24,4.24],[97.24,4.16]]]}},{"type":"Feature","id":440,"properties":{"ntl_value":0.439,"nmkab":"ACEH TENGAH","nmprov":"ACEH","label":"sebelum"},"geometry":{"type":"Polygon","coordinates":[[[97.24,4.24],[97.32,4.24],[97.32,4.32],[97.24,4.32],[97.24,4.24]]]}},{"type":"Feature","id":441,"properties":{"ntl_value":0.542,"nmkab":"ACEH TENGAH","nmprov":"ACEH","label":"sebelum"},"geometry":{"type":"Polygon","coordinates":[[[97.24,4.32],[97.32,4.32],[97.32,4.4],[97.24,4.4],[97.24,4.32]]]}},{"type":"Feature","id":442,"properties":{"ntl_value":0.479,"nmkab":"ACEH TENGAH","nmprov":"ACEH","label":"sebelum"},"geometry":{"type":"Polygon","coordinates":[[[97.24,4.4],[97.32,4.4],[97.32,4.48],[97.24,4.48],[97.24,4.4]]]}},{"type":"Feature","id":443,"properties":{"ntl_value":0.4,"nmkab":"ACEH TIMUR","nmprov":"ACEH","label":"sebelum"},"geometry":{"type":"Polygon","coordinates":[[[97.24,4.48],[97.32,4.48],[97.32,4.56],[97.24,4.56],[97.24,4.48]]]}},{"type":"Feature","id":444,"properties":{"ntl_value":0.44,"nmkab":"ACEH TENGAH","nmprov":"ACEH","label":"sebelum"},"geometry":{"type":"Polygon","coordinates":[[[97.24,4.56],[97.32,4.56],[97.32,4.64],[97.24,4.64],[97.24,4.56]]]}},{"type":"Feature","id":445,"properties":{"ntl_value":0.412,"nmkab":"BENER MERIAH","nmprov":"ACEH","label":"sebelum"},"geometry":{"type":"Polygon","coordinates":[[[97.24,4.64],[97.32,4.64],[97.32,4.72],[97.24,4.72],[97.24,4.64]]]}},{"type":"Feature","id":446,"properties":{"ntl_value":0.514,"nmkab":"ACEH UTARA","nmprov":"ACEH","label":"sebelum"},"geometry":{"type":"Polygon","coordinates":[[[97.24,4.72],[97.32,4.72],[97.32,4.8],[97.24,4.8],[97.24,4.72]]]}},{"type":"Feature","id":447,"properties":{"ntl_value":0.567,"nmkab":"ACEH UTARA","nmprov":"ACEH","label":"sebelum"},"geometry":{"type":"Polygon","coordinates":[[[97.24,4.8],[97.32,4.8],[97.32,4.88],[97.24,4.88],[97.24,4.8]]]}},{"type":"Feature","id":448,"properties":{"ntl_value":0.602,"nmkab":"ACEH UTARA","nmprov":"ACEH","label":"sebelum"},"geometry":{"type":"Polygon","coordinates":[[[97.24,4.88],[97.32,4.88],[97.32,4.96],[97.24,4.96],[97.24,4.88]]]}},{"type":"Feature","id":449,"properties":{"ntl_value":0.552,"nmkab":"ACEH UTARA","nmprov":"ACEH","label":"sebelum"},"geometry":{"type":"Polygon","coordinates":[[[97.24,4.96],[97.32,4.96],[97.32,5.04],[97.24,5.04],[97.24,4.96]]]}},{"type":"Feature","id":450,"properties":{"ntl_value":0.496,"nmkab":"ACEH UTARA","nmprov":"ACEH","label":"sebelum"},"geometry":{"type":"Polygon","coordinates":[[[97.24,5.04],[97.32,5.04],[97.32,5.12],[97.24,5.12],[97.24,5.04]]]}},{"type":"Feature","id":451,"properties":{"ntl_value":0.52,"nmkab":"ACEH UTARA","nmprov":"ACEH","label":"sebelum"},"geometry":{"type":"Polygon","coordinates":[[[97.24,5.12],[97.32,5.12],[97.32,5.2],[97.24,5.2],[97.24,5.12]]]}},{"type":"Feature","id":452,"properties":{"ntl_value":0.485,"nmkab":"NIAS UTARA","nmprov":"SUMATERA UTARA","label":"sebelum"},"geometry":{"type":"Polygon","coordinates":[[[97.32,1.12],[97.4,1.12],[97.4,1.2],[97.32,1.2],[97.32,1.12]]]}},{"type":"Feature","id":453,"properties":{"ntl_value":0.506,"nmkab":"NIAS UTARA","nmprov":"SUMATERA UTARA","label":"sebelum"},"geometry":{"type":"Polygon","coordinates":[[[97.32,1.2],[97.4,1.2],[97.4,1.28],[97.32,1.28],[97.32,1.2]]]}},{"type":"Feature","id":454,"properties":{"ntl_value":0.513,"nmkab":"NIAS UTARA","nmprov":"SUMATERA UTARA","label":"sebelum"},"geometry":{"type":"Polygon","coordinates":[[[97.32,1.28],[97.4,1.28],[97.4,1.36],[97.32,1.36],[97.32,1.28]]]}},{"type":"Feature","id":455,"properties":{"ntl_value":0.489,"nmkab":"NIAS UTARA","nmprov":"SUMATERA UTARA","label":"sebelum"},"geometry":{"type":"Polygon","coordinates":[[[97.32,1.36],[97.4,1.36],[97.4,1.44],[97.32,1.44],[97.32,1.36]]]}},{"type":"Feature","id":456,"properties":{"ntl_value":0.412,"nmkab":"NIAS UTARA","nmprov":"SUMATERA UTARA","label":"sebelum"},"geometry":{"type":"Polygon","coordinates":[[[97.32,1.44],[97.4,1.44],[97.4,1.52],[97.32,1.52],[97.32,1.44]]]}},{"type":"Feature","id":457,"properties":{"ntl_value":0.483,"nmkab":"ACEH SELATAN","nmprov":"ACEH","label":"sebelum"},"geometry":{"type":"Polygon","coordinates":[[[97.32,3.04],[97.4,3.04],[97.4,3.12],[97.32,3.12],[97.32,3.04]]]}},{"type":"Feature","id":458,"properties":{"ntl_value":0.484,"nmkab":"ACEH SELATAN","nmprov":"ACEH","label":"sebelum"},"geometry":{"type":"Polygon","coordinates":[[[97.32,3.12],[97.4,3.12],[97.4,3.2],[97.32,3.2],[97.32,3.12]]]}},{"type":"Feature","id":459,"properties":{"ntl_value":0.463,"nmkab":"ACEH SELATAN","nmprov":"ACEH","label":"sebelum"},"geometry":{"type":"Polygon","coordinates":[[[97.32,3.2],[97.4,3.2],[97.4,3.28],[97.32,3.28],[97.32,3.2]]]}},{"type":"Feature","id":460,"properties":{"ntl_value":0.503,"nmkab":"ACEH SELATAN","nmprov":"ACEH","label":"sebelum"},"geometry":{"type":"Polygon","coordinates":[[[97.32,3.28],[97.4,3.28],[97.4,3.36],[97.32,3.36],[97.32,3.28]]]}},{"type":"Feature","id":461,"properties":{"ntl_value":0.382,"nmkab":"ACEH SELATAN","nmprov":"ACEH","label":"sebelum"},"geometry":{"type":"Polygon","coordinates":[[[97.32,3.36],[97.4,3.36],[97.4,3.44],[97.32,3.44],[97.32,3.36]]]}},{"type":"Feature","id":462,"properties":{"ntl_value":0.479,"nmkab":"ACEH SELATAN","nmprov":"ACEH","label":"sebelum"},"geometry":{"type":"Polygon","coordinates":[[[97.32,3.44],[97.4,3.44],[97.4,3.52],[97.32,3.52],[97.32,3.44]]]}},{"type":"Feature","id":463,"properties":{"ntl_value":0.42,"nmkab":"ACEH SELATAN","nmprov":"ACEH","label":"sebelum"},"geometry":{"type":"Polygon","coordinates":[[[97.32,3.52],[97.4,3.52],[97.4,3.6],[97.32,3.6],[97.32,3.52]]]}},{"type":"Feature","id":464,"properties":{"ntl_value":0.383,"nmkab":"ACEH TENGGARA","nmprov":"ACEH","label":"sebelum"},"geometry":{"type":"Polygon","coordinates":[[[97.32,3.6],[97.4,3.6],[97.4,3.68],[97.32,3.68],[97.32,3.6]]]}},{"type":"Feature","id":465,"properties":{"ntl_value":0.293,"nmkab":"GAYO LUES","nmprov":"ACEH","label":"sebelum"},"geometry":{"type":"Polygon","coordinates":[[[97.32,3.68],[97.4,3.68],[97.4,3.76],[97.32,3.76],[97.32,3.68]]]}},{"type":"Feature","id":466,"properties":{"ntl_value":0.361,"nmkab":"GAYO LUES","nmprov":"ACEH","label":"sebelum"},"geometry":{"type":"Polygon","coordinates":[[[97.32,3.76],[97.4,3.76],[97.4,3.84],[97.32,3.84],[97.32,3.76]]]}},{"type":"Feature","id":467,"properties":{"ntl_value":0.265,"nmkab":"GAYO LUES","nmprov":"ACEH","label":"sebelum"},"geometry":{"type":"Polygon","coordinates":[[[97.32,3.84],[97.4,3.84],[97.4,3.92],[97.32,3.92],[97.32,3.84]]]}},{"type":"Feature","id":468,"properties":{"ntl_value":0.222,"nmkab":"GAYO LUES","nmprov":"ACEH","label":"sebelum"},"geometry":{"type":"Polygon","coordinates":[[[97.32,3.92],[97.4,3.92],[97.4,4],[97.32,4],[97.32,3.92]]]}},{"type":"Feature","id":469,"properties":{"ntl_value":0.303,"nmkab":"GAYO LUES","nmprov":"ACEH","label":"sebelum"},"geometry":{"type":"Polygon","coordinates":[[[97.32,4],[97.4,4],[97.4,4.08],[97.32,4.08],[97.32,4]]]}},{"type":"Feature","id":470,"properties":{"ntl_value":0.272,"nmkab":"GAYO LUES","nmprov":"ACEH","label":"sebelum"},"geometry":{"type":"Polygon","coordinates":[[[97.32,4.08],[97.4,4.08],[97.4,4.16],[97.32,4.16],[97.32,4.08]]]}},{"type":"Feature","id":471,"properties":{"ntl_value":0.347,"nmkab":"GAYO LUES","nmprov":"ACEH","label":"sebelum"},"geometry":{"type":"Polygon","coordinates":[[[97.32,4.16],[97.4,4.16],[97.4,4.24],[97.32,4.24],[97.32,4.16]]]}},{"type":"Feature","id":472,"properties":{"ntl_value":0.42,"nmkab":"ACEH TIMUR","nmprov":"ACEH","label":"sebelum"},"geometry":{"type":"Polygon","coordinates":[[[97.32,4.24],[97.4,4.24],[97.4,4.32],[97.32,4.32],[97.32,4.24]]]}},{"type":"Feature","id":473,"properties":{"ntl_value":0.516,"nmkab":"ACEH TENGAH","nmprov":"ACEH","label":"sebelum"},"geometry":{"type":"Polygon","coordinates":[[[97.32,4.32],[97.4,4.32],[97.4,4.4],[97.32,4.4],[97.32,4.32]]]}},{"type":"Feature","id":474,"properties":{"ntl_value":0.467,"nmkab":"ACEH TIMUR","nmprov":"ACEH","label":"sebelum"},"geometry":{"type":"Polygon","coordinates":[[[97.32,4.4],[97.4,4.4],[97.4,4.48],[97.32,4.48],[97.32,4.4]]]}},{"type":"Feature","id":475,"properties":{"ntl_value":0.393,"nmkab":"ACEH TIMUR","nmprov":"ACEH","label":"sebelum"},"geometry":{"type":"Polygon","coordinates":[[[97.32,4.48],[97.4,4.48],[97.4,4.56],[97.32,4.56],[97.32,4.48]]]}},{"type":"Feature","id":476,"properties":{"ntl_value":0.436,"nmkab":"ACEH TIMUR","nmprov":"ACEH","label":"sebelum"},"geometry":{"type":"Polygon","coordinates":[[[97.32,4.56],[97.4,4.56],[97.4,4.64],[97.32,4.64],[97.32,4.56]]]}},{"type":"Feature","id":477,"properties":{"ntl_value":0.355,"nmkab":"ACEH TIMUR","nmprov":"ACEH","label":"sebelum"},"geometry":{"type":"Polygon","coordinates":[[[97.32,4.64],[97.4,4.64],[97.4,4.72],[97.32,4.72],[97.32,4.64]]]}},{"type":"Feature","id":478,"properties":{"ntl_value":0.358,"nmkab":"ACEH TIMUR","nmprov":"ACEH","label":"sebelum"},"geometry":{"type":"Polygon","coordinates":[[[97.32,4.72],[97.4,4.72],[97.4,4.8],[97.32,4.8],[97.32,4.72]]]}},{"type":"Feature","id":479,"properties":{"ntl_value":0.477,"nmkab":"ACEH UTARA","nmprov":"ACEH","label":"sebelum"},"geometry":{"type":"Polygon","coordinates":[[[97.32,4.8],[97.4,4.8],[97.4,4.88],[97.32,4.88],[97.32,4.8]]]}},{"type":"Feature","id":480,"properties":{"ntl_value":0.521,"nmkab":"ACEH UTARA","nmprov":"ACEH","label":"sebelum"},"geometry":{"type":"Polygon","coordinates":[[[97.32,4.88],[97.4,4.88],[97.4,4.96],[97.32,4.96],[97.32,4.88]]]}},{"type":"Feature","id":481,"properties":{"ntl_value":0.521,"nmkab":"ACEH UTARA","nmprov":"ACEH","label":"sebelum"},"geometry":{"type":"Polygon","coordinates":[[[97.32,4.96],[97.4,4.96],[97.4,5.04],[97.32,5.04],[97.32,4.96]]]}},{"type":"Feature","id":482,"properties":{"ntl_value":0.532,"nmkab":"ACEH UTARA","nmprov":"ACEH","label":"sebelum"},"geometry":{"type":"Polygon","coordinates":[[[97.32,5.04],[97.4,5.04],[97.4,5.12],[97.32,5.12],[97.32,5.04]]]}},{"type":"Feature","id":483,"properties":{"ntl_value":0.611,"nmkab":"ACEH UTARA","nmprov":"ACEH","label":"sebelum"},"geometry":{"type":"Polygon","coordinates":[[[97.32,5.12],[97.4,5.12],[97.4,5.2],[97.32,5.2],[97.32,5.12]]]}},{"type":"Feature","id":484,"properties":{"ntl_value":0.515,"nmkab":"NIAS BARAT","nmprov":"SUMATERA UTARA","label":"sebelum"},"geometry":{"type":"Polygon","coordinates":[[[97.4,0.96],[97.48,0.96],[97.48,1.04],[97.4,1.04],[97.4,0.96]]]}},{"type":"Feature","id":485,"properties":{"ntl_value":0.532,"nmkab":"NIAS BARAT","nmprov":"SUMATERA UTARA","label":"sebelum"},"geometry":{"type":"Polygon","coordinates":[[[97.4,1.04],[97.48,1.04],[97.48,1.12],[97.4,1.12],[97.4,1.04]]]}},{"type":"Feature","id":486,"properties":{"ntl_value":0.547,"nmkab":"NIAS UTARA","nmprov":"SUMATERA UTARA","label":"sebelum"},"geometry":{"type":"Polygon","coordinates":[[[97.4,1.12],[97.48,1.12],[97.48,1.2],[97.4,1.2],[97.4,1.12]]]}},{"type":"Feature","id":487,"properties":{"ntl_value":0.433,"nmkab":"NIAS UTARA","nmprov":"SUMATERA UTARA","label":"sebelum"},"geometry":{"type":"Polygon","coordinates":[[[97.4,1.2],[97.48,1.2],[97.48,1.28],[97.4,1.28],[97.4,1.2]]]}},{"type":"Feature","id":488,"properties":{"ntl_value":0.515,"nmkab":"NIAS UTARA","nmprov":"SUMATERA UTARA","label":"sebelum"},"geometry":{"type":"Polygon","coordinates":[[[97.4,1.28],[97.48,1.28],[97.48,1.36],[97.4,1.36],[97.4,1.28]]]}},{"type":"Feature","id":489,"properties":{"ntl_value":0.415,"nmkab":"NIAS UTARA","nmprov":"SUMATERA UTARA","label":"sebelum"},"geometry":{"type":"Polygon","coordinates":[[[97.4,1.36],[97.48,1.36],[97.48,1.44],[97.4,1.44],[97.4,1.36]]]}},{"type":"Feature","id":490,"properties":{"ntl_value":0.419,"nmkab":"ACEH SELATAN","nmprov":"ACEH","label":"sebelum"},"geometry":{"type":"Polygon","coordinates":[[[97.4,2.96],[97.48,2.96],[97.48,3.04],[97.4,3.04],[97.4,2.96]]]}},{"type":"Feature","id":491,"properties":{"ntl_value":0.448,"nmkab":"ACEH SELATAN","nmprov":"ACEH","label":"sebelum"},"geometry":{"type":"Polygon","coordinates":[[[97.4,3.04],[97.48,3.04],[97.48,3.12],[97.4,3.12],[97.4,3.04]]]}},{"type":"Feature","id":492,"properties":{"ntl_value":0.366,"nmkab":"ACEH SELATAN","nmprov":"ACEH","label":"sebelum"},"geometry":{"type":"Polygon","coordinates":[[[97.4,3.12],[97.48,3.12],[97.48,3.2],[97.4,3.2],[97.4,3.12]]]}},{"type":"Feature","id":493,"properties":{"ntl_value":0.5,"nmkab":"ACEH SELATAN","nmprov":"ACEH","label":"sebelum"},"geometry":{"type":"Polygon","coordinates":[[[97.4,3.2],[97.48,3.2],[97.48,3.28],[97.4,3.28],[97.4,3.2]]]}},{"type":"Feature","id":494,"properties":{"ntl_value":0.423,"nmkab":"ACEH SELATAN","nmprov":"ACEH","label":"sebelum"},"geometry":{"type":"Polygon","coordinates":[[[97.4,3.28],[97.48,3.28],[97.48,3.36],[97.4,3.36],[97.4,3.28]]]}},{"type":"Feature","id":495,"properties":{"ntl_value":0.411,"nmkab":"ACEH TENGGARA","nmprov":"ACEH","label":"sebelum"},"geometry":{"type":"Polygon","coordinates":[[[97.4,3.36],[97.48,3.36],[97.48,3.44],[97.4,3.44],[97.4,3.36]]]}},{"type":"Feature","id":496,"properties":{"ntl_value":0.428,"nmkab":"ACEH TENGGARA","nmprov":"ACEH","label":"sebelum"},"geometry":{"type":"Polygon","coordinates":[[[97.4,3.44],[97.48,3.44],[97.48,3.52],[97.4,3.52],[97.4,3.44]]]}},{"type":"Feature","id":497,"properties":{"ntl_value":0.493,"nmkab":"ACEH SELATAN","nmprov":"ACEH","label":"sebelum"},"geometry":{"type":"Polygon","coordinates":[[[97.4,3.52],[97.48,3.52],[97.48,3.6],[97.4,3.6],[97.4,3.52]]]}},{"type":"Feature","id":498,"properties":{"ntl_value":0.325,"nmkab":"ACEH TENGGARA","nmprov":"ACEH","label":"sebelum"},"geometry":{"type":"Polygon","coordinates":[[[97.4,3.6],[97.48,3.6],[97.48,3.68],[97.4,3.68],[97.4,3.6]]]}},{"type":"Feature","id":499,"properties":{"ntl_value":0.29,"nmkab":"GAYO LUES","nmprov":"ACEH","label":"sebelum"},"geometry":{"type":"Polygon","coordinates":[[[97.4,3.68],[97.48,3.68],[97.48,3.76],[97.4,3.76],[97.4,3.68]]]}},{"type":"Feature","id":500,"properties":{"ntl_value":0.234,"nmkab":"GAYO LUES","nmprov":"ACEH","label":"sebelum"},"geometry":{"type":"Polygon","coordinates":[[[97.4,3.76],[97.48,3.76],[97.48,3.84],[97.4,3.84],[97.4,3.76]]]}},{"type":"Feature","id":501,"properties":{"ntl_value":0.223,"nmkab":"GAYO LUES","nmprov":"ACEH","label":"sebelum"},"geometry":{"type":"Polygon","coordinates":[[[97.4,3.84],[97.48,3.84],[97.48,3.92],[97.4,3.92],[97.4,3.84]]]}},{"type":"Feature","id":502,"properties":{"ntl_value":0.262,"nmkab":"GAYO LUES","nmprov":"ACEH","label":"sebelum"},"geometry":{"type":"Polygon","coordinates":[[[97.4,3.92],[97.48,3.92],[97.48,4],[97.4,4],[97.4,3.92]]]}},{"type":"Feature","id":503,"properties":{"ntl_value":0.355,"nmkab":"GAYO LUES","nmprov":"ACEH","label":"sebelum"},"geometry":{"type":"Polygon","coordinates":[[[97.4,4],[97.48,4],[97.48,4.08],[97.4,4.08],[97.4,4]]]}},{"type":"Feature","id":504,"properties":{"ntl_value":0.352,"nmkab":"GAYO LUES","nmprov":"ACEH","label":"sebelum"},"geometry":{"type":"Polygon","coordinates":[[[97.4,4.08],[97.48,4.08],[97.48,4.16],[97.4,4.16],[97.4,4.08]]]}},{"type":"Feature","id":505,"properties":{"ntl_value":0.381,"nmkab":"ACEH TIMUR","nmprov":"ACEH","label":"sebelum"},"geometry":{"type":"Polygon","coordinates":[[[97.4,4.16],[97.48,4.16],[97.48,4.24],[97.4,4.24],[97.4,4.16]]]}},{"type":"Feature","id":506,"properties":{"ntl_value":0.479,"nmkab":"ACEH TIMUR","nmprov":"ACEH","label":"sebelum"},"geometry":{"type":"Polygon","coordinates":[[[97.4,4.24],[97.48,4.24],[97.48,4.32],[97.4,4.32],[97.4,4.24]]]}},{"type":"Feature","id":507,"properties":{"ntl_value":0.47,"nmkab":"ACEH TIMUR","nmprov":"ACEH","label":"sebelum"},"geometry":{"type":"Polygon","coordinates":[[[97.4,4.32],[97.48,4.32],[97.48,4.4],[97.4,4.4],[97.4,4.32]]]}},{"type":"Feature","id":508,"properties":{"ntl_value":0.494,"nmkab":"ACEH TIMUR","nmprov":"ACEH","label":"sebelum"},"geometry":{"type":"Polygon","coordinates":[[[97.4,4.4],[97.48,4.4],[97.48,4.48],[97.4,4.48],[97.4,4.4]]]}},{"type":"Feature","id":509,"properties":{"ntl_value":0.39,"nmkab":"ACEH TIMUR","nmprov":"ACEH","label":"sebelum"},"geometry":{"type":"Polygon","coordinates":[[[97.4,4.48],[97.48,4.48],[97.48,4.56],[97.4,4.56],[97.4,4.48]]]}},{"type":"Feature","id":510,"properties":{"ntl_value":0.446,"nmkab":"ACEH TIMUR","nmprov":"ACEH","label":"sebelum"},"geometry":{"type":"Polygon","coordinates":[[[97.4,4.56],[97.48,4.56],[97.48,4.64],[97.4,4.64],[97.4,4.56]]]}},{"type":"Feature","id":511,"properties":{"ntl_value":0.494,"nmkab":"ACEH TIMUR","nmprov":"ACEH","label":"sebelum"},"geometry":{"type":"Polygon","coordinates":[[[97.4,4.64],[97.48,4.64],[97.48,4.72],[97.4,4.72],[97.4,4.64]]]}},{"type":"Feature","id":512,"properties":{"ntl_value":0.367,"nmkab":"ACEH TIMUR","nmprov":"ACEH","label":"sebelum"},"geometry":{"type":"Polygon","coordinates":[[[97.4,4.72],[97.48,4.72],[97.48,4.8],[97.4,4.8],[97.4,4.72]]]}},{"type":"Feature","id":513,"properties":{"ntl_value":0.618,"nmkab":"ACEH UTARA","nmprov":"ACEH","label":"sebelum"},"geometry":{"type":"Polygon","coordinates":[[[97.4,4.8],[97.48,4.8],[97.48,4.88],[97.4,4.88],[97.4,4.8]]]}},{"type":"Feature","id":514,"properties":{"ntl_value":0.527,"nmkab":"ACEH UTARA","nmprov":"ACEH","label":"sebelum"},"geometry":{"type":"Polygon","coordinates":[[[97.4,4.88],[97.48,4.88],[97.48,4.96],[97.4,4.96],[97.4,4.88]]]}},{"type":"Feature","id":515,"properties":{"ntl_value":0.492,"nmkab":"ACEH UTARA","nmprov":"ACEH","label":"sebelum"},"geometry":{"type":"Polygon","coordinates":[[[97.4,4.96],[97.48,4.96],[97.48,5.04],[97.4,5.04],[97.4,4.96]]]}},{"type":"Feature","id":516,"properties":{"ntl_value":0.486,"nmkab":"ACEH UTARA","nmprov":"ACEH","label":"sebelum"},"geometry":{"type":"Polygon","coordinates":[[[97.4,5.04],[97.48,5.04],[97.48,5.12],[97.4,5.12],[97.4,5.04]]]}},{"type":"Feature","id":517,"properties":{"ntl_value":0.479,"nmkab":"ACEH UTARA","nmprov":"ACEH","label":"sebelum"},"geometry":{"type":"Polygon","coordinates":[[[97.4,5.12],[97.48,5.12],[97.48,5.2],[97.4,5.2],[97.4,5.12]]]}},{"type":"Feature","id":518,"properties":{"ntl_value":0.509,"nmkab":"NIAS BARAT","nmprov":"SUMATERA UTARA","label":"sebelum"},"geometry":{"type":"Polygon","coordinates":[[[97.48,0.88],[97.56,0.88],[97.56,0.96],[97.48,0.96],[97.48,0.88]]]}},{"type":"Feature","id":519,"properties":{"ntl_value":0.586,"nmkab":"NIAS BARAT","nmprov":"SUMATERA UTARA","label":"sebelum"},"geometry":{"type":"Polygon","coordinates":[[[97.48,0.96],[97.56,0.96],[97.56,1.04],[97.48,1.04],[97.48,0.96]]]}},{"type":"Feature","id":520,"properties":{"ntl_value":0.485,"nmkab":"NIAS BARAT","nmprov":"SUMATERA UTARA","label":"sebelum"},"geometry":{"type":"Polygon","coordinates":[[[97.48,1.04],[97.56,1.04],[97.56,1.12],[97.48,1.12],[97.48,1.04]]]}},{"type":"Feature","id":521,"properties":{"ntl_value":0.576,"nmkab":"NIAS","nmprov":"SUMATERA UTARA","label":"sebelum"},"geometry":{"type":"Polygon","coordinates":[[[97.48,1.12],[97.56,1.12],[97.56,1.2],[97.48,1.2],[97.48,1.12]]]}},{"type":"Feature","id":522,"properties":{"ntl_value":0.541,"nmkab":"NIAS","nmprov":"SUMATERA UTARA","label":"sebelum"},"geometry":{"type":"Polygon","coordinates":[[[97.48,1.2],[97.56,1.2],[97.56,1.28],[97.48,1.28],[97.48,1.2]]]}},{"type":"Feature","id":523,"properties":{"ntl_value":0.589,"nmkab":"GUNUNGSITOLI","nmprov":"SUMATERA UTARA","label":"sebelum"},"geometry":{"type":"Polygon","coordinates":[[[97.48,1.28],[97.56,1.28],[97.56,1.36],[97.48,1.36],[97.48,1.28]]]}},{"type":"Feature","id":524,"properties":{"ntl_value":0.685,"nmkab":"GUNUNGSITOLI","nmprov":"SUMATERA UTARA","label":"sebelum"},"geometry":{"type":"Polygon","coordinates":[[[97.48,1.36],[97.56,1.36],[97.56,1.44],[97.48,1.44],[97.48,1.36]]]}},{"type":"Feature","id":525,"properties":{"ntl_value":0.464,"nmkab":"ACEH SELATAN","nmprov":"ACEH","label":"sebelum"},"geometry":{"type":"Polygon","coordinates":[[[97.48,2.88],[97.56,2.88],[97.56,2.96],[97.48,2.96],[97.48,2.88]]]}},{"type":"Feature","id":526,"properties":{"ntl_value":0.372,"nmkab":"ACEH SELATAN","nmprov":"ACEH","label":"sebelum"},"geometry":{"type":"Polygon","coordinates":[[[97.48,2.96],[97.56,2.96],[97.56,3.04],[97.48,3.04],[97.48,2.96]]]}},{"type":"Feature","id":527,"properties":{"ntl_value":0.381,"nmkab":"ACEH SELATAN","nmprov":"ACEH","label":"sebelum"},"geometry":{"type":"Polygon","coordinates":[[[97.48,3.04],[97.56,3.04],[97.56,3.12],[97.48,3.12],[97.48,3.04]]]}},{"type":"Feature","id":528,"properties":{"ntl_value":0.437,"nmkab":"ACEH SELATAN","nmprov":"ACEH","label":"sebelum"},"geometry":{"type":"Polygon","coordinates":[[[97.48,3.12],[97.56,3.12],[97.56,3.2],[97.48,3.2],[97.48,3.12]]]}},{"type":"Feature","id":529,"properties":{"ntl_value":0.434,"nmkab":"ACEH TENGGARA","nmprov":"ACEH","label":"sebelum"},"geometry":{"type":"Polygon","coordinates":[[[97.48,3.2],[97.56,3.2],[97.56,3.28],[97.48,3.28],[97.48,3.2]]]}},{"type":"Feature","id":530,"properties":{"ntl_value":0.412,"nmkab":"ACEH TENGGARA","nmprov":"ACEH","label":"sebelum"},"geometry":{"type":"Polygon","coordinates":[[[97.48,3.28],[97.56,3.28],[97.56,3.36],[97.48,3.36],[97.48,3.28]]]}},{"type":"Feature","id":531,"properties":{"ntl_value":0.416,"nmkab":"ACEH TENGGARA","nmprov":"ACEH","label":"sebelum"},"geometry":{"type":"Polygon","coordinates":[[[97.48,3.36],[97.56,3.36],[97.56,3.44],[97.48,3.44],[97.48,3.36]]]}},{"type":"Feature","id":532,"properties":{"ntl_value":0.388,"nmkab":"ACEH TENGGARA","nmprov":"ACEH","label":"sebelum"},"geometry":{"type":"Polygon","coordinates":[[[97.48,3.44],[97.56,3.44],[97.56,3.52],[97.48,3.52],[97.48,3.44]]]}},{"type":"Feature","id":533,"properties":{"ntl_value":0.419,"nmkab":"ACEH TENGGARA","nmprov":"ACEH","label":"sebelum"},"geometry":{"type":"Polygon","coordinates":[[[97.48,3.52],[97.56,3.52],[97.56,3.6],[97.48,3.6],[97.48,3.52]]]}},{"type":"Feature","id":534,"properties":{"ntl_value":0.448,"nmkab":"ACEH TENGGARA","nmprov":"ACEH","label":"sebelum"},"geometry":{"type":"Polygon","coordinates":[[[97.48,3.6],[97.56,3.6],[97.56,3.68],[97.48,3.68],[97.48,3.6]]]}},{"type":"Feature","id":535,"properties":{"ntl_value":0.324,"nmkab":"GAYO LUES","nmprov":"ACEH","label":"sebelum"},"geometry":{"type":"Polygon","coordinates":[[[97.48,3.68],[97.56,3.68],[97.56,3.76],[97.48,3.76],[97.48,3.68]]]}},{"type":"Feature","id":536,"properties":{"ntl_value":0.318,"nmkab":"GAYO LUES","nmprov":"ACEH","label":"sebelum"},"geometry":{"type":"Polygon","coordinates":[[[97.48,3.76],[97.56,3.76],[97.56,3.84],[97.48,3.84],[97.48,3.76]]]}},{"type":"Feature","id":537,"properties":{"ntl_value":0.277,"nmkab":"GAYO LUES","nmprov":"ACEH","label":"sebelum"},"geometry":{"type":"Polygon","coordinates":[[[97.48,3.84],[97.56,3.84],[97.56,3.92],[97.48,3.92],[97.48,3.84]]]}},{"type":"Feature","id":538,"properties":{"ntl_value":0.286,"nmkab":"GAYO LUES","nmprov":"ACEH","label":"sebelum"},"geometry":{"type":"Polygon","coordinates":[[[97.48,3.92],[97.56,3.92],[97.56,4],[97.48,4],[97.48,3.92]]]}},{"type":"Feature","id":539,"properties":{"ntl_value":0.281,"nmkab":"GAYO LUES","nmprov":"ACEH","label":"sebelum"},"geometry":{"type":"Polygon","coordinates":[[[97.48,4],[97.56,4],[97.56,4.08],[97.48,4.08],[97.48,4]]]}},{"type":"Feature","id":540,"properties":{"ntl_value":0.346,"nmkab":"GAYO LUES","nmprov":"ACEH","label":"sebelum"},"geometry":{"type":"Polygon","coordinates":[[[97.48,4.08],[97.56,4.08],[97.56,4.16],[97.48,4.16],[97.48,4.08]]]}},{"type":"Feature","id":541,"properties":{"ntl_value":0.393,"nmkab":"ACEH TIMUR","nmprov":"ACEH","label":"sebelum"},"geometry":{"type":"Polygon","coordinates":[[[97.48,4.16],[97.56,4.16],[97.56,4.24],[97.48,4.24],[97.48,4.16]]]}},{"type":"Feature","id":542,"properties":{"ntl_value":0.394,"nmkab":"ACEH TIMUR","nmprov":"ACEH","label":"sebelum"},"geometry":{"type":"Polygon","coordinates":[[[97.48,4.24],[97.56,4.24],[97.56,4.32],[97.48,4.32],[97.48,4.24]]]}},{"type":"Feature","id":543,"properties":{"ntl_value":0.41,"nmkab":"ACEH TIMUR","nmprov":"ACEH","label":"sebelum"},"geometry":{"type":"Polygon","coordinates":[[[97.48,4.32],[97.56,4.32],[97.56,4.4],[97.48,4.4],[97.48,4.32]]]}},{"type":"Feature","id":544,"properties":{"ntl_value":0.369,"nmkab":"ACEH TIMUR","nmprov":"ACEH","label":"sebelum"},"geometry":{"type":"Polygon","coordinates":[[[97.48,4.4],[97.56,4.4],[97.56,4.48],[97.48,4.48],[97.48,4.4]]]}},{"type":"Feature","id":545,"properties":{"ntl_value":0.499,"nmkab":"ACEH TIMUR","nmprov":"ACEH","label":"sebelum"},"geometry":{"type":"Polygon","coordinates":[[[97.48,4.48],[97.56,4.48],[97.56,4.56],[97.48,4.56],[97.48,4.48]]]}},{"type":"Feature","id":546,"properties":{"ntl_value":0.426,"nmkab":"ACEH TIMUR","nmprov":"ACEH","label":"sebelum"},"geometry":{"type":"Polygon","coordinates":[[[97.48,4.56],[97.56,4.56],[97.56,4.64],[97.48,4.64],[97.48,4.56]]]}},{"type":"Feature","id":547,"properties":{"ntl_value":0.373,"nmkab":"ACEH TIMUR","nmprov":"ACEH","label":"sebelum"},"geometry":{"type":"Polygon","coordinates":[[[97.48,4.64],[97.56,4.64],[97.56,4.72],[97.48,4.72],[97.48,4.64]]]}},{"type":"Feature","id":548,"properties":{"ntl_value":0.415,"nmkab":"ACEH TIMUR","nmprov":"ACEH","label":"sebelum"},"geometry":{"type":"Polygon","coordinates":[[[97.48,4.72],[97.56,4.72],[97.56,4.8],[97.48,4.8],[97.48,4.72]]]}},{"type":"Feature","id":549,"properties":{"ntl_value":0.473,"nmkab":"ACEH TIMUR","nmprov":"ACEH","label":"sebelum"},"geometry":{"type":"Polygon","coordinates":[[[97.48,4.8],[97.56,4.8],[97.56,4.88],[97.48,4.88],[97.48,4.8]]]}},{"type":"Feature","id":550,"properties":{"ntl_value":0.466,"nmkab":"ACEH TIMUR","nmprov":"ACEH","label":"sebelum"},"geometry":{"type":"Polygon","coordinates":[[[97.48,4.88],[97.56,4.88],[97.56,4.96],[97.48,4.96],[97.48,4.88]]]}},{"type":"Feature","id":551,"properties":{"ntl_value":0.462,"nmkab":"ACEH TIMUR","nmprov":"ACEH","label":"sebelum"},"geometry":{"type":"Polygon","coordinates":[[[97.48,4.96],[97.56,4.96],[97.56,5.04],[97.48,5.04],[97.48,4.96]]]}},{"type":"Feature","id":552,"properties":{"ntl_value":0.378,"nmkab":"ACEH TIMUR","nmprov":"ACEH","label":"sebelum"},"geometry":{"type":"Polygon","coordinates":[[[97.48,5.04],[97.56,5.04],[97.56,5.12],[97.48,5.12],[97.48,5.04]]]}},{"type":"Feature","id":553,"properties":{"ntl_value":0.428,"nmkab":"ACEH TIMUR","nmprov":"ACEH","label":"sebelum"},"geometry":{"type":"Polygon","coordinates":[[[97.48,5.12],[97.56,5.12],[97.56,5.2],[97.48,5.2],[97.48,5.12]]]}},{"type":"Feature","id":554,"properties":{"ntl_value":0.428,"nmkab":"NIAS SELATAN","nmprov":"SUMATERA UTARA","label":"sebelum"},"geometry":{"type":"Polygon","coordinates":[[[97.56,0.88],[97.64,0.88],[97.64,0.96],[97.56,0.96],[97.56,0.88]]]}},{"type":"Feature","id":555,"properties":{"ntl_value":0.51,"nmkab":"NIAS SELATAN","nmprov":"SUMATERA UTARA","label":"sebelum"},"geometry":{"type":"Polygon","coordinates":[[[97.56,0.96],[97.64,0.96],[97.64,1.04],[97.56,1.04],[97.56,0.96]]]}},{"type":"Feature","id":556,"properties":{"ntl_value":0.604,"nmkab":"NIAS BARAT","nmprov":"SUMATERA UTARA","label":"sebelum"},"geometry":{"type":"Polygon","coordinates":[[[97.56,1.04],[97.64,1.04],[97.64,1.12],[97.56,1.12],[97.56,1.04]]]}},{"type":"Feature","id":557,"properties":{"ntl_value":0.493,"nmkab":"NIAS","nmprov":"SUMATERA UTARA","label":"sebelum"},"geometry":{"type":"Polygon","coordinates":[[[97.56,1.12],[97.64,1.12],[97.64,1.2],[97.56,1.2],[97.56,1.12]]]}},{"type":"Feature","id":558,"properties":{"ntl_value":0.703,"nmkab":"GUNUNGSITOLI","nmprov":"SUMATERA UTARA","label":"sebelum"},"geometry":{"type":"Polygon","coordinates":[[[97.56,1.2],[97.64,1.2],[97.64,1.28],[97.56,1.28],[97.56,1.2]]]}},{"type":"Feature","id":559,"properties":{"ntl_value":0.657,"nmkab":"GUNUNGSITOLI","nmprov":"SUMATERA UTARA","label":"sebelum"},"geometry":{"type":"Polygon","coordinates":[[[97.56,1.28],[97.64,1.28],[97.64,1.36],[97.56,1.36],[97.56,1.28]]]}},{"type":"Feature","id":560,"properties":{"ntl_value":0.44,"nmkab":"ACEH SELATAN","nmprov":"ACEH","label":"sebelum"},"geometry":{"type":"Polygon","coordinates":[[[97.56,2.88],[97.64,2.88],[97.64,2.96],[97.56,2.96],[97.56,2.88]]]}},{"type":"Feature","id":561,"properties":{"ntl_value":0.396,"nmkab":"ACEH SELATAN","nmprov":"ACEH","label":"sebelum"},"geometry":{"type":"Polygon","coordinates":[[[97.56,2.96],[97.64,2.96],[97.64,3.04],[97.56,3.04],[97.56,2.96]]]}},{"type":"Feature","id":562,"properties":{"ntl_value":0.454,"nmkab":"ACEH SELATAN","nmprov":"ACEH","label":"sebelum"},"geometry":{"type":"Polygon","coordinates":[[[97.56,3.04],[97.64,3.04],[97.64,3.12],[97.56,3.12],[97.56,3.04]]]}},{"type":"Feature","id":563,"properties":{"ntl_value":0.334,"nmkab":"ACEH TENGGARA","nmprov":"ACEH","label":"sebelum"},"geometry":{"type":"Polygon","coordinates":[[[97.56,3.12],[97.64,3.12],[97.64,3.2],[97.56,3.2],[97.56,3.12]]]}},{"type":"Feature","id":564,"properties":{"ntl_value":0.35,"nmkab":"ACEH TENGGARA","nmprov":"ACEH","label":"sebelum"},"geometry":{"type":"Polygon","coordinates":[[[97.56,3.2],[97.64,3.2],[97.64,3.28],[97.56,3.28],[97.56,3.2]]]}},{"type":"Feature","id":565,"properties":{"ntl_value":0.376,"nmkab":"ACEH TENGGARA","nmprov":"ACEH","label":"sebelum"},"geometry":{"type":"Polygon","coordinates":[[[97.56,3.28],[97.64,3.28],[97.64,3.36],[97.56,3.36],[97.56,3.28]]]}},{"type":"Feature","id":566,"properties":{"ntl_value":0.332,"nmkab":"ACEH TENGGARA","nmprov":"ACEH","label":"sebelum"},"geometry":{"type":"Polygon","coordinates":[[[97.56,3.36],[97.64,3.36],[97.64,3.44],[97.56,3.44],[97.56,3.36]]]}},{"type":"Feature","id":567,"properties":{"ntl_value":0.442,"nmkab":"ACEH TENGGARA","nmprov":"ACEH","label":"sebelum"},"geometry":{"type":"Polygon","coordinates":[[[97.56,3.44],[97.64,3.44],[97.64,3.52],[97.56,3.52],[97.56,3.44]]]}},{"type":"Feature","id":568,"properties":{"ntl_value":0.331,"nmkab":"ACEH TENGGARA","nmprov":"ACEH","label":"sebelum"},"geometry":{"type":"Polygon","coordinates":[[[97.56,3.52],[97.64,3.52],[97.64,3.6],[97.56,3.6],[97.56,3.52]]]}},{"type":"Feature","id":569,"properties":{"ntl_value":0.377,"nmkab":"ACEH TENGGARA","nmprov":"ACEH","label":"sebelum"},"geometry":{"type":"Polygon","coordinates":[[[97.56,3.6],[97.64,3.6],[97.64,3.68],[97.56,3.68],[97.56,3.6]]]}},{"type":"Feature","id":570,"properties":{"ntl_value":0.263,"nmkab":"GAYO LUES","nmprov":"ACEH","label":"sebelum"},"geometry":{"type":"Polygon","coordinates":[[[97.56,3.68],[97.64,3.68],[97.64,3.76],[97.56,3.76],[97.56,3.68]]]}},{"type":"Feature","id":571,"properties":{"ntl_value":0.255,"nmkab":"GAYO LUES","nmprov":"ACEH","label":"sebelum"},"geometry":{"type":"Polygon","coordinates":[[[97.56,3.76],[97.64,3.76],[97.64,3.84],[97.56,3.84],[97.56,3.76]]]}},{"type":"Feature","id":572,"properties":{"ntl_value":0.34,"nmkab":"GAYO LUES","nmprov":"ACEH","label":"sebelum"},"geometry":{"type":"Polygon","coordinates":[[[97.56,3.84],[97.64,3.84],[97.64,3.92],[97.56,3.92],[97.56,3.84]]]}},{"type":"Feature","id":573,"properties":{"ntl_value":0.302,"nmkab":"GAYO LUES","nmprov":"ACEH","label":"sebelum"},"geometry":{"type":"Polygon","coordinates":[[[97.56,3.92],[97.64,3.92],[97.64,4],[97.56,4],[97.56,3.92]]]}},{"type":"Feature","id":574,"properties":{"ntl_value":0.222,"nmkab":"GAYO LUES","nmprov":"ACEH","label":"sebelum"},"geometry":{"type":"Polygon","coordinates":[[[97.56,4],[97.64,4],[97.64,4.08],[97.56,4.08],[97.56,4]]]}},{"type":"Feature","id":575,"properties":{"ntl_value":0.336,"nmkab":"GAYO LUES","nmprov":"ACEH","label":"sebelum"},"geometry":{"type":"Polygon","coordinates":[[[97.56,4.08],[97.64,4.08],[97.64,4.16],[97.56,4.16],[97.56,4.08]]]}},{"type":"Feature","id":576,"properties":{"ntl_value":0.279,"nmkab":"GAYO LUES","nmprov":"ACEH","label":"sebelum"},"geometry":{"type":"Polygon","coordinates":[[[97.56,4.16],[97.64,4.16],[97.64,4.24],[97.56,4.24],[97.56,4.16]]]}},{"type":"Feature","id":577,"properties":{"ntl_value":0.417,"nmkab":"ACEH TIMUR","nmprov":"ACEH","label":"sebelum"},"geometry":{"type":"Polygon","coordinates":[[[97.56,4.24],[97.64,4.24],[97.64,4.32],[97.56,4.32],[97.56,4.24]]]}},{"type":"Feature","id":578,"properties":{"ntl_value":0.429,"nmkab":"ACEH TIMUR","nmprov":"ACEH","label":"sebelum"},"geometry":{"type":"Polygon","coordinates":[[[97.56,4.32],[97.64,4.32],[97.64,4.4],[97.56,4.4],[97.56,4.32]]]}},{"type":"Feature","id":579,"properties":{"ntl_value":0.384,"nmkab":"ACEH TIMUR","nmprov":"ACEH","label":"sebelum"},"geometry":{"type":"Polygon","coordinates":[[[97.56,4.4],[97.64,4.4],[97.64,4.48],[97.56,4.48],[97.56,4.4]]]}},{"type":"Feature","id":580,"properties":{"ntl_value":0.37,"nmkab":"ACEH TIMUR","nmprov":"ACEH","label":"sebelum"},"geometry":{"type":"Polygon","coordinates":[[[97.56,4.48],[97.64,4.48],[97.64,4.56],[97.56,4.56],[97.56,4.48]]]}},{"type":"Feature","id":581,"properties":{"ntl_value":0.479,"nmkab":"ACEH TIMUR","nmprov":"ACEH","label":"sebelum"},"geometry":{"type":"Polygon","coordinates":[[[97.56,4.56],[97.64,4.56],[97.64,4.64],[97.56,4.64],[97.56,4.56]]]}},{"type":"Feature","id":582,"properties":{"ntl_value":0.351,"nmkab":"ACEH TIMUR","nmprov":"ACEH","label":"sebelum"},"geometry":{"type":"Polygon","coordinates":[[[97.56,4.64],[97.64,4.64],[97.64,4.72],[97.56,4.72],[97.56,4.64]]]}},{"type":"Feature","id":583,"properties":{"ntl_value":0.38,"nmkab":"ACEH TIMUR","nmprov":"ACEH","label":"sebelum"},"geometry":{"type":"Polygon","coordinates":[[[97.56,4.72],[97.64,4.72],[97.64,4.8],[97.56,4.8],[97.56,4.72]]]}},{"type":"Feature","id":584,"properties":{"ntl_value":0.357,"nmkab":"ACEH TIMUR","nmprov":"ACEH","label":"sebelum"},"geometry":{"type":"Polygon","coordinates":[[[97.56,4.8],[97.64,4.8],[97.64,4.88],[97.56,4.88],[97.56,4.8]]]}},{"type":"Feature","id":585,"properties":{"ntl_value":0.377,"nmkab":"ACEH TIMUR","nmprov":"ACEH","label":"sebelum"},"geometry":{"type":"Polygon","coordinates":[[[97.56,4.88],[97.64,4.88],[97.64,4.96],[97.56,4.96],[97.56,4.88]]]}},{"type":"Feature","id":586,"properties":{"ntl_value":0.383,"nmkab":"ACEH TIMUR","nmprov":"ACEH","label":"sebelum"},"geometry":{"type":"Polygon","coordinates":[[[97.56,4.96],[97.64,4.96],[97.64,5.04],[97.56,5.04],[97.56,4.96]]]}},{"type":"Feature","id":587,"properties":{"ntl_value":0.471,"nmkab":"ACEH TIMUR","nmprov":"ACEH","label":"sebelum"},"geometry":{"type":"Polygon","coordinates":[[[97.56,5.04],[97.64,5.04],[97.64,5.12],[97.56,5.12],[97.56,5.04]]]}},{"type":"Feature","id":588,"properties":{"ntl_value":0.523,"nmkab":"NIAS SELATAN","nmprov":"SUMATERA UTARA","label":"sebelum"},"geometry":{"type":"Polygon","coordinates":[[[97.64,0.64],[97.72,0.64],[97.72,0.72],[97.64,0.72],[97.64,0.64]]]}},{"type":"Feature","id":589,"properties":{"ntl_value":0.522,"nmkab":"NIAS SELATAN","nmprov":"SUMATERA UTARA","label":"sebelum"},"geometry":{"type":"Polygon","coordinates":[[[97.64,0.72],[97.72,0.72],[97.72,0.8],[97.64,0.8],[97.64,0.72]]]}},{"type":"Feature","id":590,"properties":{"ntl_value":0.562,"nmkab":"NIAS SELATAN","nmprov":"SUMATERA UTARA","label":"sebelum"},"geometry":{"type":"Polygon","coordinates":[[[97.64,0.8],[97.72,0.8],[97.72,0.88],[97.64,0.88],[97.64,0.8]]]}},{"type":"Feature","id":591,"properties":{"ntl_value":0.562,"nmkab":"NIAS SELATAN","nmprov":"SUMATERA UTARA","label":"sebelum"},"geometry":{"type":"Polygon","coordinates":[[[97.64,0.88],[97.72,0.88],[97.72,0.96],[97.64,0.96],[97.64,0.88]]]}},{"type":"Feature","id":592,"properties":{"ntl_value":0.445,"nmkab":"NIAS SELATAN","nmprov":"SUMATERA UTARA","label":"sebelum"},"geometry":{"type":"Polygon","coordinates":[[[97.64,0.96],[97.72,0.96],[97.72,1.04],[97.64,1.04],[97.64,0.96]]]}},{"type":"Feature","id":593,"properties":{"ntl_value":0.443,"nmkab":"NIAS","nmprov":"SUMATERA UTARA","label":"sebelum"},"geometry":{"type":"Polygon","coordinates":[[[97.64,1.04],[97.72,1.04],[97.72,1.12],[97.64,1.12],[97.64,1.04]]]}},{"type":"Feature","id":594,"properties":{"ntl_value":0.598,"nmkab":"GUNUNGSITOLI","nmprov":"SUMATERA UTARA","label":"sebelum"},"geometry":{"type":"Polygon","coordinates":[[[97.64,1.12],[97.72,1.12],[97.72,1.2],[97.64,1.2],[97.64,1.12]]]}},{"type":"Feature","id":595,"properties":{"ntl_value":0.405,"nmkab":"ACEH SELATAN","nmprov":"ACEH","label":"sebelum"},"geometry":{"type":"Polygon","coordinates":[[[97.64,2.4],[97.72,2.4],[97.72,2.48],[97.64,2.48],[97.64,2.4]]]}},{"type":"Feature","id":596,"properties":{"ntl_value":0.448,"nmkab":"ACEH SELATAN","nmprov":"ACEH","label":"sebelum"},"geometry":{"type":"Polygon","coordinates":[[[97.64,2.48],[97.72,2.48],[97.72,2.56],[97.64,2.56],[97.64,2.48]]]}},{"type":"Feature","id":597,"properties":{"ntl_value":0.511,"nmkab":"ACEH SELATAN","nmprov":"ACEH","label":"sebelum"},"geometry":{"type":"Polygon","coordinates":[[[97.64,2.56],[97.72,2.56],[97.72,2.64],[97.64,2.64],[97.64,2.56]]]}},{"type":"Feature","id":598,"properties":{"ntl_value":0.402,"nmkab":"ACEH SELATAN","nmprov":"ACEH","label":"sebelum"},"geometry":{"type":"Polygon","coordinates":[[[97.64,2.64],[97.72,2.64],[97.72,2.72],[97.64,2.72],[97.64,2.64]]]}},{"type":"Feature","id":599,"properties":{"ntl_value":0.383,"nmkab":"ACEH SELATAN","nmprov":"ACEH","label":"sebelum"},"geometry":{"type":"Polygon","coordinates":[[[97.64,2.72],[97.72,2.72],[97.72,2.8],[97.64,2.8],[97.64,2.72]]]}},{"type":"Feature","id":600,"properties":{"ntl_value":0.42,"nmkab":"ACEH SELATAN","nmprov":"ACEH","label":"sebelum"},"geometry":{"type":"Polygon","coordinates":[[[97.64,2.8],[97.72,2.8],[97.72,2.88],[97.64,2.88],[97.64,2.8]]]}},{"type":"Feature","id":601,"properties":{"ntl_value":0.478,"nmkab":"ACEH SELATAN","nmprov":"ACEH","label":"sebelum"},"geometry":{"type":"Polygon","coordinates":[[[97.64,2.88],[97.72,2.88],[97.72,2.96],[97.64,2.96],[97.64,2.88]]]}},{"type":"Feature","id":602,"properties":{"ntl_value":0.329,"nmkab":"ACEH TENGGARA","nmprov":"ACEH","label":"sebelum"},"geometry":{"type":"Polygon","coordinates":[[[97.64,2.96],[97.72,2.96],[97.72,3.04],[97.64,3.04],[97.64,2.96]]]}},{"type":"Feature","id":603,"properties":{"ntl_value":0.339,"nmkab":"ACEH TENGGARA","nmprov":"ACEH","label":"sebelum"},"geometry":{"type":"Polygon","coordinates":[[[97.64,3.04],[97.72,3.04],[97.72,3.12],[97.64,3.12],[97.64,3.04]]]}},{"type":"Feature","id":604,"properties":{"ntl_value":0.434,"nmkab":"ACEH TENGGARA","nmprov":"ACEH","label":"sebelum"},"geometry":{"type":"Polygon","coordinates":[[[97.64,3.12],[97.72,3.12],[97.72,3.2],[97.64,3.2],[97.64,3.12]]]}},{"type":"Feature","id":605,"properties":{"ntl_value":0.44,"nmkab":"ACEH TENGGARA","nmprov":"ACEH","label":"sebelum"},"geometry":{"type":"Polygon","coordinates":[[[97.64,3.2],[97.72,3.2],[97.72,3.28],[97.64,3.28],[97.64,3.2]]]}},{"type":"Feature","id":606,"properties":{"ntl_value":0.334,"nmkab":"ACEH TENGGARA","nmprov":"ACEH","label":"sebelum"},"geometry":{"type":"Polygon","coordinates":[[[97.64,3.28],[97.72,3.28],[97.72,3.36],[97.64,3.36],[97.64,3.28]]]}},{"type":"Feature","id":607,"properties":{"ntl_value":0.397,"nmkab":"ACEH TENGGARA","nmprov":"ACEH","label":"sebelum"},"geometry":{"type":"Polygon","coordinates":[[[97.64,3.36],[97.72,3.36],[97.72,3.44],[97.64,3.44],[97.64,3.36]]]}},{"type":"Feature","id":608,"properties":{"ntl_value":0.46,"nmkab":"ACEH TENGGARA","nmprov":"ACEH","label":"sebelum"},"geometry":{"type":"Polygon","coordinates":[[[97.64,3.44],[97.72,3.44],[97.72,3.52],[97.64,3.52],[97.64,3.44]]]}},{"type":"Feature","id":609,"properties":{"ntl_value":0.361,"nmkab":"ACEH TENGGARA","nmprov":"ACEH","label":"sebelum"},"geometry":{"type":"Polygon","coordinates":[[[97.64,3.52],[97.72,3.52],[97.72,3.6],[97.64,3.6],[97.64,3.52]]]}},{"type":"Feature","id":610,"properties":{"ntl_value":0.384,"nmkab":"ACEH TENGGARA","nmprov":"ACEH","label":"sebelum"},"geometry":{"type":"Polygon","coordinates":[[[97.64,3.6],[97.72,3.6],[97.72,3.68],[97.64,3.68],[97.64,3.6]]]}},{"type":"Feature","id":611,"properties":{"ntl_value":0.371,"nmkab":"ACEH TENGGARA","nmprov":"ACEH","label":"sebelum"},"geometry":{"type":"Polygon","coordinates":[[[97.64,3.68],[97.72,3.68],[97.72,3.76],[97.64,3.76],[97.64,3.68]]]}},{"type":"Feature","id":612,"properties":{"ntl_value":0.371,"nmkab":"GAYO LUES","nmprov":"ACEH","label":"sebelum"},"geometry":{"type":"Polygon","coordinates":[[[97.64,3.76],[97.72,3.76],[97.72,3.84],[97.64,3.84],[97.64,3.76]]]}},{"type":"Feature","id":613,"properties":{"ntl_value":0.263,"nmkab":"GAYO LUES","nmprov":"ACEH","label":"sebelum"},"geometry":{"type":"Polygon","coordinates":[[[97.64,3.84],[97.72,3.84],[97.72,3.92],[97.64,3.92],[97.64,3.84]]]}},{"type":"Feature","id":614,"properties":{"ntl_value":0.251,"nmkab":"GAYO LUES","nmprov":"ACEH","label":"sebelum"},"geometry":{"type":"Polygon","coordinates":[[[97.64,3.92],[97.72,3.92],[97.72,4],[97.64,4],[97.64,3.92]]]}},{"type":"Feature","id":615,"properties":{"ntl_value":0.336,"nmkab":"GAYO LUES","nmprov":"ACEH","label":"sebelum"},"geometry":{"type":"Polygon","coordinates":[[[97.64,4],[97.72,4],[97.72,4.08],[97.64,4.08],[97.64,4]]]}},{"type":"Feature","id":616,"properties":{"ntl_value":0.367,"nmkab":"GAYO LUES","nmprov":"ACEH","label":"sebelum"},"geometry":{"type":"Polygon","coordinates":[[[97.64,4.08],[97.72,4.08],[97.72,4.16],[97.64,4.16],[97.64,4.08]]]}},{"type":"Feature","id":617,"properties":{"ntl_value":0.35,"nmkab":"GAYO LUES","nmprov":"ACEH","label":"sebelum"},"geometry":{"type":"Polygon","coordinates":[[[97.64,4.16],[97.72,4.16],[97.72,4.24],[97.64,4.24],[97.64,4.16]]]}},{"type":"Feature","id":618,"properties":{"ntl_value":0.42,"nmkab":"ACEH TIMUR","nmprov":"ACEH","label":"sebelum"},"geometry":{"type":"Polygon","coordinates":[[[97.64,4.24],[97.72,4.24],[97.72,4.32],[97.64,4.32],[97.64,4.24]]]}},{"type":"Feature","id":619,"properties":{"ntl_value":0.476,"nmkab":"ACEH TIMUR","nmprov":"ACEH","label":"sebelum"},"geometry":{"type":"Polygon","coordinates":[[[97.64,4.32],[97.72,4.32],[97.72,4.4],[97.64,4.4],[97.64,4.32]]]}},{"type":"Feature","id":620,"properties":{"ntl_value":0.36,"nmkab":"ACEH TIMUR","nmprov":"ACEH","label":"sebelum"},"geometry":{"type":"Polygon","coordinates":[[[97.64,4.4],[97.72,4.4],[97.72,4.48],[97.64,4.48],[97.64,4.4]]]}},{"type":"Feature","id":621,"properties":{"ntl_value":0.385,"nmkab":"ACEH TIMUR","nmprov":"ACEH","label":"sebelum"},"geometry":{"type":"Polygon","coordinates":[[[97.64,4.48],[97.72,4.48],[97.72,4.56],[97.64,4.56],[97.64,4.48]]]}},{"type":"Feature","id":622,"properties":{"ntl_value":0.417,"nmkab":"ACEH TIMUR","nmprov":"ACEH","label":"sebelum"},"geometry":{"type":"Polygon","coordinates":[[[97.64,4.56],[97.72,4.56],[97.72,4.64],[97.64,4.64],[97.64,4.56]]]}},{"type":"Feature","id":623,"properties":{"ntl_value":0.473,"nmkab":"ACEH TIMUR","nmprov":"ACEH","label":"sebelum"},"geometry":{"type":"Polygon","coordinates":[[[97.64,4.64],[97.72,4.64],[97.72,4.72],[97.64,4.72],[97.64,4.64]]]}},{"type":"Feature","id":624,"properties":{"ntl_value":0.425,"nmkab":"ACEH TIMUR","nmprov":"ACEH","label":"sebelum"},"geometry":{"type":"Polygon","coordinates":[[[97.64,4.72],[97.72,4.72],[97.72,4.8],[97.64,4.8],[97.64,4.72]]]}},{"type":"Feature","id":625,"properties":{"ntl_value":0.445,"nmkab":"ACEH TIMUR","nmprov":"ACEH","label":"sebelum"},"geometry":{"type":"Polygon","coordinates":[[[97.64,4.8],[97.72,4.8],[97.72,4.88],[97.64,4.88],[97.64,4.8]]]}},{"type":"Feature","id":626,"properties":{"ntl_value":0.408,"nmkab":"ACEH TIMUR","nmprov":"ACEH","label":"sebelum"},"geometry":{"type":"Polygon","coordinates":[[[97.64,4.88],[97.72,4.88],[97.72,4.96],[97.64,4.96],[97.64,4.88]]]}},{"type":"Feature","id":627,"properties":{"ntl_value":0.491,"nmkab":"ACEH TIMUR","nmprov":"ACEH","label":"sebelum"},"geometry":{"type":"Polygon","coordinates":[[[97.64,4.96],[97.72,4.96],[97.72,5.04],[97.64,5.04],[97.64,4.96]]]}},{"type":"Feature","id":628,"properties":{"ntl_value":0.537,"nmkab":"NIAS SELATAN","nmprov":"SUMATERA UTARA","label":"sebelum"},"geometry":{"type":"Polygon","coordinates":[[[97.72,0.56],[97.8,0.56],[97.8,0.64],[97.72,0.64],[97.72,0.56]]]}},{"type":"Feature","id":629,"properties":{"ntl_value":0.559,"nmkab":"NIAS SELATAN","nmprov":"SUMATERA UTARA","label":"sebelum"},"geometry":{"type":"Polygon","coordinates":[[[97.72,0.64],[97.8,0.64],[97.8,0.72],[97.72,0.72],[97.72,0.64]]]}},{"type":"Feature","id":630,"properties":{"ntl_value":0.425,"nmkab":"NIAS SELATAN","nmprov":"SUMATERA UTARA","label":"sebelum"},"geometry":{"type":"Polygon","coordinates":[[[97.72,0.72],[97.8,0.72],[97.8,0.8],[97.72,0.8],[97.72,0.72]]]}},{"type":"Feature","id":631,"properties":{"ntl_value":0.498,"nmkab":"NIAS SELATAN","nmprov":"SUMATERA UTARA","label":"sebelum"},"geometry":{"type":"Polygon","coordinates":[[[97.72,0.8],[97.8,0.8],[97.8,0.88],[97.72,0.88],[97.72,0.8]]]}},{"type":"Feature","id":632,"properties":{"ntl_value":0.539,"nmkab":"NIAS SELATAN","nmprov":"SUMATERA UTARA","label":"sebelum"},"geometry":{"type":"Polygon","coordinates":[[[97.72,0.88],[97.8,0.88],[97.8,0.96],[97.72,0.96],[97.72,0.88]]]}},{"type":"Feature","id":633,"properties":{"ntl_value":0.47,"nmkab":"NIAS","nmprov":"SUMATERA UTARA","label":"sebelum"},"geometry":{"type":"Polygon","coordinates":[[[97.72,0.96],[97.8,0.96],[97.8,1.04],[97.72,1.04],[97.72,0.96]]]}},{"type":"Feature","id":634,"properties":{"ntl_value":0.48,"nmkab":"NIAS","nmprov":"SUMATERA UTARA","label":"sebelum"},"geometry":{"type":"Polygon","coordinates":[[[97.72,1.04],[97.8,1.04],[97.8,1.12],[97.72,1.12],[97.72,1.04]]]}},{"type":"Feature","id":635,"properties":{"ntl_value":0.414,"nmkab":"ACEH SINGKIL","nmprov":"ACEH","label":"sebelum"},"geometry":{"type":"Polygon","coordinates":[[[97.72,2.24],[97.8,2.24],[97.8,2.32],[97.72,2.32],[97.72,2.24]]]}},{"type":"Feature","id":636,"properties":{"ntl_value":0.335,"nmkab":"ACEH SINGKIL","nmprov":"ACEH","label":"sebelum"},"geometry":{"type":"Polygon","coordinates":[[[97.72,2.32],[97.8,2.32],[97.8,2.4],[97.72,2.4],[97.72,2.32]]]}},{"type":"Feature","id":637,"properties":{"ntl_value":0.38,"nmkab":"ACEH SINGKIL","nmprov":"ACEH","label":"sebelum"},"geometry":{"type":"Polygon","coordinates":[[[97.72,2.4],[97.8,2.4],[97.8,2.48],[97.72,2.48],[97.72,2.4]]]}},{"type":"Feature","id":638,"properties":{"ntl_value":0.489,"nmkab":"ACEH SELATAN","nmprov":"ACEH","label":"sebelum"},"geometry":{"type":"Polygon","coordinates":[[[97.72,2.48],[97.8,2.48],[97.8,2.56],[97.72,2.56],[97.72,2.48]]]}},{"type":"Feature","id":639,"properties":{"ntl_value":0.49,"nmkab":"ACEH SELATAN","nmprov":"ACEH","label":"sebelum"},"geometry":{"type":"Polygon","coordinates":[[[97.72,2.56],[97.8,2.56],[97.8,2.64],[97.72,2.64],[97.72,2.56]]]}},{"type":"Feature","id":640,"properties":{"ntl_value":0.474,"nmkab":"ACEH SELATAN","nmprov":"ACEH","label":"sebelum"},"geometry":{"type":"Polygon","coordinates":[[[97.72,2.64],[97.8,2.64],[97.8,2.72],[97.72,2.72],[97.72,2.64]]]}},{"type":"Feature","id":641,"properties":{"ntl_value":0.496,"nmkab":"ACEH SELATAN","nmprov":"ACEH","label":"sebelum"},"geometry":{"type":"Polygon","coordinates":[[[97.72,2.72],[97.8,2.72],[97.8,2.8],[97.72,2.8],[97.72,2.72]]]}},{"type":"Feature","id":642,"properties":{"ntl_value":0.458,"nmkab":"ACEH SELATAN","nmprov":"ACEH","label":"sebelum"},"geometry":{"type":"Polygon","coordinates":[[[97.72,2.8],[97.8,2.8],[97.8,2.88],[97.72,2.88],[97.72,2.8]]]}},{"type":"Feature","id":643,"properties":{"ntl_value":0.417,"nmkab":"ACEH SELATAN","nmprov":"ACEH","label":"sebelum"},"geometry":{"type":"Polygon","coordinates":[[[97.72,2.88],[97.8,2.88],[97.8,2.96],[97.72,2.96],[97.72,2.88]]]}},{"type":"Feature","id":644,"properties":{"ntl_value":0.377,"nmkab":"ACEH TENGGARA","nmprov":"ACEH","label":"sebelum"},"geometry":{"type":"Polygon","coordinates":[[[97.72,2.96],[97.8,2.96],[97.8,3.04],[97.72,3.04],[97.72,2.96]]]}},{"type":"Feature","id":645,"properties":{"ntl_value":0.342,"nmkab":"ACEH TENGGARA","nmprov":"ACEH","label":"sebelum"},"geometry":{"type":"Polygon","coordinates":[[[97.72,3.04],[97.8,3.04],[97.8,3.12],[97.72,3.12],[97.72,3.04]]]}},{"type":"Feature","id":646,"properties":{"ntl_value":0.32,"nmkab":"ACEH TENGGARA","nmprov":"ACEH","label":"sebelum"},"geometry":{"type":"Polygon","coordinates":[[[97.72,3.12],[97.8,3.12],[97.8,3.2],[97.72,3.2],[97.72,3.12]]]}},{"type":"Feature","id":647,"properties":{"ntl_value":0.365,"nmkab":"ACEH TENGGARA","nmprov":"ACEH","label":"sebelum"},"geometry":{"type":"Polygon","coordinates":[[[97.72,3.2],[97.8,3.2],[97.8,3.28],[97.72,3.28],[97.72,3.2]]]}},{"type":"Feature","id":648,"properties":{"ntl_value":0.388,"nmkab":"ACEH TENGGARA","nmprov":"ACEH","label":"sebelum"},"geometry":{"type":"Polygon","coordinates":[[[97.72,3.28],[97.8,3.28],[97.8,3.36],[97.72,3.36],[97.72,3.28]]]}},{"type":"Feature","id":649,"properties":{"ntl_value":0.444,"nmkab":"ACEH TENGGARA","nmprov":"ACEH","label":"sebelum"},"geometry":{"type":"Polygon","coordinates":[[[97.72,3.36],[97.8,3.36],[97.8,3.44],[97.72,3.44],[97.72,3.36]]]}},{"type":"Feature","id":650,"properties":{"ntl_value":0.443,"nmkab":"ACEH TENGGARA","nmprov":"ACEH","label":"sebelum"},"geometry":{"type":"Polygon","coordinates":[[[97.72,3.44],[97.8,3.44],[97.8,3.52],[97.72,3.52],[97.72,3.44]]]}},{"type":"Feature","id":651,"properties":{"ntl_value":0.445,"nmkab":"ACEH TENGGARA","nmprov":"ACEH","label":"sebelum"},"geometry":{"type":"Polygon","coordinates":[[[97.72,3.52],[97.8,3.52],[97.8,3.6],[97.72,3.6],[97.72,3.52]]]}},{"type":"Feature","id":652,"properties":{"ntl_value":0.361,"nmkab":"ACEH TENGGARA","nmprov":"ACEH","label":"sebelum"},"geometry":{"type":"Polygon","coordinates":[[[97.72,3.6],[97.8,3.6],[97.8,3.68],[97.72,3.68],[97.72,3.6]]]}},{"type":"Feature","id":653,"properties":{"ntl_value":0.402,"nmkab":"ACEH TENGGARA","nmprov":"ACEH","label":"sebelum"},"geometry":{"type":"Polygon","coordinates":[[[97.72,3.68],[97.8,3.68],[97.8,3.76],[97.72,3.76],[97.72,3.68]]]}},{"type":"Feature","id":654,"properties":{"ntl_value":0.237,"nmkab":"GAYO LUES","nmprov":"ACEH","label":"sebelum"},"geometry":{"type":"Polygon","coordinates":[[[97.72,3.76],[97.8,3.76],[97.8,3.84],[97.72,3.84],[97.72,3.76]]]}},{"type":"Feature","id":655,"properties":{"ntl_value":0.267,"nmkab":"GAYO LUES","nmprov":"ACEH","label":"sebelum"},"geometry":{"type":"Polygon","coordinates":[[[97.72,3.84],[97.8,3.84],[97.8,3.92],[97.72,3.92],[97.72,3.84]]]}},{"type":"Feature","id":656,"properties":{"ntl_value":0.313,"nmkab":"GAYO LUES","nmprov":"ACEH","label":"sebelum"},"geometry":{"type":"Polygon","coordinates":[[[97.72,3.92],[97.8,3.92],[97.8,4],[97.72,4],[97.72,3.92]]]}},{"type":"Feature","id":657,"properties":{"ntl_value":0.29,"nmkab":"GAYO LUES","nmprov":"ACEH","label":"sebelum"},"geometry":{"type":"Polygon","coordinates":[[[97.72,4],[97.8,4],[97.8,4.08],[97.72,4.08],[97.72,4]]]}},{"type":"Feature","id":658,"properties":{"ntl_value":0.267,"nmkab":"GAYO LUES","nmprov":"ACEH","label":"sebelum"},"geometry":{"type":"Polygon","coordinates":[[[97.72,4.08],[97.8,4.08],[97.8,4.16],[97.72,4.16],[97.72,4.08]]]}},{"type":"Feature","id":659,"properties":{"ntl_value":0.337,"nmkab":"ACEH TAMIANG","nmprov":"ACEH","label":"sebelum"},"geometry":{"type":"Polygon","coordinates":[[[97.72,4.16],[97.8,4.16],[97.8,4.24],[97.72,4.24],[97.72,4.16]]]}},{"type":"Feature","id":660,"properties":{"ntl_value":0.369,"nmkab":"ACEH TAMIANG","nmprov":"ACEH","label":"sebelum"},"geometry":{"type":"Polygon","coordinates":[[[97.72,4.24],[97.8,4.24],[97.8,4.32],[97.72,4.32],[97.72,4.24]]]}},{"type":"Feature","id":661,"properties":{"ntl_value":0.412,"nmkab":"ACEH TIMUR","nmprov":"ACEH","label":"sebelum"},"geometry":{"type":"Polygon","coordinates":[[[97.72,4.32],[97.8,4.32],[97.8,4.4],[97.72,4.4],[97.72,4.32]]]}},{"type":"Feature","id":662,"properties":{"ntl_value":0.483,"nmkab":"ACEH TIMUR","nmprov":"ACEH","label":"sebelum"},"geometry":{"type":"Polygon","coordinates":[[[97.72,4.4],[97.8,4.4],[97.8,4.48],[97.72,4.48],[97.72,4.4]]]}},{"type":"Feature","id":663,"properties":{"ntl_value":0.458,"nmkab":"ACEH TIMUR","nmprov":"ACEH","label":"sebelum"},"geometry":{"type":"Polygon","coordinates":[[[97.72,4.48],[97.8,4.48],[97.8,4.56],[97.72,4.56],[97.72,4.48]]]}},{"type":"Feature","id":664,"properties":{"ntl_value":0.414,"nmkab":"ACEH TIMUR","nmprov":"ACEH","label":"sebelum"},"geometry":{"type":"Polygon","coordinates":[[[97.72,4.56],[97.8,4.56],[97.8,4.64],[97.72,4.64],[97.72,4.56]]]}},{"type":"Feature","id":665,"properties":{"ntl_value":0.427,"nmkab":"ACEH TIMUR","nmprov":"ACEH","label":"sebelum"},"geometry":{"type":"Polygon","coordinates":[[[97.72,4.64],[97.8,4.64],[97.8,4.72],[97.72,4.72],[97.72,4.64]]]}},{"type":"Feature","id":666,"properties":{"ntl_value":0.426,"nmkab":"ACEH TIMUR","nmprov":"ACEH","label":"sebelum"},"geometry":{"type":"Polygon","coordinates":[[[97.72,4.72],[97.8,4.72],[97.8,4.8],[97.72,4.8],[97.72,4.72]]]}},{"type":"Feature","id":667,"properties":{"ntl_value":0.491,"nmkab":"ACEH TIMUR","nmprov":"ACEH","label":"sebelum"},"geometry":{"type":"Polygon","coordinates":[[[97.72,4.8],[97.8,4.8],[97.8,4.88],[97.72,4.88],[97.72,4.8]]]}},{"type":"Feature","id":668,"properties":{"ntl_value":0.404,"nmkab":"ACEH TIMUR","nmprov":"ACEH","label":"sebelum"},"geometry":{"type":"Polygon","coordinates":[[[97.72,4.88],[97.8,4.88],[97.8,4.96],[97.72,4.96],[97.72,4.88]]]}},{"type":"Feature","id":669,"properties":{"ntl_value":0.464,"nmkab":"NIAS SELATAN","nmprov":"SUMATERA UTARA","label":"sebelum"},"geometry":{"type":"Polygon","coordinates":[[[97.8,0.56],[97.88,0.56],[97.88,0.64],[97.8,0.64],[97.8,0.56]]]}},{"type":"Feature","id":670,"properties":{"ntl_value":0.484,"nmkab":"NIAS SELATAN","nmprov":"SUMATERA UTARA","label":"sebelum"},"geometry":{"type":"Polygon","coordinates":[[[97.8,0.64],[97.88,0.64],[97.88,0.72],[97.8,0.72],[97.8,0.64]]]}},{"type":"Feature","id":671,"properties":{"ntl_value":0.551,"nmkab":"NIAS SELATAN","nmprov":"SUMATERA UTARA","label":"sebelum"},"geometry":{"type":"Polygon","coordinates":[[[97.8,0.72],[97.88,0.72],[97.88,0.8],[97.8,0.8],[97.8,0.72]]]}},{"type":"Feature","id":672,"properties":{"ntl_value":0.508,"nmkab":"NIAS SELATAN","nmprov":"SUMATERA UTARA","label":"sebelum"},"geometry":{"type":"Polygon","coordinates":[[[97.8,0.8],[97.88,0.8],[97.88,0.88],[97.8,0.88],[97.8,0.8]]]}},{"type":"Feature","id":673,"properties":{"ntl_value":0.506,"nmkab":"NIAS","nmprov":"SUMATERA UTARA","label":"sebelum"},"geometry":{"type":"Polygon","coordinates":[[[97.8,0.88],[97.88,0.88],[97.88,0.96],[97.8,0.96],[97.8,0.88]]]}},{"type":"Feature","id":674,"properties":{"ntl_value":0.512,"nmkab":"NIAS","nmprov":"SUMATERA UTARA","label":"sebelum"},"geometry":{"type":"Polygon","coordinates":[[[97.8,0.96],[97.88,0.96],[97.88,1.04],[97.8,1.04],[97.8,0.96]]]}},{"type":"Feature","id":675,"properties":{"ntl_value":0.522,"nmkab":"NIAS","nmprov":"SUMATERA UTARA","label":"sebelum"},"geometry":{"type":"Polygon","coordinates":[[[97.8,1.04],[97.88,1.04],[97.88,1.12],[97.8,1.12],[97.8,1.04]]]}},{"type":"Feature","id":676,"properties":{"ntl_value":0.41,"nmkab":"ACEH SINGKIL","nmprov":"ACEH","label":"sebelum"},"geometry":{"type":"Polygon","coordinates":[[[97.8,2.24],[97.88,2.24],[97.88,2.32],[97.8,2.32],[97.8,2.24]]]}},{"type":"Feature","id":677,"properties":{"ntl_value":0.434,"nmkab":"ACEH SINGKIL","nmprov":"ACEH","label":"sebelum"},"geometry":{"type":"Polygon","coordinates":[[[97.8,2.32],[97.88,2.32],[97.88,2.4],[97.8,2.4],[97.8,2.32]]]}},{"type":"Feature","id":678,"properties":{"ntl_value":0.473,"nmkab":"ACEH SINGKIL","nmprov":"ACEH","label":"sebelum"},"geometry":{"type":"Polygon","coordinates":[[[97.8,2.4],[97.88,2.4],[97.88,2.48],[97.8,2.48],[97.8,2.4]]]}},{"type":"Feature","id":679,"properties":{"ntl_value":0.365,"nmkab":"SUBULUSSALAM","nmprov":"ACEH","label":"sebelum"},"geometry":{"type":"Polygon","coordinates":[[[97.8,2.48],[97.88,2.48],[97.88,2.56],[97.8,2.56],[97.8,2.48]]]}},{"type":"Feature","id":680,"properties":{"ntl_value":0.423,"nmkab":"SUBULUSSALAM","nmprov":"ACEH","label":"sebelum"},"geometry":{"type":"Polygon","coordinates":[[[97.8,2.56],[97.88,2.56],[97.88,2.64],[97.8,2.64],[97.8,2.56]]]}},{"type":"Feature","id":681,"properties":{"ntl_value":0.478,"nmkab":"SUBULUSSALAM","nmprov":"ACEH","label":"sebelum"},"geometry":{"type":"Polygon","coordinates":[[[97.8,2.64],[97.88,2.64],[97.88,2.72],[97.8,2.72],[97.8,2.64]]]}},{"type":"Feature","id":682,"properties":{"ntl_value":0.472,"nmkab":"SUBULUSSALAM","nmprov":"ACEH","label":"sebelum"},"geometry":{"type":"Polygon","coordinates":[[[97.8,2.72],[97.88,2.72],[97.88,2.8],[97.8,2.8],[97.8,2.72]]]}},{"type":"Feature","id":683,"properties":{"ntl_value":0.489,"nmkab":"ACEH SELATAN","nmprov":"ACEH","label":"sebelum"},"geometry":{"type":"Polygon","coordinates":[[[97.8,2.8],[97.88,2.8],[97.88,2.88],[97.8,2.88],[97.8,2.8]]]}},{"type":"Feature","id":684,"properties":{"ntl_value":0.474,"nmkab":"ACEH SELATAN","nmprov":"ACEH","label":"sebelum"},"geometry":{"type":"Polygon","coordinates":[[[97.8,2.88],[97.88,2.88],[97.88,2.96],[97.8,2.96],[97.8,2.88]]]}},{"type":"Feature","id":685,"properties":{"ntl_value":0.51,"nmkab":"SUBULUSSALAM","nmprov":"ACEH","label":"sebelum"},"geometry":{"type":"Polygon","coordinates":[[[97.8,2.96],[97.88,2.96],[97.88,3.04],[97.8,3.04],[97.8,2.96]]]}},{"type":"Feature","id":686,"properties":{"ntl_value":0.323,"nmkab":"ACEH TENGGARA","nmprov":"ACEH","label":"sebelum"},"geometry":{"type":"Polygon","coordinates":[[[97.8,3.04],[97.88,3.04],[97.88,3.12],[97.8,3.12],[97.8,3.04]]]}},{"type":"Feature","id":687,"properties":{"ntl_value":0.401,"nmkab":"ACEH TENGGARA","nmprov":"ACEH","label":"sebelum"},"geometry":{"type":"Polygon","coordinates":[[[97.8,3.12],[97.88,3.12],[97.88,3.2],[97.8,3.2],[97.8,3.12]]]}},{"type":"Feature","id":688,"properties":{"ntl_value":0.321,"nmkab":"ACEH TENGGARA","nmprov":"ACEH","label":"sebelum"},"geometry":{"type":"Polygon","coordinates":[[[97.8,3.2],[97.88,3.2],[97.88,3.28],[97.8,3.28],[97.8,3.2]]]}},{"type":"Feature","id":689,"properties":{"ntl_value":0.461,"nmkab":"ACEH TENGGARA","nmprov":"ACEH","label":"sebelum"},"geometry":{"type":"Polygon","coordinates":[[[97.8,3.28],[97.88,3.28],[97.88,3.36],[97.8,3.36],[97.8,3.28]]]}},{"type":"Feature","id":690,"properties":{"ntl_value":0.45,"nmkab":"ACEH TENGGARA","nmprov":"ACEH","label":"sebelum"},"geometry":{"type":"Polygon","coordinates":[[[97.8,3.36],[97.88,3.36],[97.88,3.44],[97.8,3.44],[97.8,3.36]]]}},{"type":"Feature","id":691,"properties":{"ntl_value":0.36,"nmkab":"ACEH TENGGARA","nmprov":"ACEH","label":"sebelum"},"geometry":{"type":"Polygon","coordinates":[[[97.8,3.44],[97.88,3.44],[97.88,3.52],[97.8,3.52],[97.8,3.44]]]}},{"type":"Feature","id":692,"properties":{"ntl_value":0.417,"nmkab":"ACEH TENGGARA","nmprov":"ACEH","label":"sebelum"},"geometry":{"type":"Polygon","coordinates":[[[97.8,3.52],[97.88,3.52],[97.88,3.6],[97.8,3.6],[97.8,3.52]]]}},{"type":"Feature","id":693,"properties":{"ntl_value":0.391,"nmkab":"ACEH TENGGARA","nmprov":"ACEH","label":"sebelum"},"geometry":{"type":"Polygon","coordinates":[[[97.8,3.6],[97.88,3.6],[97.88,3.68],[97.8,3.68],[97.8,3.6]]]}},{"type":"Feature","id":694,"properties":{"ntl_value":0.396,"nmkab":"LANGKAT","nmprov":"SUMATERA UTARA","label":"sebelum"},"geometry":{"type":"Polygon","coordinates":[[[97.8,3.68],[97.88,3.68],[97.88,3.76],[97.8,3.76],[97.8,3.68]]]}},{"type":"Feature","id":695,"properties":{"ntl_value":0.282,"nmkab":"GAYO LUES","nmprov":"ACEH","label":"sebelum"},"geometry":{"type":"Polygon","coordinates":[[[97.8,3.76],[97.88,3.76],[97.88,3.84],[97.8,3.84],[97.8,3.76]]]}},{"type":"Feature","id":696,"properties":{"ntl_value":0.279,"nmkab":"GAYO LUES","nmprov":"ACEH","label":"sebelum"},"geometry":{"type":"Polygon","coordinates":[[[97.8,3.84],[97.88,3.84],[97.88,3.92],[97.8,3.92],[97.8,3.84]]]}},{"type":"Feature","id":697,"properties":{"ntl_value":0.344,"nmkab":"ACEH TAMIANG","nmprov":"ACEH","label":"sebelum"},"geometry":{"type":"Polygon","coordinates":[[[97.8,3.92],[97.88,3.92],[97.88,4],[97.8,4],[97.8,3.92]]]}},{"type":"Feature","id":698,"properties":{"ntl_value":0.342,"nmkab":"ACEH TAMIANG","nmprov":"ACEH","label":"sebelum"},"geometry":{"type":"Polygon","coordinates":[[[97.8,4],[97.88,4],[97.88,4.08],[97.8,4.08],[97.8,4]]]}},{"type":"Feature","id":699,"properties":{"ntl_value":0.363,"nmkab":"ACEH TAMIANG","nmprov":"ACEH","label":"sebelum"},"geometry":{"type":"Polygon","coordinates":[[[97.8,4.08],[97.88,4.08],[97.88,4.16],[97.8,4.16],[97.8,4.08]]]}},{"type":"Feature","id":700,"properties":{"ntl_value":0.319,"nmkab":"ACEH TAMIANG","nmprov":"ACEH","label":"sebelum"},"geometry":{"type":"Polygon","coordinates":[[[97.8,4.16],[97.88,4.16],[97.88,4.24],[97.8,4.24],[97.8,4.16]]]}},{"type":"Feature","id":701,"properties":{"ntl_value":0.274,"nmkab":"ACEH TAMIANG","nmprov":"ACEH","label":"sebelum"},"geometry":{"type":"Polygon","coordinates":[[[97.8,4.24],[97.88,4.24],[97.88,4.32],[97.8,4.32],[97.8,4.24]]]}},{"type":"Feature","id":702,"properties":{"ntl_value":0.392,"nmkab":"ACEH TIMUR","nmprov":"ACEH","label":"sebelum"},"geometry":{"type":"Polygon","coordinates":[[[97.8,4.32],[97.88,4.32],[97.88,4.4],[97.8,4.4],[97.8,4.32]]]}},{"type":"Feature","id":703,"properties":{"ntl_value":0.376,"nmkab":"ACEH TIMUR","nmprov":"ACEH","label":"sebelum"},"geometry":{"type":"Polygon","coordinates":[[[97.8,4.4],[97.88,4.4],[97.88,4.48],[97.8,4.48],[97.8,4.4]]]}},{"type":"Feature","id":704,"properties":{"ntl_value":0.39,"nmkab":"ACEH TIMUR","nmprov":"ACEH","label":"sebelum"},"geometry":{"type":"Polygon","coordinates":[[[97.8,4.48],[97.88,4.48],[97.88,4.56],[97.8,4.56],[97.8,4.48]]]}},{"type":"Feature","id":705,"properties":{"ntl_value":0.492,"nmkab":"ACEH TIMUR","nmprov":"ACEH","label":"sebelum"},"geometry":{"type":"Polygon","coordinates":[[[97.8,4.56],[97.88,4.56],[97.88,4.64],[97.8,4.64],[97.8,4.56]]]}},{"type":"Feature","id":706,"properties":{"ntl_value":0.44,"nmkab":"ACEH TIMUR","nmprov":"ACEH","label":"sebelum"},"geometry":{"type":"Polygon","coordinates":[[[97.8,4.64],[97.88,4.64],[97.88,4.72],[97.8,4.72],[97.8,4.64]]]}},{"type":"Feature","id":707,"properties":{"ntl_value":0.441,"nmkab":"ACEH TIMUR","nmprov":"ACEH","label":"sebelum"},"geometry":{"type":"Polygon","coordinates":[[[97.8,4.72],[97.88,4.72],[97.88,4.8],[97.8,4.8],[97.8,4.72]]]}},{"type":"Feature","id":708,"properties":{"ntl_value":0.402,"nmkab":"ACEH TIMUR","nmprov":"ACEH","label":"sebelum"},"geometry":{"type":"Polygon","coordinates":[[[97.8,4.8],[97.88,4.8],[97.88,4.88],[97.8,4.88],[97.8,4.8]]]}},{"type":"Feature","id":709,"properties":{"ntl_value":0.581,"nmkab":"NIAS","nmprov":"SUMATERA UTARA","label":"sebelum"},"geometry":{"type":"Polygon","coordinates":[[[97.88,0.96],[97.96,0.96],[97.96,1.04],[97.88,1.04],[97.88,0.96]]]}},{"type":"Feature","id":710,"properties":{"ntl_value":0.465,"nmkab":"ACEH SINGKIL","nmprov":"ACEH","label":"sebelum"},"geometry":{"type":"Polygon","coordinates":[[[97.88,2.24],[97.96,2.24],[97.96,2.32],[97.88,2.32],[97.88,2.24]]]}},{"type":"Feature","id":711,"properties":{"ntl_value":0.41,"nmkab":"ACEH SINGKIL","nmprov":"ACEH","label":"sebelum"},"geometry":{"type":"Polygon","coordinates":[[[97.88,2.32],[97.96,2.32],[97.96,2.4],[97.88,2.4],[97.88,2.32]]]}},{"type":"Feature","id":712,"properties":{"ntl_value":0.443,"nmkab":"ACEH SINGKIL","nmprov":"ACEH","label":"sebelum"},"geometry":{"type":"Polygon","coordinates":[[[97.88,2.4],[97.96,2.4],[97.96,2.48],[97.88,2.48],[97.88,2.4]]]}},{"type":"Feature","id":713,"properties":{"ntl_value":0.457,"nmkab":"ACEH SINGKIL","nmprov":"ACEH","label":"sebelum"},"geometry":{"type":"Polygon","coordinates":[[[97.88,2.48],[97.96,2.48],[97.96,2.56],[97.88,2.56],[97.88,2.48]]]}},{"type":"Feature","id":714,"properties":{"ntl_value":0.382,"nmkab":"SUBULUSSALAM","nmprov":"ACEH","label":"sebelum"},"geometry":{"type":"Polygon","coordinates":[[[97.88,2.56],[97.96,2.56],[97.96,2.64],[97.88,2.64],[97.88,2.56]]]}},{"type":"Feature","id":715,"properties":{"ntl_value":0.475,"nmkab":"SUBULUSSALAM","nmprov":"ACEH","label":"sebelum"},"geometry":{"type":"Polygon","coordinates":[[[97.88,2.64],[97.96,2.64],[97.96,2.72],[97.88,2.72],[97.88,2.64]]]}},{"type":"Feature","id":716,"properties":{"ntl_value":0.512,"nmkab":"SUBULUSSALAM","nmprov":"ACEH","label":"sebelum"},"geometry":{"type":"Polygon","coordinates":[[[97.88,2.72],[97.96,2.72],[97.96,2.8],[97.88,2.8],[97.88,2.72]]]}},{"type":"Feature","id":717,"properties":{"ntl_value":0.376,"nmkab":"SUBULUSSALAM","nmprov":"ACEH","label":"sebelum"},"geometry":{"type":"Polygon","coordinates":[[[97.88,2.8],[97.96,2.8],[97.96,2.88],[97.88,2.88],[97.88,2.8]]]}},{"type":"Feature","id":718,"properties":{"ntl_value":0.4,"nmkab":"SUBULUSSALAM","nmprov":"ACEH","label":"sebelum"},"geometry":{"type":"Polygon","coordinates":[[[97.88,2.88],[97.96,2.88],[97.96,2.96],[97.88,2.96],[97.88,2.88]]]}},{"type":"Feature","id":719,"properties":{"ntl_value":0.41,"nmkab":"ACEH TENGGARA","nmprov":"ACEH","label":"sebelum"},"geometry":{"type":"Polygon","coordinates":[[[97.88,2.96],[97.96,2.96],[97.96,3.04],[97.88,3.04],[97.88,2.96]]]}},{"type":"Feature","id":720,"properties":{"ntl_value":0.386,"nmkab":"ACEH TENGGARA","nmprov":"ACEH","label":"sebelum"},"geometry":{"type":"Polygon","coordinates":[[[97.88,3.04],[97.96,3.04],[97.96,3.12],[97.88,3.12],[97.88,3.04]]]}},{"type":"Feature","id":721,"properties":{"ntl_value":0.451,"nmkab":"ACEH TENGGARA","nmprov":"ACEH","label":"sebelum"},"geometry":{"type":"Polygon","coordinates":[[[97.88,3.12],[97.96,3.12],[97.96,3.2],[97.88,3.2],[97.88,3.12]]]}},{"type":"Feature","id":722,"properties":{"ntl_value":0.328,"nmkab":"ACEH TENGGARA","nmprov":"ACEH","label":"sebelum"},"geometry":{"type":"Polygon","coordinates":[[[97.88,3.2],[97.96,3.2],[97.96,3.28],[97.88,3.28],[97.88,3.2]]]}},{"type":"Feature","id":723,"properties":{"ntl_value":0.335,"nmkab":"ACEH TENGGARA","nmprov":"ACEH","label":"sebelum"},"geometry":{"type":"Polygon","coordinates":[[[97.88,3.28],[97.96,3.28],[97.96,3.36],[97.88,3.36],[97.88,3.28]]]}},{"type":"Feature","id":724,"properties":{"ntl_value":0.341,"nmkab":"ACEH TENGGARA","nmprov":"ACEH","label":"sebelum"},"geometry":{"type":"Polygon","coordinates":[[[97.88,3.36],[97.96,3.36],[97.96,3.44],[97.88,3.44],[97.88,3.36]]]}},{"type":"Feature","id":725,"properties":{"ntl_value":0.36,"nmkab":"ACEH TENGGARA","nmprov":"ACEH","label":"sebelum"},"geometry":{"type":"Polygon","coordinates":[[[97.88,3.44],[97.96,3.44],[97.96,3.52],[97.88,3.52],[97.88,3.44]]]}},{"type":"Feature","id":726,"properties":{"ntl_value":0.448,"nmkab":"LANGKAT","nmprov":"SUMATERA UTARA","label":"sebelum"},"geometry":{"type":"Polygon","coordinates":[[[97.88,3.52],[97.96,3.52],[97.96,3.6],[97.88,3.6],[97.88,3.52]]]}},{"type":"Feature","id":727,"properties":{"ntl_value":0.38,"nmkab":"LANGKAT","nmprov":"SUMATERA UTARA","label":"sebelum"},"geometry":{"type":"Polygon","coordinates":[[[97.88,3.6],[97.96,3.6],[97.96,3.68],[97.88,3.68],[97.88,3.6]]]}},{"type":"Feature","id":728,"properties":{"ntl_value":0.357,"nmkab":"LANGKAT","nmprov":"SUMATERA UTARA","label":"sebelum"},"geometry":{"type":"Polygon","coordinates":[[[97.88,3.68],[97.96,3.68],[97.96,3.76],[97.88,3.76],[97.88,3.68]]]}},{"type":"Feature","id":729,"properties":{"ntl_value":0.383,"nmkab":"LANGKAT","nmprov":"SUMATERA UTARA","label":"sebelum"},"geometry":{"type":"Polygon","coordinates":[[[97.88,3.76],[97.96,3.76],[97.96,3.84],[97.88,3.84],[97.88,3.76]]]}},{"type":"Feature","id":730,"properties":{"ntl_value":0.464,"nmkab":"LANGKAT","nmprov":"SUMATERA UTARA","label":"sebelum"},"geometry":{"type":"Polygon","coordinates":[[[97.88,3.84],[97.96,3.84],[97.96,3.92],[97.88,3.92],[97.88,3.84]]]}},{"type":"Feature","id":731,"properties":{"ntl_value":0.339,"nmkab":"ACEH TAMIANG","nmprov":"ACEH","label":"sebelum"},"geometry":{"type":"Polygon","coordinates":[[[97.88,3.92],[97.96,3.92],[97.96,4],[97.88,4],[97.88,3.92]]]}},{"type":"Feature","id":732,"properties":{"ntl_value":0.376,"nmkab":"ACEH TAMIANG","nmprov":"ACEH","label":"sebelum"},"geometry":{"type":"Polygon","coordinates":[[[97.88,4],[97.96,4],[97.96,4.08],[97.88,4.08],[97.88,4]]]}},{"type":"Feature","id":733,"properties":{"ntl_value":0.312,"nmkab":"ACEH TAMIANG","nmprov":"ACEH","label":"sebelum"},"geometry":{"type":"Polygon","coordinates":[[[97.88,4.08],[97.96,4.08],[97.96,4.16],[97.88,4.16],[97.88,4.08]]]}},{"type":"Feature","id":734,"properties":{"ntl_value":0.291,"nmkab":"ACEH TAMIANG","nmprov":"ACEH","label":"sebelum"},"geometry":{"type":"Polygon","coordinates":[[[97.88,4.16],[97.96,4.16],[97.96,4.24],[97.88,4.24],[97.88,4.16]]]}},{"type":"Feature","id":735,"properties":{"ntl_value":0.303,"nmkab":"ACEH TAMIANG","nmprov":"ACEH","label":"sebelum"},"geometry":{"type":"Polygon","coordinates":[[[97.88,4.24],[97.96,4.24],[97.96,4.32],[97.88,4.32],[97.88,4.24]]]}},{"type":"Feature","id":736,"properties":{"ntl_value":0.442,"nmkab":"ACEH TIMUR","nmprov":"ACEH","label":"sebelum"},"geometry":{"type":"Polygon","coordinates":[[[97.88,4.32],[97.96,4.32],[97.96,4.4],[97.88,4.4],[97.88,4.32]]]}},{"type":"Feature","id":737,"properties":{"ntl_value":0.784,"nmkab":"LANGSA","nmprov":"ACEH","label":"sebelum"},"geometry":{"type":"Polygon","coordinates":[[[97.88,4.4],[97.96,4.4],[97.96,4.48],[97.88,4.48],[97.88,4.4]]]}},{"type":"Feature","id":738,"properties":{"ntl_value":0.672,"nmkab":"LANGSA","nmprov":"ACEH","label":"sebelum"},"geometry":{"type":"Polygon","coordinates":[[[97.88,4.48],[97.96,4.48],[97.96,4.56],[97.88,4.56],[97.88,4.48]]]}},{"type":"Feature","id":739,"properties":{"ntl_value":0.39,"nmkab":"ACEH TIMUR","nmprov":"ACEH","label":"sebelum"},"geometry":{"type":"Polygon","coordinates":[[[97.88,4.56],[97.96,4.56],[97.96,4.64],[97.88,4.64],[97.88,4.56]]]}},{"type":"Feature","id":740,"properties":{"ntl_value":0.359,"nmkab":"ACEH TIMUR","nmprov":"ACEH","label":"sebelum"},"geometry":{"type":"Polygon","coordinates":[[[97.88,4.64],[97.96,4.64],[97.96,4.72],[97.88,4.72],[97.88,4.64]]]}},{"type":"Feature","id":741,"properties":{"ntl_value":0.411,"nmkab":"ACEH TIMUR","nmprov":"ACEH","label":"sebelum"},"geometry":{"type":"Polygon","coordinates":[[[97.88,4.72],[97.96,4.72],[97.96,4.8],[97.88,4.8],[97.88,4.72]]]}},{"type":"Feature","id":742,"properties":{"ntl_value":0.37,"nmkab":"ACEH TIMUR","nmprov":"ACEH","label":"sebelum"},"geometry":{"type":"Polygon","coordinates":[[[97.88,4.8],[97.96,4.8],[97.96,4.88],[97.88,4.88],[97.88,4.8]]]}},{"type":"Feature","id":743,"properties":{"ntl_value":0.473,"nmkab":"ACEH SINGKIL","nmprov":"ACEH","label":"sebelum"},"geometry":{"type":"Polygon","coordinates":[[[97.96,2.24],[98.04,2.24],[98.04,2.32],[97.96,2.32],[97.96,2.24]]]}},{"type":"Feature","id":744,"properties":{"ntl_value":0.424,"nmkab":"ACEH SINGKIL","nmprov":"ACEH","label":"sebelum"},"geometry":{"type":"Polygon","coordinates":[[[97.96,2.32],[98.04,2.32],[98.04,2.4],[97.96,2.4],[97.96,2.32]]]}},{"type":"Feature","id":745,"properties":{"ntl_value":0.346,"nmkab":"ACEH SINGKIL","nmprov":"ACEH","label":"sebelum"},"geometry":{"type":"Polygon","coordinates":[[[97.96,2.4],[98.04,2.4],[98.04,2.48],[97.96,2.48],[97.96,2.4]]]}},{"type":"Feature","id":746,"properties":{"ntl_value":0.336,"nmkab":"ACEH SINGKIL","nmprov":"ACEH","label":"sebelum"},"geometry":{"type":"Polygon","coordinates":[[[97.96,2.48],[98.04,2.48],[98.04,2.56],[97.96,2.56],[97.96,2.48]]]}},{"type":"Feature","id":747,"properties":{"ntl_value":0.341,"nmkab":"ACEH SINGKIL","nmprov":"ACEH","label":"sebelum"},"geometry":{"type":"Polygon","coordinates":[[[97.96,2.56],[98.04,2.56],[98.04,2.64],[97.96,2.64],[97.96,2.56]]]}},{"type":"Feature","id":748,"properties":{"ntl_value":0.498,"nmkab":"SUBULUSSALAM","nmprov":"ACEH","label":"sebelum"},"geometry":{"type":"Polygon","coordinates":[[[97.96,2.64],[98.04,2.64],[98.04,2.72],[97.96,2.72],[97.96,2.64]]]}},{"type":"Feature","id":749,"properties":{"ntl_value":0.37,"nmkab":"SUBULUSSALAM","nmprov":"ACEH","label":"sebelum"},"geometry":{"type":"Polygon","coordinates":[[[97.96,2.72],[98.04,2.72],[98.04,2.8],[97.96,2.8],[97.96,2.72]]]}},{"type":"Feature","id":750,"properties":{"ntl_value":0.396,"nmkab":"SUBULUSSALAM","nmprov":"ACEH","label":"sebelum"},"geometry":{"type":"Polygon","coordinates":[[[97.96,2.8],[98.04,2.8],[98.04,2.88],[97.96,2.88],[97.96,2.8]]]}},{"type":"Feature","id":751,"properties":{"ntl_value":0.447,"nmkab":"DAIRI","nmprov":"SUMATERA UTARA","label":"sebelum"},"geometry":{"type":"Polygon","coordinates":[[[97.96,2.88],[98.04,2.88],[98.04,2.96],[97.96,2.96],[97.96,2.88]]]}},{"type":"Feature","id":752,"properties":{"ntl_value":0.461,"nmkab":"DAIRI","nmprov":"SUMATERA UTARA","label":"sebelum"},"geometry":{"type":"Polygon","coordinates":[[[97.96,2.96],[98.04,2.96],[98.04,3.04],[97.96,3.04],[97.96,2.96]]]}},{"type":"Feature","id":753,"properties":{"ntl_value":0.462,"nmkab":"DAIRI","nmprov":"SUMATERA UTARA","label":"sebelum"},"geometry":{"type":"Polygon","coordinates":[[[97.96,3.04],[98.04,3.04],[98.04,3.12],[97.96,3.12],[97.96,3.04]]]}},{"type":"Feature","id":754,"properties":{"ntl_value":0.526,"nmkab":"KARO","nmprov":"SUMATERA UTARA","label":"sebelum"},"geometry":{"type":"Polygon","coordinates":[[[97.96,3.12],[98.04,3.12],[98.04,3.2],[97.96,3.2],[97.96,3.12]]]}},{"type":"Feature","id":755,"properties":{"ntl_value":0.478,"nmkab":"KARO","nmprov":"SUMATERA UTARA","label":"sebelum"},"geometry":{"type":"Polygon","coordinates":[[[97.96,3.2],[98.04,3.2],[98.04,3.28],[97.96,3.28],[97.96,3.2]]]}},{"type":"Feature","id":756,"properties":{"ntl_value":0.429,"nmkab":"ACEH TENGGARA","nmprov":"ACEH","label":"sebelum"},"geometry":{"type":"Polygon","coordinates":[[[97.96,3.28],[98.04,3.28],[98.04,3.36],[97.96,3.36],[97.96,3.28]]]}},{"type":"Feature","id":757,"properties":{"ntl_value":0.443,"nmkab":"LANGKAT","nmprov":"SUMATERA UTARA","label":"sebelum"},"geometry":{"type":"Polygon","coordinates":[[[97.96,3.36],[98.04,3.36],[98.04,3.44],[97.96,3.44],[97.96,3.36]]]}},{"type":"Feature","id":758,"properties":{"ntl_value":0.409,"nmkab":"LANGKAT","nmprov":"SUMATERA UTARA","label":"sebelum"},"geometry":{"type":"Polygon","coordinates":[[[97.96,3.44],[98.04,3.44],[98.04,3.52],[97.96,3.52],[97.96,3.44]]]}},{"type":"Feature","id":759,"properties":{"ntl_value":0.46,"nmkab":"LANGKAT","nmprov":"SUMATERA UTARA","label":"sebelum"},"geometry":{"type":"Polygon","coordinates":[[[97.96,3.52],[98.04,3.52],[98.04,3.6],[97.96,3.6],[97.96,3.52]]]}},{"type":"Feature","id":760,"properties":{"ntl_value":0.384,"nmkab":"LANGKAT","nmprov":"SUMATERA UTARA","label":"sebelum"},"geometry":{"type":"Polygon","coordinates":[[[97.96,3.6],[98.04,3.6],[98.04,3.68],[97.96,3.68],[97.96,3.6]]]}},{"type":"Feature","id":761,"properties":{"ntl_value":0.418,"nmkab":"LANGKAT","nmprov":"SUMATERA UTARA","label":"sebelum"},"geometry":{"type":"Polygon","coordinates":[[[97.96,3.68],[98.04,3.68],[98.04,3.76],[97.96,3.76],[97.96,3.68]]]}},{"type":"Feature","id":762,"properties":{"ntl_value":0.5,"nmkab":"LANGKAT","nmprov":"SUMATERA UTARA","label":"sebelum"},"geometry":{"type":"Polygon","coordinates":[[[97.96,3.76],[98.04,3.76],[98.04,3.84],[97.96,3.84],[97.96,3.76]]]}},{"type":"Feature","id":763,"properties":{"ntl_value":0.414,"nmkab":"LANGKAT","nmprov":"SUMATERA UTARA","label":"sebelum"},"geometry":{"type":"Polygon","coordinates":[[[97.96,3.84],[98.04,3.84],[98.04,3.92],[97.96,3.92],[97.96,3.84]]]}},{"type":"Feature","id":764,"properties":{"ntl_value":0.285,"nmkab":"ACEH TAMIANG","nmprov":"ACEH","label":"sebelum"},"geometry":{"type":"Polygon","coordinates":[[[97.96,3.92],[98.04,3.92],[98.04,4],[97.96,4],[97.96,3.92]]]}},{"type":"Feature","id":765,"properties":{"ntl_value":0.264,"nmkab":"ACEH TAMIANG","nmprov":"ACEH","label":"sebelum"},"geometry":{"type":"Polygon","coordinates":[[[97.96,4],[98.04,4],[98.04,4.08],[97.96,4.08],[97.96,4]]]}},{"type":"Feature","id":766,"properties":{"ntl_value":0.324,"nmkab":"ACEH TAMIANG","nmprov":"ACEH","label":"sebelum"},"geometry":{"type":"Polygon","coordinates":[[[97.96,4.08],[98.04,4.08],[98.04,4.16],[97.96,4.16],[97.96,4.08]]]}},{"type":"Feature","id":767,"properties":{"ntl_value":0.395,"nmkab":"ACEH TAMIANG","nmprov":"ACEH","label":"sebelum"},"geometry":{"type":"Polygon","coordinates":[[[97.96,4.16],[98.04,4.16],[98.04,4.24],[97.96,4.24],[97.96,4.16]]]}},{"type":"Feature","id":768,"properties":{"ntl_value":0.256,"nmkab":"ACEH TAMIANG","nmprov":"ACEH","label":"sebelum"},"geometry":{"type":"Polygon","coordinates":[[[97.96,4.24],[98.04,4.24],[98.04,4.32],[97.96,4.32],[97.96,4.24]]]}},{"type":"Feature","id":769,"properties":{"ntl_value":0.285,"nmkab":"ACEH TAMIANG","nmprov":"ACEH","label":"sebelum"},"geometry":{"type":"Polygon","coordinates":[[[97.96,4.32],[98.04,4.32],[98.04,4.4],[97.96,4.4],[97.96,4.32]]]}},{"type":"Feature","id":770,"properties":{"ntl_value":0.658,"nmkab":"LANGSA","nmprov":"ACEH","label":"sebelum"},"geometry":{"type":"Polygon","coordinates":[[[97.96,4.4],[98.04,4.4],[98.04,4.48],[97.96,4.48],[97.96,4.4]]]}},{"type":"Feature","id":771,"properties":{"ntl_value":0.648,"nmkab":"LANGSA","nmprov":"ACEH","label":"sebelum"},"geometry":{"type":"Polygon","coordinates":[[[97.96,4.48],[98.04,4.48],[98.04,4.56],[97.96,4.56],[97.96,4.48]]]}},{"type":"Feature","id":772,"properties":{"ntl_value":0.433,"nmkab":"ACEH TIMUR","nmprov":"ACEH","label":"sebelum"},"geometry":{"type":"Polygon","coordinates":[[[97.96,4.56],[98.04,4.56],[98.04,4.64],[97.96,4.64],[97.96,4.56]]]}},{"type":"Feature","id":773,"properties":{"ntl_value":0.37,"nmkab":"ACEH SINGKIL","nmprov":"ACEH","label":"sebelum"},"geometry":{"type":"Polygon","coordinates":[[[98.04,2.24],[98.12,2.24],[98.12,2.32],[98.04,2.32],[98.04,2.24]]]}},{"type":"Feature","id":774,"properties":{"ntl_value":0.398,"nmkab":"ACEH SINGKIL","nmprov":"ACEH","label":"sebelum"},"geometry":{"type":"Polygon","coordinates":[[[98.04,2.32],[98.12,2.32],[98.12,2.4],[98.04,2.4],[98.04,2.32]]]}},{"type":"Feature","id":775,"properties":{"ntl_value":0.463,"nmkab":"ACEH SINGKIL","nmprov":"ACEH","label":"sebelum"},"geometry":{"type":"Polygon","coordinates":[[[98.04,2.4],[98.12,2.4],[98.12,2.48],[98.04,2.48],[98.04,2.4]]]}},{"type":"Feature","id":776,"properties":{"ntl_value":0.471,"nmkab":"ACEH SINGKIL","nmprov":"ACEH","label":"sebelum"},"geometry":{"type":"Polygon","coordinates":[[[98.04,2.48],[98.12,2.48],[98.12,2.56],[98.04,2.56],[98.04,2.48]]]}},{"type":"Feature","id":777,"properties":{"ntl_value":0.37,"nmkab":"SUBULUSSALAM","nmprov":"ACEH","label":"sebelum"},"geometry":{"type":"Polygon","coordinates":[[[98.04,2.56],[98.12,2.56],[98.12,2.64],[98.04,2.64],[98.04,2.56]]]}},{"type":"Feature","id":778,"properties":{"ntl_value":0.439,"nmkab":"SUBULUSSALAM","nmprov":"ACEH","label":"sebelum"},"geometry":{"type":"Polygon","coordinates":[[[98.04,2.64],[98.12,2.64],[98.12,2.72],[98.04,2.72],[98.04,2.64]]]}},{"type":"Feature","id":779,"properties":{"ntl_value":0.483,"nmkab":"PAKPAK BHARAT","nmprov":"SUMATERA UTARA","label":"sebelum"},"geometry":{"type":"Polygon","coordinates":[[[98.04,2.72],[98.12,2.72],[98.12,2.8],[98.04,2.8],[98.04,2.72]]]}},{"type":"Feature","id":780,"properties":{"ntl_value":0.484,"nmkab":"DAIRI","nmprov":"SUMATERA UTARA","label":"sebelum"},"geometry":{"type":"Polygon","coordinates":[[[98.04,2.8],[98.12,2.8],[98.12,2.88],[98.04,2.88],[98.04,2.8]]]}},{"type":"Feature","id":781,"properties":{"ntl_value":0.51,"nmkab":"DAIRI","nmprov":"SUMATERA UTARA","label":"sebelum"},"geometry":{"type":"Polygon","coordinates":[[[98.04,2.88],[98.12,2.88],[98.12,2.96],[98.04,2.96],[98.04,2.88]]]}},{"type":"Feature","id":782,"properties":{"ntl_value":0.553,"nmkab":"DAIRI","nmprov":"SUMATERA UTARA","label":"sebelum"},"geometry":{"type":"Polygon","coordinates":[[[98.04,2.96],[98.12,2.96],[98.12,3.04],[98.04,3.04],[98.04,2.96]]]}},{"type":"Feature","id":783,"properties":{"ntl_value":0.516,"nmkab":"KARO","nmprov":"SUMATERA UTARA","label":"sebelum"},"geometry":{"type":"Polygon","coordinates":[[[98.04,3.04],[98.12,3.04],[98.12,3.12],[98.04,3.12],[98.04,3.04]]]}},{"type":"Feature","id":784,"properties":{"ntl_value":0.501,"nmkab":"KARO","nmprov":"SUMATERA UTARA","label":"sebelum"},"geometry":{"type":"Polygon","coordinates":[[[98.04,3.12],[98.12,3.12],[98.12,3.2],[98.04,3.2],[98.04,3.12]]]}},{"type":"Feature","id":785,"properties":{"ntl_value":0.563,"nmkab":"KARO","nmprov":"SUMATERA UTARA","label":"sebelum"},"geometry":{"type":"Polygon","coordinates":[[[98.04,3.2],[98.12,3.2],[98.12,3.28],[98.04,3.28],[98.04,3.2]]]}},{"type":"Feature","id":786,"properties":{"ntl_value":0.405,"nmkab":"LANGKAT","nmprov":"SUMATERA UTARA","label":"sebelum"},"geometry":{"type":"Polygon","coordinates":[[[98.04,3.28],[98.12,3.28],[98.12,3.36],[98.04,3.36],[98.04,3.28]]]}},{"type":"Feature","id":787,"properties":{"ntl_value":0.394,"nmkab":"LANGKAT","nmprov":"SUMATERA UTARA","label":"sebelum"},"geometry":{"type":"Polygon","coordinates":[[[98.04,3.36],[98.12,3.36],[98.12,3.44],[98.04,3.44],[98.04,3.36]]]}},{"type":"Feature","id":788,"properties":{"ntl_value":0.386,"nmkab":"LANGKAT","nmprov":"SUMATERA UTARA","label":"sebelum"},"geometry":{"type":"Polygon","coordinates":[[[98.04,3.44],[98.12,3.44],[98.12,3.52],[98.04,3.52],[98.04,3.44]]]}},{"type":"Feature","id":789,"properties":{"ntl_value":0.459,"nmkab":"LANGKAT","nmprov":"SUMATERA UTARA","label":"sebelum"},"geometry":{"type":"Polygon","coordinates":[[[98.04,3.52],[98.12,3.52],[98.12,3.6],[98.04,3.6],[98.04,3.52]]]}},{"type":"Feature","id":790,"properties":{"ntl_value":0.391,"nmkab":"LANGKAT","nmprov":"SUMATERA UTARA","label":"sebelum"},"geometry":{"type":"Polygon","coordinates":[[[98.04,3.6],[98.12,3.6],[98.12,3.68],[98.04,3.68],[98.04,3.6]]]}},{"type":"Feature","id":791,"properties":{"ntl_value":0.414,"nmkab":"LANGKAT","nmprov":"SUMATERA UTARA","label":"sebelum"},"geometry":{"type":"Polygon","coordinates":[[[98.04,3.68],[98.12,3.68],[98.12,3.76],[98.04,3.76],[98.04,3.68]]]}},{"type":"Feature","id":792,"properties":{"ntl_value":0.459,"nmkab":"LANGKAT","nmprov":"SUMATERA UTARA","label":"sebelum"},"geometry":{"type":"Polygon","coordinates":[[[98.04,3.76],[98.12,3.76],[98.12,3.84],[98.04,3.84],[98.04,3.76]]]}},{"type":"Feature","id":793,"properties":{"ntl_value":0.46,"nmkab":"LANGKAT","nmprov":"SUMATERA UTARA","label":"sebelum"},"geometry":{"type":"Polygon","coordinates":[[[98.04,3.84],[98.12,3.84],[98.12,3.92],[98.04,3.92],[98.04,3.84]]]}},{"type":"Feature","id":794,"properties":{"ntl_value":0.5,"nmkab":"LANGKAT","nmprov":"SUMATERA UTARA","label":"sebelum"},"geometry":{"type":"Polygon","coordinates":[[[98.04,3.92],[98.12,3.92],[98.12,4],[98.04,4],[98.04,3.92]]]}},{"type":"Feature","id":795,"properties":{"ntl_value":0.366,"nmkab":"LANGKAT","nmprov":"SUMATERA UTARA","label":"sebelum"},"geometry":{"type":"Polygon","coordinates":[[[98.04,4],[98.12,4],[98.12,4.08],[98.04,4.08],[98.04,4]]]}},{"type":"Feature","id":796,"properties":{"ntl_value":0.445,"nmkab":"LANGKAT","nmprov":"SUMATERA UTARA","label":"sebelum"},"geometry":{"type":"Polygon","coordinates":[[[98.04,4.08],[98.12,4.08],[98.12,4.16],[98.04,4.16],[98.04,4.08]]]}},{"type":"Feature","id":797,"properties":{"ntl_value":0.264,"nmkab":"ACEH TAMIANG","nmprov":"ACEH","label":"sebelum"},"geometry":{"type":"Polygon","coordinates":[[[98.04,4.16],[98.12,4.16],[98.12,4.24],[98.04,4.24],[98.04,4.16]]]}},{"type":"Feature","id":798,"properties":{"ntl_value":0.28,"nmkab":"ACEH TAMIANG","nmprov":"ACEH","label":"sebelum"},"geometry":{"type":"Polygon","coordinates":[[[98.04,4.24],[98.12,4.24],[98.12,4.32],[98.04,4.32],[98.04,4.24]]]}},{"type":"Feature","id":799,"properties":{"ntl_value":0.325,"nmkab":"ACEH TAMIANG","nmprov":"ACEH","label":"sebelum"},"geometry":{"type":"Polygon","coordinates":[[[98.04,4.32],[98.12,4.32],[98.12,4.4],[98.04,4.4],[98.04,4.32]]]}},{"type":"Feature","id":800,"properties":{"ntl_value":0.339,"nmkab":"ACEH TAMIANG","nmprov":"ACEH","label":"sebelum"},"geometry":{"type":"Polygon","coordinates":[[[98.04,4.4],[98.12,4.4],[98.12,4.48],[98.04,4.48],[98.04,4.4]]]}},{"type":"Feature","id":801,"properties":{"ntl_value":0.543,"nmkab":"TAPANULI TENGAH","nmprov":"SUMATERA UTARA","label":"sebelum"},"geometry":{"type":"Polygon","coordinates":[[[98.12,2.16],[98.2,2.16],[98.2,2.24],[98.12,2.24],[98.12,2.16]]]}},{"type":"Feature","id":802,"properties":{"ntl_value":0.409,"nmkab":"ACEH SINGKIL","nmprov":"ACEH","label":"sebelum"},"geometry":{"type":"Polygon","coordinates":[[[98.12,2.24],[98.2,2.24],[98.2,2.32],[98.12,2.32],[98.12,2.24]]]}},{"type":"Feature","id":803,"properties":{"ntl_value":0.449,"nmkab":"ACEH SINGKIL","nmprov":"ACEH","label":"sebelum"},"geometry":{"type":"Polygon","coordinates":[[[98.12,2.32],[98.2,2.32],[98.2,2.4],[98.12,2.4],[98.12,2.32]]]}},{"type":"Feature","id":804,"properties":{"ntl_value":0.404,"nmkab":"PAKPAK BHARAT","nmprov":"SUMATERA UTARA","label":"sebelum"},"geometry":{"type":"Polygon","coordinates":[[[98.12,2.4],[98.2,2.4],[98.2,2.48],[98.12,2.48],[98.12,2.4]]]}},{"type":"Feature","id":805,"properties":{"ntl_value":0.444,"nmkab":"PAKPAK BHARAT","nmprov":"SUMATERA UTARA","label":"sebelum"},"geometry":{"type":"Polygon","coordinates":[[[98.12,2.48],[98.2,2.48],[98.2,2.56],[98.12,2.56],[98.12,2.48]]]}},{"type":"Feature","id":806,"properties":{"ntl_value":0.427,"nmkab":"PAKPAK BHARAT","nmprov":"SUMATERA UTARA","label":"sebelum"},"geometry":{"type":"Polygon","coordinates":[[[98.12,2.56],[98.2,2.56],[98.2,2.64],[98.12,2.64],[98.12,2.56]]]}},{"type":"Feature","id":807,"properties":{"ntl_value":0.467,"nmkab":"PAKPAK BHARAT","nmprov":"SUMATERA UTARA","label":"sebelum"},"geometry":{"type":"Polygon","coordinates":[[[98.12,2.64],[98.2,2.64],[98.2,2.72],[98.12,2.72],[98.12,2.64]]]}},{"type":"Feature","id":808,"properties":{"ntl_value":0.379,"nmkab":"PAKPAK BHARAT","nmprov":"SUMATERA UTARA","label":"sebelum"},"geometry":{"type":"Polygon","coordinates":[[[98.12,2.72],[98.2,2.72],[98.2,2.8],[98.12,2.8],[98.12,2.72]]]}},{"type":"Feature","id":809,"properties":{"ntl_value":0.508,"nmkab":"DAIRI","nmprov":"SUMATERA UTARA","label":"sebelum"},"geometry":{"type":"Polygon","coordinates":[[[98.12,2.8],[98.2,2.8],[98.2,2.88],[98.12,2.88],[98.12,2.8]]]}},{"type":"Feature","id":810,"properties":{"ntl_value":0.524,"nmkab":"DAIRI","nmprov":"SUMATERA UTARA","label":"sebelum"},"geometry":{"type":"Polygon","coordinates":[[[98.12,2.88],[98.2,2.88],[98.2,2.96],[98.12,2.96],[98.12,2.88]]]}},{"type":"Feature","id":811,"properties":{"ntl_value":0.477,"nmkab":"DAIRI","nmprov":"SUMATERA UTARA","label":"sebelum"},"geometry":{"type":"Polygon","coordinates":[[[98.12,2.96],[98.2,2.96],[98.2,3.04],[98.12,3.04],[98.12,2.96]]]}},{"type":"Feature","id":812,"properties":{"ntl_value":0.475,"nmkab":"KARO","nmprov":"SUMATERA UTARA","label":"sebelum"},"geometry":{"type":"Polygon","coordinates":[[[98.12,3.04],[98.2,3.04],[98.2,3.12],[98.12,3.12],[98.12,3.04]]]}},{"type":"Feature","id":813,"properties":{"ntl_value":0.528,"nmkab":"KARO","nmprov":"SUMATERA UTARA","label":"sebelum"},"geometry":{"type":"Polygon","coordinates":[[[98.12,3.12],[98.2,3.12],[98.2,3.2],[98.12,3.2],[98.12,3.12]]]}},{"type":"Feature","id":814,"properties":{"ntl_value":0.45,"nmkab":"KARO","nmprov":"SUMATERA UTARA","label":"sebelum"},"geometry":{"type":"Polygon","coordinates":[[[98.12,3.2],[98.2,3.2],[98.2,3.28],[98.12,3.28],[98.12,3.2]]]}},{"type":"Feature","id":815,"properties":{"ntl_value":0.454,"nmkab":"LANGKAT","nmprov":"SUMATERA UTARA","label":"sebelum"},"geometry":{"type":"Polygon","coordinates":[[[98.12,3.28],[98.2,3.28],[98.2,3.36],[98.12,3.36],[98.12,3.28]]]}},{"type":"Feature","id":816,"properties":{"ntl_value":0.365,"nmkab":"LANGKAT","nmprov":"SUMATERA UTARA","label":"sebelum"},"geometry":{"type":"Polygon","coordinates":[[[98.12,3.36],[98.2,3.36],[98.2,3.44],[98.12,3.44],[98.12,3.36]]]}},{"type":"Feature","id":817,"properties":{"ntl_value":0.4,"nmkab":"LANGKAT","nmprov":"SUMATERA UTARA","label":"sebelum"},"geometry":{"type":"Polygon","coordinates":[[[98.12,3.44],[98.2,3.44],[98.2,3.52],[98.12,3.52],[98.12,3.44]]]}},{"type":"Feature","id":818,"properties":{"ntl_value":0.399,"nmkab":"LANGKAT","nmprov":"SUMATERA UTARA","label":"sebelum"},"geometry":{"type":"Polygon","coordinates":[[[98.12,3.52],[98.2,3.52],[98.2,3.6],[98.12,3.6],[98.12,3.52]]]}},{"type":"Feature","id":819,"properties":{"ntl_value":0.504,"nmkab":"LANGKAT","nmprov":"SUMATERA UTARA","label":"sebelum"},"geometry":{"type":"Polygon","coordinates":[[[98.12,3.6],[98.2,3.6],[98.2,3.68],[98.12,3.68],[98.12,3.6]]]}},{"type":"Feature","id":820,"properties":{"ntl_value":0.408,"nmkab":"LANGKAT","nmprov":"SUMATERA UTARA","label":"sebelum"},"geometry":{"type":"Polygon","coordinates":[[[98.12,3.68],[98.2,3.68],[98.2,3.76],[98.12,3.76],[98.12,3.68]]]}},{"type":"Feature","id":821,"properties":{"ntl_value":0.409,"nmkab":"LANGKAT","nmprov":"SUMATERA UTARA","label":"sebelum"},"geometry":{"type":"Polygon","coordinates":[[[98.12,3.76],[98.2,3.76],[98.2,3.84],[98.12,3.84],[98.12,3.76]]]}},{"type":"Feature","id":822,"properties":{"ntl_value":0.506,"nmkab":"LANGKAT","nmprov":"SUMATERA UTARA","label":"sebelum"},"geometry":{"type":"Polygon","coordinates":[[[98.12,3.84],[98.2,3.84],[98.2,3.92],[98.12,3.92],[98.12,3.84]]]}},{"type":"Feature","id":823,"properties":{"ntl_value":0.4,"nmkab":"LANGKAT","nmprov":"SUMATERA UTARA","label":"sebelum"},"geometry":{"type":"Polygon","coordinates":[[[98.12,3.92],[98.2,3.92],[98.2,4],[98.12,4],[98.12,3.92]]]}},{"type":"Feature","id":824,"properties":{"ntl_value":0.395,"nmkab":"LANGKAT","nmprov":"SUMATERA UTARA","label":"sebelum"},"geometry":{"type":"Polygon","coordinates":[[[98.12,4],[98.2,4],[98.2,4.08],[98.12,4.08],[98.12,4]]]}},{"type":"Feature","id":825,"properties":{"ntl_value":0.498,"nmkab":"LANGKAT","nmprov":"SUMATERA UTARA","label":"sebelum"},"geometry":{"type":"Polygon","coordinates":[[[98.12,4.08],[98.2,4.08],[98.2,4.16],[98.12,4.16],[98.12,4.08]]]}},{"type":"Feature","id":826,"properties":{"ntl_value":0.416,"nmkab":"LANGKAT","nmprov":"SUMATERA UTARA","label":"sebelum"},"geometry":{"type":"Polygon","coordinates":[[[98.12,4.16],[98.2,4.16],[98.2,4.24],[98.12,4.24],[98.12,4.16]]]}},{"type":"Feature","id":827,"properties":{"ntl_value":0.461,"nmkab":"LANGKAT","nmprov":"SUMATERA UTARA","label":"sebelum"},"geometry":{"type":"Polygon","coordinates":[[[98.12,4.24],[98.2,4.24],[98.2,4.32],[98.12,4.32],[98.12,4.24]]]}},{"type":"Feature","id":828,"properties":{"ntl_value":0.387,"nmkab":"ACEH TAMIANG","nmprov":"ACEH","label":"sebelum"},"geometry":{"type":"Polygon","coordinates":[[[98.12,4.32],[98.2,4.32],[98.2,4.4],[98.12,4.4],[98.12,4.32]]]}},{"type":"Feature","id":829,"properties":{"ntl_value":0.279,"nmkab":"ACEH TAMIANG","nmprov":"ACEH","label":"sebelum"},"geometry":{"type":"Polygon","coordinates":[[[98.12,4.4],[98.2,4.4],[98.2,4.48],[98.12,4.48],[98.12,4.4]]]}},{"type":"Feature","id":830,"properties":{"ntl_value":0.501,"nmkab":"TAPANULI TENGAH","nmprov":"SUMATERA UTARA","label":"sebelum"},"geometry":{"type":"Polygon","coordinates":[[[98.2,2.08],[98.28,2.08],[98.28,2.16],[98.2,2.16],[98.2,2.08]]]}},{"type":"Feature","id":831,"properties":{"ntl_value":0.578,"nmkab":"TAPANULI TENGAH","nmprov":"SUMATERA UTARA","label":"sebelum"},"geometry":{"type":"Polygon","coordinates":[[[98.2,2.16],[98.28,2.16],[98.28,2.24],[98.2,2.24],[98.2,2.16]]]}},{"type":"Feature","id":832,"properties":{"ntl_value":0.482,"nmkab":"TAPANULI TENGAH","nmprov":"SUMATERA UTARA","label":"sebelum"},"geometry":{"type":"Polygon","coordinates":[[[98.2,2.24],[98.28,2.24],[98.28,2.32],[98.2,2.32],[98.2,2.24]]]}},{"type":"Feature","id":833,"properties":{"ntl_value":0.5,"nmkab":"PAKPAK BHARAT","nmprov":"SUMATERA UTARA","label":"sebelum"},"geometry":{"type":"Polygon","coordinates":[[[98.2,2.32],[98.28,2.32],[98.28,2.4],[98.2,2.4],[98.2,2.32]]]}},{"type":"Feature","id":834,"properties":{"ntl_value":0.518,"nmkab":"PAKPAK BHARAT","nmprov":"SUMATERA UTARA","label":"sebelum"},"geometry":{"type":"Polygon","coordinates":[[[98.2,2.4],[98.28,2.4],[98.28,2.48],[98.2,2.48],[98.2,2.4]]]}},{"type":"Feature","id":835,"properties":{"ntl_value":0.373,"nmkab":"PAKPAK BHARAT","nmprov":"SUMATERA UTARA","label":"sebelum"},"geometry":{"type":"Polygon","coordinates":[[[98.2,2.48],[98.28,2.48],[98.28,2.56],[98.2,2.56],[98.2,2.48]]]}},{"type":"Feature","id":836,"properties":{"ntl_value":0.42,"nmkab":"PAKPAK BHARAT","nmprov":"SUMATERA UTARA","label":"sebelum"},"geometry":{"type":"Polygon","coordinates":[[[98.2,2.56],[98.28,2.56],[98.28,2.64],[98.2,2.64],[98.2,2.56]]]}},{"type":"Feature","id":837,"properties":{"ntl_value":0.412,"nmkab":"PAKPAK BHARAT","nmprov":"SUMATERA UTARA","label":"sebelum"},"geometry":{"type":"Polygon","coordinates":[[[98.2,2.64],[98.28,2.64],[98.28,2.72],[98.2,2.72],[98.2,2.64]]]}},{"type":"Feature","id":838,"properties":{"ntl_value":0.478,"nmkab":"DAIRI","nmprov":"SUMATERA UTARA","label":"sebelum"},"geometry":{"type":"Polygon","coordinates":[[[98.2,2.72],[98.28,2.72],[98.28,2.8],[98.2,2.8],[98.2,2.72]]]}},{"type":"Feature","id":839,"properties":{"ntl_value":0.523,"nmkab":"DAIRI","nmprov":"SUMATERA UTARA","label":"sebelum"},"geometry":{"type":"Polygon","coordinates":[[[98.2,2.8],[98.28,2.8],[98.28,2.88],[98.2,2.88],[98.2,2.8]]]}},{"type":"Feature","id":840,"properties":{"ntl_value":0.529,"nmkab":"DAIRI","nmprov":"SUMATERA UTARA","label":"sebelum"},"geometry":{"type":"Polygon","coordinates":[[[98.2,2.88],[98.28,2.88],[98.28,2.96],[98.2,2.96],[98.2,2.88]]]}},{"type":"Feature","id":841,"properties":{"ntl_value":0.535,"nmkab":"KARO","nmprov":"SUMATERA UTARA","label":"sebelum"},"geometry":{"type":"Polygon","coordinates":[[[98.2,2.96],[98.28,2.96],[98.28,3.04],[98.2,3.04],[98.2,2.96]]]}},{"type":"Feature","id":842,"properties":{"ntl_value":0.479,"nmkab":"KARO","nmprov":"SUMATERA UTARA","label":"sebelum"},"geometry":{"type":"Polygon","coordinates":[[[98.2,3.04],[98.28,3.04],[98.28,3.12],[98.2,3.12],[98.2,3.04]]]}},{"type":"Feature","id":843,"properties":{"ntl_value":0.553,"nmkab":"KARO","nmprov":"SUMATERA UTARA","label":"sebelum"},"geometry":{"type":"Polygon","coordinates":[[[98.2,3.12],[98.28,3.12],[98.28,3.2],[98.2,3.2],[98.2,3.12]]]}},{"type":"Feature","id":844,"properties":{"ntl_value":0.515,"nmkab":"KARO","nmprov":"SUMATERA UTARA","label":"sebelum"},"geometry":{"type":"Polygon","coordinates":[[[98.2,3.2],[98.28,3.2],[98.28,3.28],[98.2,3.28],[98.2,3.2]]]}},{"type":"Feature","id":845,"properties":{"ntl_value":0.503,"nmkab":"LANGKAT","nmprov":"SUMATERA UTARA","label":"sebelum"},"geometry":{"type":"Polygon","coordinates":[[[98.2,3.28],[98.28,3.28],[98.28,3.36],[98.2,3.36],[98.2,3.28]]]}},{"type":"Feature","id":846,"properties":{"ntl_value":0.418,"nmkab":"LANGKAT","nmprov":"SUMATERA UTARA","label":"sebelum"},"geometry":{"type":"Polygon","coordinates":[[[98.2,3.36],[98.28,3.36],[98.28,3.44],[98.2,3.44],[98.2,3.36]]]}},{"type":"Feature","id":847,"properties":{"ntl_value":0.401,"nmkab":"LANGKAT","nmprov":"SUMATERA UTARA","label":"sebelum"},"geometry":{"type":"Polygon","coordinates":[[[98.2,3.44],[98.28,3.44],[98.28,3.52],[98.2,3.52],[98.2,3.44]]]}},{"type":"Feature","id":848,"properties":{"ntl_value":0.362,"nmkab":"LANGKAT","nmprov":"SUMATERA UTARA","label":"sebelum"},"geometry":{"type":"Polygon","coordinates":[[[98.2,3.52],[98.28,3.52],[98.28,3.6],[98.2,3.6],[98.2,3.52]]]}},{"type":"Feature","id":849,"properties":{"ntl_value":0.365,"nmkab":"LANGKAT","nmprov":"SUMATERA UTARA","label":"sebelum"},"geometry":{"type":"Polygon","coordinates":[[[98.2,3.6],[98.28,3.6],[98.28,3.68],[98.2,3.68],[98.2,3.6]]]}},{"type":"Feature","id":850,"properties":{"ntl_value":0.472,"nmkab":"LANGKAT","nmprov":"SUMATERA UTARA","label":"sebelum"},"geometry":{"type":"Polygon","coordinates":[[[98.2,3.68],[98.28,3.68],[98.28,3.76],[98.2,3.76],[98.2,3.68]]]}},{"type":"Feature","id":851,"properties":{"ntl_value":0.449,"nmkab":"LANGKAT","nmprov":"SUMATERA UTARA","label":"sebelum"},"geometry":{"type":"Polygon","coordinates":[[[98.2,3.76],[98.28,3.76],[98.28,3.84],[98.2,3.84],[98.2,3.76]]]}},{"type":"Feature","id":852,"properties":{"ntl_value":0.361,"nmkab":"LANGKAT","nmprov":"SUMATERA UTARA","label":"sebelum"},"geometry":{"type":"Polygon","coordinates":[[[98.2,3.84],[98.28,3.84],[98.28,3.92],[98.2,3.92],[98.2,3.84]]]}},{"type":"Feature","id":853,"properties":{"ntl_value":0.426,"nmkab":"LANGKAT","nmprov":"SUMATERA UTARA","label":"sebelum"},"geometry":{"type":"Polygon","coordinates":[[[98.2,3.92],[98.28,3.92],[98.28,4],[98.2,4],[98.2,3.92]]]}},{"type":"Feature","id":854,"properties":{"ntl_value":0.411,"nmkab":"LANGKAT","nmprov":"SUMATERA UTARA","label":"sebelum"},"geometry":{"type":"Polygon","coordinates":[[[98.2,4],[98.28,4],[98.28,4.08],[98.2,4.08],[98.2,4]]]}},{"type":"Feature","id":855,"properties":{"ntl_value":0.387,"nmkab":"LANGKAT","nmprov":"SUMATERA UTARA","label":"sebelum"},"geometry":{"type":"Polygon","coordinates":[[[98.2,4.08],[98.28,4.08],[98.28,4.16],[98.2,4.16],[98.2,4.08]]]}},{"type":"Feature","id":856,"properties":{"ntl_value":0.425,"nmkab":"LANGKAT","nmprov":"SUMATERA UTARA","label":"sebelum"},"geometry":{"type":"Polygon","coordinates":[[[98.2,4.16],[98.28,4.16],[98.28,4.24],[98.2,4.24],[98.2,4.16]]]}},{"type":"Feature","id":857,"properties":{"ntl_value":0.447,"nmkab":"LANGKAT","nmprov":"SUMATERA UTARA","label":"sebelum"},"geometry":{"type":"Polygon","coordinates":[[[98.2,4.24],[98.28,4.24],[98.28,4.32],[98.2,4.32],[98.2,4.24]]]}},{"type":"Feature","id":858,"properties":{"ntl_value":0.267,"nmkab":"ACEH TAMIANG","nmprov":"ACEH","label":"sebelum"},"geometry":{"type":"Polygon","coordinates":[[[98.2,4.32],[98.28,4.32],[98.28,4.4],[98.2,4.4],[98.2,4.32]]]}},{"type":"Feature","id":859,"properties":{"ntl_value":0.33,"nmkab":"ACEH TAMIANG","nmprov":"ACEH","label":"sebelum"},"geometry":{"type":"Polygon","coordinates":[[[98.2,4.4],[98.28,4.4],[98.28,4.48],[98.2,4.48],[98.2,4.4]]]}},{"type":"Feature","id":860,"properties":{"ntl_value":0.566,"nmkab":"NIAS SELATAN","nmprov":"SUMATERA UTARA","label":"sebelum"},"geometry":{"type":"Polygon","coordinates":[[[98.28,-0.56],[98.36,-0.56],[98.36,-0.48],[98.28,-0.48],[98.28,-0.56]]]}},{"type":"Feature","id":861,"properties":{"ntl_value":0.533,"nmkab":"NIAS SELATAN","nmprov":"SUMATERA UTARA","label":"sebelum"},"geometry":{"type":"Polygon","coordinates":[[[98.28,-0.16],[98.36,-0.16],[98.36,-0.08],[98.28,-0.08],[98.28,-0.16]]]}},{"type":"Feature","id":862,"properties":{"ntl_value":0.501,"nmkab":"TAPANULI TENGAH","nmprov":"SUMATERA UTARA","label":"sebelum"},"geometry":{"type":"Polygon","coordinates":[[[98.28,2.08],[98.36,2.08],[98.36,2.16],[98.28,2.16],[98.28,2.08]]]}},{"type":"Feature","id":863,"properties":{"ntl_value":0.396,"nmkab":"HUMBANG HASUNDUTAN","nmprov":"SUMATERA UTARA","label":"sebelum"},"geometry":{"type":"Polygon","coordinates":[[[98.28,2.16],[98.36,2.16],[98.36,2.24],[98.28,2.24],[98.28,2.16]]]}},{"type":"Feature","id":864,"properties":{"ntl_value":0.3,"nmkab":"HUMBANG HASUNDUTAN","nmprov":"SUMATERA UTARA","label":"sebelum"},"geometry":{"type":"Polygon","coordinates":[[[98.28,2.24],[98.36,2.24],[98.36,2.32],[98.28,2.32],[98.28,2.24]]]}},{"type":"Feature","id":865,"properties":{"ntl_value":0.319,"nmkab":"HUMBANG HASUNDUTAN","nmprov":"SUMATERA UTARA","label":"sebelum"},"geometry":{"type":"Polygon","coordinates":[[[98.28,2.32],[98.36,2.32],[98.36,2.4],[98.28,2.4],[98.28,2.32]]]}},{"type":"Feature","id":866,"properties":{"ntl_value":0.47,"nmkab":"PAKPAK BHARAT","nmprov":"SUMATERA UTARA","label":"sebelum"},"geometry":{"type":"Polygon","coordinates":[[[98.28,2.4],[98.36,2.4],[98.36,2.48],[98.28,2.48],[98.28,2.4]]]}},{"type":"Feature","id":867,"properties":{"ntl_value":0.397,"nmkab":"PAKPAK BHARAT","nmprov":"SUMATERA UTARA","label":"sebelum"},"geometry":{"type":"Polygon","coordinates":[[[98.28,2.48],[98.36,2.48],[98.36,2.56],[98.28,2.56],[98.28,2.48]]]}},{"type":"Feature","id":868,"properties":{"ntl_value":0.415,"nmkab":"PAKPAK BHARAT","nmprov":"SUMATERA UTARA","label":"sebelum"},"geometry":{"type":"Polygon","coordinates":[[[98.28,2.56],[98.36,2.56],[98.36,2.64],[98.28,2.64],[98.28,2.56]]]}},{"type":"Feature","id":869,"properties":{"ntl_value":0.463,"nmkab":"PAKPAK BHARAT","nmprov":"SUMATERA UTARA","label":"sebelum"},"geometry":{"type":"Polygon","coordinates":[[[98.28,2.64],[98.36,2.64],[98.36,2.72],[98.28,2.72],[98.28,2.64]]]}},{"type":"Feature","id":870,"properties":{"ntl_value":0.552,"nmkab":"DAIRI","nmprov":"SUMATERA UTARA","label":"sebelum"},"geometry":{"type":"Polygon","coordinates":[[[98.28,2.72],[98.36,2.72],[98.36,2.8],[98.28,2.8],[98.28,2.72]]]}},{"type":"Feature","id":871,"properties":{"ntl_value":0.467,"nmkab":"DAIRI","nmprov":"SUMATERA UTARA","label":"sebelum"},"geometry":{"type":"Polygon","coordinates":[[[98.28,2.8],[98.36,2.8],[98.36,2.88],[98.28,2.88],[98.28,2.8]]]}},{"type":"Feature","id":872,"properties":{"ntl_value":0.516,"nmkab":"DAIRI","nmprov":"SUMATERA UTARA","label":"sebelum"},"geometry":{"type":"Polygon","coordinates":[[[98.28,2.88],[98.36,2.88],[98.36,2.96],[98.28,2.96],[98.28,2.88]]]}},{"type":"Feature","id":873,"properties":{"ntl_value":0.465,"nmkab":"KARO","nmprov":"SUMATERA UTARA","label":"sebelum"},"geometry":{"type":"Polygon","coordinates":[[[98.28,2.96],[98.36,2.96],[98.36,3.04],[98.28,3.04],[98.28,2.96]]]}},{"type":"Feature","id":874,"properties":{"ntl_value":0.576,"nmkab":"KARO","nmprov":"SUMATERA UTARA","label":"sebelum"},"geometry":{"type":"Polygon","coordinates":[[[98.28,3.04],[98.36,3.04],[98.36,3.12],[98.28,3.12],[98.28,3.04]]]}},{"type":"Feature","id":875,"properties":{"ntl_value":0.46,"nmkab":"KARO","nmprov":"SUMATERA UTARA","label":"sebelum"},"geometry":{"type":"Polygon","coordinates":[[[98.28,3.12],[98.36,3.12],[98.36,3.2],[98.28,3.2],[98.28,3.12]]]}},{"type":"Feature","id":876,"properties":{"ntl_value":0.424,"nmkab":"LANGKAT","nmprov":"SUMATERA UTARA","label":"sebelum"},"geometry":{"type":"Polygon","coordinates":[[[98.28,3.2],[98.36,3.2],[98.36,3.28],[98.28,3.28],[98.28,3.2]]]}},{"type":"Feature","id":877,"properties":{"ntl_value":0.384,"nmkab":"LANGKAT","nmprov":"SUMATERA UTARA","label":"sebelum"},"geometry":{"type":"Polygon","coordinates":[[[98.28,3.28],[98.36,3.28],[98.36,3.36],[98.28,3.36],[98.28,3.28]]]}},{"type":"Feature","id":878,"properties":{"ntl_value":0.494,"nmkab":"LANGKAT","nmprov":"SUMATERA UTARA","label":"sebelum"},"geometry":{"type":"Polygon","coordinates":[[[98.28,3.36],[98.36,3.36],[98.36,3.44],[98.28,3.44],[98.28,3.36]]]}},{"type":"Feature","id":879,"properties":{"ntl_value":0.374,"nmkab":"LANGKAT","nmprov":"SUMATERA UTARA","label":"sebelum"},"geometry":{"type":"Polygon","coordinates":[[[98.28,3.44],[98.36,3.44],[98.36,3.52],[98.28,3.52],[98.28,3.44]]]}},{"type":"Feature","id":880,"properties":{"ntl_value":0.397,"nmkab":"LANGKAT","nmprov":"SUMATERA UTARA","label":"sebelum"},"geometry":{"type":"Polygon","coordinates":[[[98.28,3.52],[98.36,3.52],[98.36,3.6],[98.28,3.6],[98.28,3.52]]]}},{"type":"Feature","id":881,"properties":{"ntl_value":0.48,"nmkab":"LANGKAT","nmprov":"SUMATERA UTARA","label":"sebelum"},"geometry":{"type":"Polygon","coordinates":[[[98.28,3.6],[98.36,3.6],[98.36,3.68],[98.28,3.68],[98.28,3.6]]]}},{"type":"Feature","id":882,"properties":{"ntl_value":0.393,"nmkab":"LANGKAT","nmprov":"SUMATERA UTARA","label":"sebelum"},"geometry":{"type":"Polygon","coordinates":[[[98.28,3.68],[98.36,3.68],[98.36,3.76],[98.28,3.76],[98.28,3.68]]]}},{"type":"Feature","id":883,"properties":{"ntl_value":0.503,"nmkab":"LANGKAT","nmprov":"SUMATERA UTARA","label":"sebelum"},"geometry":{"type":"Polygon","coordinates":[[[98.28,3.76],[98.36,3.76],[98.36,3.84],[98.28,3.84],[98.28,3.76]]]}},{"type":"Feature","id":884,"properties":{"ntl_value":0.424,"nmkab":"LANGKAT","nmprov":"SUMATERA UTARA","label":"sebelum"},"geometry":{"type":"Polygon","coordinates":[[[98.28,3.84],[98.36,3.84],[98.36,3.92],[98.28,3.92],[98.28,3.84]]]}},{"type":"Feature","id":885,"properties":{"ntl_value":0.371,"nmkab":"LANGKAT","nmprov":"SUMATERA UTARA","label":"sebelum"},"geometry":{"type":"Polygon","coordinates":[[[98.28,3.92],[98.36,3.92],[98.36,4],[98.28,4],[98.28,3.92]]]}},{"type":"Feature","id":886,"properties":{"ntl_value":0.408,"nmkab":"LANGKAT","nmprov":"SUMATERA UTARA","label":"sebelum"},"geometry":{"type":"Polygon","coordinates":[[[98.28,4],[98.36,4],[98.36,4.08],[98.28,4.08],[98.28,4]]]}},{"type":"Feature","id":887,"properties":{"ntl_value":0.475,"nmkab":"NIAS SELATAN","nmprov":"SUMATERA UTARA","label":"sebelum"},"geometry":{"type":"Polygon","coordinates":[[[98.36,-0.56],[98.44,-0.56],[98.44,-0.48],[98.36,-0.48],[98.36,-0.56]]]}},{"type":"Feature","id":888,"properties":{"ntl_value":0.5,"nmkab":"NIAS SELATAN","nmprov":"SUMATERA UTARA","label":"sebelum"},"geometry":{"type":"Polygon","coordinates":[[[98.36,-0.48],[98.44,-0.48],[98.44,-0.4],[98.36,-0.4],[98.36,-0.48]]]}},{"type":"Feature","id":889,"properties":{"ntl_value":0.483,"nmkab":"NIAS SELATAN","nmprov":"SUMATERA UTARA","label":"sebelum"},"geometry":{"type":"Polygon","coordinates":[[[98.36,-0.4],[98.44,-0.4],[98.44,-0.32],[98.36,-0.32],[98.36,-0.4]]]}},{"type":"Feature","id":890,"properties":{"ntl_value":0.491,"nmkab":"NIAS SELATAN","nmprov":"SUMATERA UTARA","label":"sebelum"},"geometry":{"type":"Polygon","coordinates":[[[98.36,-0.16],[98.44,-0.16],[98.44,-0.08],[98.36,-0.08],[98.36,-0.16]]]}},{"type":"Feature","id":891,"properties":{"ntl_value":0.468,"nmkab":"NIAS SELATAN","nmprov":"SUMATERA UTARA","label":"sebelum"},"geometry":{"type":"Polygon","coordinates":[[[98.36,-0.08],[98.44,-0.08],[98.44,0],[98.36,0],[98.36,-0.08]]]}},{"type":"Feature","id":892,"properties":{"ntl_value":0.473,"nmkab":"TAPANULI TENGAH","nmprov":"SUMATERA UTARA","label":"sebelum"},"geometry":{"type":"Polygon","coordinates":[[[98.36,2],[98.44,2],[98.44,2.08],[98.36,2.08],[98.36,2]]]}},{"type":"Feature","id":893,"properties":{"ntl_value":0.39,"nmkab":"HUMBANG HASUNDUTAN","nmprov":"SUMATERA UTARA","label":"sebelum"},"geometry":{"type":"Polygon","coordinates":[[[98.36,2.08],[98.44,2.08],[98.44,2.16],[98.36,2.16],[98.36,2.08]]]}},{"type":"Feature","id":894,"properties":{"ntl_value":0.341,"nmkab":"HUMBANG HASUNDUTAN","nmprov":"SUMATERA UTARA","label":"sebelum"},"geometry":{"type":"Polygon","coordinates":[[[98.36,2.16],[98.44,2.16],[98.44,2.24],[98.36,2.24],[98.36,2.16]]]}},{"type":"Feature","id":895,"properties":{"ntl_value":0.378,"nmkab":"HUMBANG HASUNDUTAN","nmprov":"SUMATERA UTARA","label":"sebelum"},"geometry":{"type":"Polygon","coordinates":[[[98.36,2.24],[98.44,2.24],[98.44,2.32],[98.36,2.32],[98.36,2.24]]]}},{"type":"Feature","id":896,"properties":{"ntl_value":0.394,"nmkab":"HUMBANG HASUNDUTAN","nmprov":"SUMATERA UTARA","label":"sebelum"},"geometry":{"type":"Polygon","coordinates":[[[98.36,2.32],[98.44,2.32],[98.44,2.4],[98.36,2.4],[98.36,2.32]]]}},{"type":"Feature","id":897,"properties":{"ntl_value":0.428,"nmkab":"HUMBANG HASUNDUTAN","nmprov":"SUMATERA UTARA","label":"sebelum"},"geometry":{"type":"Polygon","coordinates":[[[98.36,2.4],[98.44,2.4],[98.44,2.48],[98.36,2.48],[98.36,2.4]]]}},{"type":"Feature","id":898,"properties":{"ntl_value":0.431,"nmkab":"SAMOSIR","nmprov":"SUMATERA UTARA","label":"sebelum"},"geometry":{"type":"Polygon","coordinates":[[[98.36,2.48],[98.44,2.48],[98.44,2.56],[98.36,2.56],[98.36,2.48]]]}},{"type":"Feature","id":899,"properties":{"ntl_value":0.479,"nmkab":"PAKPAK BHARAT","nmprov":"SUMATERA UTARA","label":"sebelum"},"geometry":{"type":"Polygon","coordinates":[[[98.36,2.56],[98.44,2.56],[98.44,2.64],[98.36,2.64],[98.36,2.56]]]}},{"type":"Feature","id":900,"properties":{"ntl_value":0.564,"nmkab":"DAIRI","nmprov":"SUMATERA UTARA","label":"sebelum"},"geometry":{"type":"Polygon","coordinates":[[[98.36,2.64],[98.44,2.64],[98.44,2.72],[98.36,2.72],[98.36,2.64]]]}},{"type":"Feature","id":901,"properties":{"ntl_value":0.583,"nmkab":"DAIRI","nmprov":"SUMATERA UTARA","label":"sebelum"},"geometry":{"type":"Polygon","coordinates":[[[98.36,2.72],[98.44,2.72],[98.44,2.8],[98.36,2.8],[98.36,2.72]]]}},{"type":"Feature","id":902,"properties":{"ntl_value":0.488,"nmkab":"DAIRI","nmprov":"SUMATERA UTARA","label":"sebelum"},"geometry":{"type":"Polygon","coordinates":[[[98.36,2.8],[98.44,2.8],[98.44,2.88],[98.36,2.88],[98.36,2.8]]]}},{"type":"Feature","id":903,"properties":{"ntl_value":0.457,"nmkab":"DAIRI","nmprov":"SUMATERA UTARA","label":"sebelum"},"geometry":{"type":"Polygon","coordinates":[[[98.36,2.88],[98.44,2.88],[98.44,2.96],[98.36,2.96],[98.36,2.88]]]}},{"type":"Feature","id":904,"properties":{"ntl_value":0.497,"nmkab":"KARO","nmprov":"SUMATERA UTARA","label":"sebelum"},"geometry":{"type":"Polygon","coordinates":[[[98.36,2.96],[98.44,2.96],[98.44,3.04],[98.36,3.04],[98.36,2.96]]]}},{"type":"Feature","id":905,"properties":{"ntl_value":0.515,"nmkab":"KARO","nmprov":"SUMATERA UTARA","label":"sebelum"},"geometry":{"type":"Polygon","coordinates":[[[98.36,3.04],[98.44,3.04],[98.44,3.12],[98.36,3.12],[98.36,3.04]]]}},{"type":"Feature","id":906,"properties":{"ntl_value":0.512,"nmkab":"KARO","nmprov":"SUMATERA UTARA","label":"sebelum"},"geometry":{"type":"Polygon","coordinates":[[[98.36,3.12],[98.44,3.12],[98.44,3.2],[98.36,3.2],[98.36,3.12]]]}},{"type":"Feature","id":907,"properties":{"ntl_value":0.507,"nmkab":"KARO","nmprov":"SUMATERA UTARA","label":"sebelum"},"geometry":{"type":"Polygon","coordinates":[[[98.36,3.2],[98.44,3.2],[98.44,3.28],[98.36,3.28],[98.36,3.2]]]}},{"type":"Feature","id":908,"properties":{"ntl_value":0.444,"nmkab":"LANGKAT","nmprov":"SUMATERA UTARA","label":"sebelum"},"geometry":{"type":"Polygon","coordinates":[[[98.36,3.28],[98.44,3.28],[98.44,3.36],[98.36,3.36],[98.36,3.28]]]}},{"type":"Feature","id":909,"properties":{"ntl_value":0.478,"nmkab":"LANGKAT","nmprov":"SUMATERA UTARA","label":"sebelum"},"geometry":{"type":"Polygon","coordinates":[[[98.36,3.36],[98.44,3.36],[98.44,3.44],[98.36,3.44],[98.36,3.36]]]}},{"type":"Feature","id":910,"properties":{"ntl_value":0.398,"nmkab":"LANGKAT","nmprov":"SUMATERA UTARA","label":"sebelum"},"geometry":{"type":"Polygon","coordinates":[[[98.36,3.44],[98.44,3.44],[98.44,3.52],[98.36,3.52],[98.36,3.44]]]}},{"type":"Feature","id":911,"properties":{"ntl_value":0.362,"nmkab":"LANGKAT","nmprov":"SUMATERA UTARA","label":"sebelum"},"geometry":{"type":"Polygon","coordinates":[[[98.36,3.52],[98.44,3.52],[98.44,3.6],[98.36,3.6],[98.36,3.52]]]}},{"type":"Feature","id":912,"properties":{"ntl_value":0.377,"nmkab":"LANGKAT","nmprov":"SUMATERA UTARA","label":"sebelum"},"geometry":{"type":"Polygon","coordinates":[[[98.36,3.6],[98.44,3.6],[98.44,3.68],[98.36,3.68],[98.36,3.6]]]}},{"type":"Feature","id":913,"properties":{"ntl_value":0.444,"nmkab":"LANGKAT","nmprov":"SUMATERA UTARA","label":"sebelum"},"geometry":{"type":"Polygon","coordinates":[[[98.36,3.68],[98.44,3.68],[98.44,3.76],[98.36,3.76],[98.36,3.68]]]}},{"type":"Feature","id":914,"properties":{"ntl_value":0.416,"nmkab":"LANGKAT","nmprov":"SUMATERA UTARA","label":"sebelum"},"geometry":{"type":"Polygon","coordinates":[[[98.36,3.76],[98.44,3.76],[98.44,3.84],[98.36,3.84],[98.36,3.76]]]}},{"type":"Feature","id":915,"properties":{"ntl_value":0.441,"nmkab":"LANGKAT","nmprov":"SUMATERA UTARA","label":"sebelum"},"geometry":{"type":"Polygon","coordinates":[[[98.36,3.84],[98.44,3.84],[98.44,3.92],[98.36,3.92],[98.36,3.84]]]}},{"type":"Feature","id":916,"properties":{"ntl_value":0.365,"nmkab":"LANGKAT","nmprov":"SUMATERA UTARA","label":"sebelum"},"geometry":{"type":"Polygon","coordinates":[[[98.36,3.92],[98.44,3.92],[98.44,4],[98.36,4],[98.36,3.92]]]}},{"type":"Feature","id":917,"properties":{"ntl_value":0.481,"nmkab":"LANGKAT","nmprov":"SUMATERA UTARA","label":"sebelum"},"geometry":{"type":"Polygon","coordinates":[[[98.36,4],[98.44,4],[98.44,4.08],[98.36,4.08],[98.36,4]]]}},{"type":"Feature","id":918,"properties":{"ntl_value":0.484,"nmkab":"NIAS SELATAN","nmprov":"SUMATERA UTARA","label":"sebelum"},"geometry":{"type":"Polygon","coordinates":[[[98.44,-0.56],[98.52,-0.56],[98.52,-0.48],[98.44,-0.48],[98.44,-0.56]]]}},{"type":"Feature","id":919,"properties":{"ntl_value":0.557,"nmkab":"NIAS SELATAN","nmprov":"SUMATERA UTARA","label":"sebelum"},"geometry":{"type":"Polygon","coordinates":[[[98.44,-0.48],[98.52,-0.48],[98.52,-0.4],[98.44,-0.4],[98.44,-0.48]]]}},{"type":"Feature","id":920,"properties":{"ntl_value":0.507,"nmkab":"NIAS SELATAN","nmprov":"SUMATERA UTARA","label":"sebelum"},"geometry":{"type":"Polygon","coordinates":[[[98.44,-0.4],[98.52,-0.4],[98.52,-0.32],[98.44,-0.32],[98.44,-0.4]]]}},{"type":"Feature","id":921,"properties":{"ntl_value":0.479,"nmkab":"NIAS SELATAN","nmprov":"SUMATERA UTARA","label":"sebelum"},"geometry":{"type":"Polygon","coordinates":[[[98.44,-0.24],[98.52,-0.24],[98.52,-0.16],[98.44,-0.16],[98.44,-0.24]]]}},{"type":"Feature","id":922,"properties":{"ntl_value":0.501,"nmkab":"NIAS SELATAN","nmprov":"SUMATERA UTARA","label":"sebelum"},"geometry":{"type":"Polygon","coordinates":[[[98.44,-0.16],[98.52,-0.16],[98.52,-0.08],[98.44,-0.08],[98.44,-0.16]]]}},{"type":"Feature","id":923,"properties":{"ntl_value":0.541,"nmkab":"TAPANULI TENGAH","nmprov":"SUMATERA UTARA","label":"sebelum"},"geometry":{"type":"Polygon","coordinates":[[[98.44,1.6],[98.52,1.6],[98.52,1.68],[98.44,1.68],[98.44,1.6]]]}},{"type":"Feature","id":924,"properties":{"ntl_value":0.532,"nmkab":"TAPANULI TENGAH","nmprov":"SUMATERA UTARA","label":"sebelum"},"geometry":{"type":"Polygon","coordinates":[[[98.44,2],[98.52,2],[98.52,2.08],[98.44,2.08],[98.44,2]]]}},{"type":"Feature","id":925,"properties":{"ntl_value":0.311,"nmkab":"HUMBANG HASUNDUTAN","nmprov":"SUMATERA UTARA","label":"sebelum"},"geometry":{"type":"Polygon","coordinates":[[[98.44,2.08],[98.52,2.08],[98.52,2.16],[98.44,2.16],[98.44,2.08]]]}},{"type":"Feature","id":926,"properties":{"ntl_value":0.403,"nmkab":"HUMBANG HASUNDUTAN","nmprov":"SUMATERA UTARA","label":"sebelum"},"geometry":{"type":"Polygon","coordinates":[[[98.44,2.16],[98.52,2.16],[98.52,2.24],[98.44,2.24],[98.44,2.16]]]}},{"type":"Feature","id":927,"properties":{"ntl_value":0.312,"nmkab":"HUMBANG HASUNDUTAN","nmprov":"SUMATERA UTARA","label":"sebelum"},"geometry":{"type":"Polygon","coordinates":[[[98.44,2.24],[98.52,2.24],[98.52,2.32],[98.44,2.32],[98.44,2.24]]]}},{"type":"Feature","id":928,"properties":{"ntl_value":0.435,"nmkab":"HUMBANG HASUNDUTAN","nmprov":"SUMATERA UTARA","label":"sebelum"},"geometry":{"type":"Polygon","coordinates":[[[98.44,2.32],[98.52,2.32],[98.52,2.4],[98.44,2.4],[98.44,2.32]]]}},{"type":"Feature","id":929,"properties":{"ntl_value":0.419,"nmkab":"HUMBANG HASUNDUTAN","nmprov":"SUMATERA UTARA","label":"sebelum"},"geometry":{"type":"Polygon","coordinates":[[[98.44,2.4],[98.52,2.4],[98.52,2.48],[98.44,2.48],[98.44,2.4]]]}},{"type":"Feature","id":930,"properties":{"ntl_value":0.422,"nmkab":"SAMOSIR","nmprov":"SUMATERA UTARA","label":"sebelum"},"geometry":{"type":"Polygon","coordinates":[[[98.44,2.48],[98.52,2.48],[98.52,2.56],[98.44,2.56],[98.44,2.48]]]}},{"type":"Feature","id":931,"properties":{"ntl_value":0.503,"nmkab":"DAIRI","nmprov":"SUMATERA UTARA","label":"sebelum"},"geometry":{"type":"Polygon","coordinates":[[[98.44,2.56],[98.52,2.56],[98.52,2.64],[98.44,2.64],[98.44,2.56]]]}},{"type":"Feature","id":932,"properties":{"ntl_value":0.496,"nmkab":"DAIRI","nmprov":"SUMATERA UTARA","label":"sebelum"},"geometry":{"type":"Polygon","coordinates":[[[98.44,2.64],[98.52,2.64],[98.52,2.72],[98.44,2.72],[98.44,2.64]]]}},{"type":"Feature","id":933,"properties":{"ntl_value":0.582,"nmkab":"DAIRI","nmprov":"SUMATERA UTARA","label":"sebelum"},"geometry":{"type":"Polygon","coordinates":[[[98.44,2.72],[98.52,2.72],[98.52,2.8],[98.44,2.8],[98.44,2.72]]]}},{"type":"Feature","id":934,"properties":{"ntl_value":0.556,"nmkab":"DAIRI","nmprov":"SUMATERA UTARA","label":"sebelum"},"geometry":{"type":"Polygon","coordinates":[[[98.44,2.8],[98.52,2.8],[98.52,2.88],[98.44,2.88],[98.44,2.8]]]}},{"type":"Feature","id":935,"properties":{"ntl_value":0.496,"nmkab":"KARO","nmprov":"SUMATERA UTARA","label":"sebelum"},"geometry":{"type":"Polygon","coordinates":[[[98.44,2.88],[98.52,2.88],[98.52,2.96],[98.44,2.96],[98.44,2.88]]]}},{"type":"Feature","id":936,"properties":{"ntl_value":0.527,"nmkab":"KARO","nmprov":"SUMATERA UTARA","label":"sebelum"},"geometry":{"type":"Polygon","coordinates":[[[98.44,2.96],[98.52,2.96],[98.52,3.04],[98.44,3.04],[98.44,2.96]]]}},{"type":"Feature","id":937,"properties":{"ntl_value":0.577,"nmkab":"KARO","nmprov":"SUMATERA UTARA","label":"sebelum"},"geometry":{"type":"Polygon","coordinates":[[[98.44,3.04],[98.52,3.04],[98.52,3.12],[98.44,3.12],[98.44,3.04]]]}},{"type":"Feature","id":938,"properties":{"ntl_value":0.437,"nmkab":"KARO","nmprov":"SUMATERA UTARA","label":"sebelum"},"geometry":{"type":"Polygon","coordinates":[[[98.44,3.12],[98.52,3.12],[98.52,3.2],[98.44,3.2],[98.44,3.12]]]}},{"type":"Feature","id":939,"properties":{"ntl_value":0.447,"nmkab":"DELI SERDANG","nmprov":"SUMATERA UTARA","label":"sebelum"},"geometry":{"type":"Polygon","coordinates":[[[98.44,3.2],[98.52,3.2],[98.52,3.28],[98.44,3.28],[98.44,3.2]]]}},{"type":"Feature","id":940,"properties":{"ntl_value":0.48,"nmkab":"LANGKAT","nmprov":"SUMATERA UTARA","label":"sebelum"},"geometry":{"type":"Polygon","coordinates":[[[98.44,3.28],[98.52,3.28],[98.52,3.36],[98.44,3.36],[98.44,3.28]]]}},{"type":"Feature","id":941,"properties":{"ntl_value":0.464,"nmkab":"LANGKAT","nmprov":"SUMATERA UTARA","label":"sebelum"},"geometry":{"type":"Polygon","coordinates":[[[98.44,3.36],[98.52,3.36],[98.52,3.44],[98.44,3.44],[98.44,3.36]]]}},{"type":"Feature","id":942,"properties":{"ntl_value":0.467,"nmkab":"LANGKAT","nmprov":"SUMATERA UTARA","label":"sebelum"},"geometry":{"type":"Polygon","coordinates":[[[98.44,3.44],[98.52,3.44],[98.52,3.52],[98.44,3.52],[98.44,3.44]]]}},{"type":"Feature","id":943,"properties":{"ntl_value":0.832,"nmkab":"BINJAI","nmprov":"SUMATERA UTARA","label":"sebelum"},"geometry":{"type":"Polygon","coordinates":[[[98.44,3.52],[98.52,3.52],[98.52,3.6],[98.44,3.6],[98.44,3.52]]]}},{"type":"Feature","id":944,"properties":{"ntl_value":0.836,"nmkab":"BINJAI","nmprov":"SUMATERA UTARA","label":"sebelum"},"geometry":{"type":"Polygon","coordinates":[[[98.44,3.6],[98.52,3.6],[98.52,3.68],[98.44,3.68],[98.44,3.6]]]}},{"type":"Feature","id":945,"properties":{"ntl_value":0.414,"nmkab":"LANGKAT","nmprov":"SUMATERA UTARA","label":"sebelum"},"geometry":{"type":"Polygon","coordinates":[[[98.44,3.68],[98.52,3.68],[98.52,3.76],[98.44,3.76],[98.44,3.68]]]}},{"type":"Feature","id":946,"properties":{"ntl_value":0.46,"nmkab":"LANGKAT","nmprov":"SUMATERA UTARA","label":"sebelum"},"geometry":{"type":"Polygon","coordinates":[[[98.44,3.76],[98.52,3.76],[98.52,3.84],[98.44,3.84],[98.44,3.76]]]}},{"type":"Feature","id":947,"properties":{"ntl_value":0.501,"nmkab":"LANGKAT","nmprov":"SUMATERA UTARA","label":"sebelum"},"geometry":{"type":"Polygon","coordinates":[[[98.44,3.84],[98.52,3.84],[98.52,3.92],[98.44,3.92],[98.44,3.84]]]}},{"type":"Feature","id":948,"properties":{"ntl_value":0.47,"nmkab":"LANGKAT","nmprov":"SUMATERA UTARA","label":"sebelum"},"geometry":{"type":"Polygon","coordinates":[[[98.44,3.92],[98.52,3.92],[98.52,4],[98.44,4],[98.44,3.92]]]}},{"type":"Feature","id":949,"properties":{"ntl_value":0.498,"nmkab":"NIAS SELATAN","nmprov":"SUMATERA UTARA","label":"sebelum"},"geometry":{"type":"Polygon","coordinates":[[[98.52,-0.32],[98.6,-0.32],[98.6,-0.24],[98.52,-0.24],[98.52,-0.32]]]}},{"type":"Feature","id":950,"properties":{"ntl_value":0.5,"nmkab":"NIAS SELATAN","nmprov":"SUMATERA UTARA","label":"sebelum"},"geometry":{"type":"Polygon","coordinates":[[[98.52,0.08],[98.6,0.08],[98.6,0.16],[98.52,0.16],[98.52,0.08]]]}},{"type":"Feature","id":951,"properties":{"ntl_value":0.518,"nmkab":"TAPANULI TENGAH","nmprov":"SUMATERA UTARA","label":"sebelum"},"geometry":{"type":"Polygon","coordinates":[[[98.52,1.6],[98.6,1.6],[98.6,1.68],[98.52,1.68],[98.52,1.6]]]}},{"type":"Feature","id":952,"properties":{"ntl_value":0.5,"nmkab":"TAPANULI TENGAH","nmprov":"SUMATERA UTARA","label":"sebelum"},"geometry":{"type":"Polygon","coordinates":[[[98.52,1.92],[98.6,1.92],[98.6,2],[98.52,2],[98.52,1.92]]]}},{"type":"Feature","id":953,"properties":{"ntl_value":0.453,"nmkab":"TAPANULI TENGAH","nmprov":"SUMATERA UTARA","label":"sebelum"},"geometry":{"type":"Polygon","coordinates":[[[98.52,2],[98.6,2],[98.6,2.08],[98.52,2.08],[98.52,2]]]}},{"type":"Feature","id":954,"properties":{"ntl_value":0.344,"nmkab":"HUMBANG HASUNDUTAN","nmprov":"SUMATERA UTARA","label":"sebelum"},"geometry":{"type":"Polygon","coordinates":[[[98.52,2.08],[98.6,2.08],[98.6,2.16],[98.52,2.16],[98.52,2.08]]]}},{"type":"Feature","id":955,"properties":{"ntl_value":0.357,"nmkab":"HUMBANG HASUNDUTAN","nmprov":"SUMATERA UTARA","label":"sebelum"},"geometry":{"type":"Polygon","coordinates":[[[98.52,2.16],[98.6,2.16],[98.6,2.24],[98.52,2.24],[98.52,2.16]]]}},{"type":"Feature","id":956,"properties":{"ntl_value":0.405,"nmkab":"HUMBANG HASUNDUTAN","nmprov":"SUMATERA UTARA","label":"sebelum"},"geometry":{"type":"Polygon","coordinates":[[[98.52,2.24],[98.6,2.24],[98.6,2.32],[98.52,2.32],[98.52,2.24]]]}},{"type":"Feature","id":957,"properties":{"ntl_value":0.394,"nmkab":"HUMBANG HASUNDUTAN","nmprov":"SUMATERA UTARA","label":"sebelum"},"geometry":{"type":"Polygon","coordinates":[[[98.52,2.32],[98.6,2.32],[98.6,2.4],[98.52,2.4],[98.52,2.32]]]}},{"type":"Feature","id":958,"properties":{"ntl_value":0.381,"nmkab":"HUMBANG HASUNDUTAN","nmprov":"SUMATERA UTARA","label":"sebelum"},"geometry":{"type":"Polygon","coordinates":[[[98.52,2.4],[98.6,2.4],[98.6,2.48],[98.52,2.48],[98.52,2.4]]]}},{"type":"Feature","id":959,"properties":{"ntl_value":0.488,"nmkab":"SAMOSIR","nmprov":"SUMATERA UTARA","label":"sebelum"},"geometry":{"type":"Polygon","coordinates":[[[98.52,2.48],[98.6,2.48],[98.6,2.56],[98.52,2.56],[98.52,2.48]]]}},{"type":"Feature","id":960,"properties":{"ntl_value":0.502,"nmkab":"SAMOSIR","nmprov":"SUMATERA UTARA","label":"sebelum"},"geometry":{"type":"Polygon","coordinates":[[[98.52,2.56],[98.6,2.56],[98.6,2.64],[98.52,2.64],[98.52,2.56]]]}},{"type":"Feature","id":961,"properties":{"ntl_value":0.486,"nmkab":"DAIRI","nmprov":"SUMATERA UTARA","label":"sebelum"},"geometry":{"type":"Polygon","coordinates":[[[98.52,2.64],[98.6,2.64],[98.6,2.72],[98.52,2.72],[98.52,2.64]]]}},{"type":"Feature","id":962,"properties":{"ntl_value":0.48,"nmkab":"DAIRI","nmprov":"SUMATERA UTARA","label":"sebelum"},"geometry":{"type":"Polygon","coordinates":[[[98.52,2.72],[98.6,2.72],[98.6,2.8],[98.52,2.8],[98.52,2.72]]]}},{"type":"Feature","id":963,"properties":{"ntl_value":0.356,"nmkab":"DANAU TOBA","nmprov":"SUMATERA UTARA","label":"sebelum"},"geometry":{"type":"Polygon","coordinates":[[[98.52,2.8],[98.6,2.8],[98.6,2.88],[98.52,2.88],[98.52,2.8]]]}},{"type":"Feature","id":964,"properties":{"ntl_value":0.594,"nmkab":"SIMALUNGUN","nmprov":"SUMATERA UTARA","label":"sebelum"},"geometry":{"type":"Polygon","coordinates":[[[98.52,2.88],[98.6,2.88],[98.6,2.96],[98.52,2.96],[98.52,2.88]]]}},{"type":"Feature","id":965,"properties":{"ntl_value":0.538,"nmkab":"SIMALUNGUN","nmprov":"SUMATERA UTARA","label":"sebelum"},"geometry":{"type":"Polygon","coordinates":[[[98.52,2.96],[98.6,2.96],[98.6,3.04],[98.52,3.04],[98.52,2.96]]]}},{"type":"Feature","id":966,"properties":{"ntl_value":0.526,"nmkab":"KARO","nmprov":"SUMATERA UTARA","label":"sebelum"},"geometry":{"type":"Polygon","coordinates":[[[98.52,3.04],[98.6,3.04],[98.6,3.12],[98.52,3.12],[98.52,3.04]]]}},{"type":"Feature","id":967,"properties":{"ntl_value":0.542,"nmkab":"KARO","nmprov":"SUMATERA UTARA","label":"sebelum"},"geometry":{"type":"Polygon","coordinates":[[[98.52,3.12],[98.6,3.12],[98.6,3.2],[98.52,3.2],[98.52,3.12]]]}},{"type":"Feature","id":968,"properties":{"ntl_value":0.431,"nmkab":"DELI SERDANG","nmprov":"SUMATERA UTARA","label":"sebelum"},"geometry":{"type":"Polygon","coordinates":[[[98.52,3.2],[98.6,3.2],[98.6,3.28],[98.52,3.28],[98.52,3.2]]]}},{"type":"Feature","id":969,"properties":{"ntl_value":0.52,"nmkab":"DELI SERDANG","nmprov":"SUMATERA UTARA","label":"sebelum"},"geometry":{"type":"Polygon","coordinates":[[[98.52,3.28],[98.6,3.28],[98.6,3.36],[98.52,3.36],[98.52,3.28]]]}},{"type":"Feature","id":970,"properties":{"ntl_value":0.386,"nmkab":"DELI SERDANG","nmprov":"SUMATERA UTARA","label":"sebelum"},"geometry":{"type":"Polygon","coordinates":[[[98.52,3.36],[98.6,3.36],[98.6,3.44],[98.52,3.44],[98.52,3.36]]]}},{"type":"Feature","id":971,"properties":{"ntl_value":0.409,"nmkab":"DELI SERDANG","nmprov":"SUMATERA UTARA","label":"sebelum"},"geometry":{"type":"Polygon","coordinates":[[[98.52,3.44],[98.6,3.44],[98.6,3.52],[98.52,3.52],[98.52,3.44]]]}},{"type":"Feature","id":972,"properties":{"ntl_value":0.519,"nmkab":"DELI SERDANG","nmprov":"SUMATERA UTARA","label":"sebelum"},"geometry":{"type":"Polygon","coordinates":[[[98.52,3.52],[98.6,3.52],[98.6,3.6],[98.52,3.6],[98.52,3.52]]]}},{"type":"Feature","id":973,"properties":{"ntl_value":0.498,"nmkab":"DELI SERDANG","nmprov":"SUMATERA UTARA","label":"sebelum"},"geometry":{"type":"Polygon","coordinates":[[[98.52,3.6],[98.6,3.6],[98.6,3.68],[98.52,3.68],[98.52,3.6]]]}},{"type":"Feature","id":974,"properties":{"ntl_value":0.429,"nmkab":"DELI SERDANG","nmprov":"SUMATERA UTARA","label":"sebelum"},"geometry":{"type":"Polygon","coordinates":[[[98.52,3.68],[98.6,3.68],[98.6,3.76],[98.52,3.76],[98.52,3.68]]]}},{"type":"Feature","id":975,"properties":{"ntl_value":0.376,"nmkab":"LANGKAT","nmprov":"SUMATERA UTARA","label":"sebelum"},"geometry":{"type":"Polygon","coordinates":[[[98.52,3.76],[98.6,3.76],[98.6,3.84],[98.52,3.84],[98.52,3.76]]]}},{"type":"Feature","id":976,"properties":{"ntl_value":0.466,"nmkab":"LANGKAT","nmprov":"SUMATERA UTARA","label":"sebelum"},"geometry":{"type":"Polygon","coordinates":[[[98.52,3.84],[98.6,3.84],[98.6,3.92],[98.52,3.92],[98.52,3.84]]]}},{"type":"Feature","id":977,"properties":{"ntl_value":0.473,"nmkab":"KEPULAUAN MENTAWAI","nmprov":"SUMATERA BARAT","label":"sebelum"},"geometry":{"type":"Polygon","coordinates":[[[98.6,-1.28],[98.68,-1.28],[98.68,-1.2],[98.6,-1.2],[98.6,-1.28]]]}},{"type":"Feature","id":978,"properties":{"ntl_value":0.459,"nmkab":"KEPULAUAN MENTAWAI","nmprov":"SUMATERA BARAT","label":"sebelum"},"geometry":{"type":"Polygon","coordinates":[[[98.6,-1.2],[98.68,-1.2],[98.68,-1.12],[98.6,-1.12],[98.6,-1.2]]]}},{"type":"Feature","id":979,"properties":{"ntl_value":0.567,"nmkab":"NIAS SELATAN","nmprov":"SUMATERA UTARA","label":"sebelum"},"geometry":{"type":"Polygon","coordinates":[[[98.6,0.08],[98.68,0.08],[98.68,0.16],[98.6,0.16],[98.6,0.08]]]}},{"type":"Feature","id":980,"properties":{"ntl_value":0.462,"nmkab":"TAPANULI TENGAH","nmprov":"SUMATERA UTARA","label":"sebelum"},"geometry":{"type":"Polygon","coordinates":[[[98.6,1.76],[98.68,1.76],[98.68,1.84],[98.6,1.84],[98.6,1.76]]]}},{"type":"Feature","id":981,"properties":{"ntl_value":0.565,"nmkab":"TAPANULI TENGAH","nmprov":"SUMATERA UTARA","label":"sebelum"},"geometry":{"type":"Polygon","coordinates":[[[98.6,1.84],[98.68,1.84],[98.68,1.92],[98.6,1.92],[98.6,1.84]]]}},{"type":"Feature","id":982,"properties":{"ntl_value":0.572,"nmkab":"TAPANULI TENGAH","nmprov":"SUMATERA UTARA","label":"sebelum"},"geometry":{"type":"Polygon","coordinates":[[[98.6,1.92],[98.68,1.92],[98.68,2],[98.6,2],[98.6,1.92]]]}},{"type":"Feature","id":983,"properties":{"ntl_value":0.443,"nmkab":"HUMBANG HASUNDUTAN","nmprov":"SUMATERA UTARA","label":"sebelum"},"geometry":{"type":"Polygon","coordinates":[[[98.6,2],[98.68,2],[98.68,2.08],[98.6,2.08],[98.6,2]]]}},{"type":"Feature","id":984,"properties":{"ntl_value":0.415,"nmkab":"HUMBANG HASUNDUTAN","nmprov":"SUMATERA UTARA","label":"sebelum"},"geometry":{"type":"Polygon","coordinates":[[[98.6,2.08],[98.68,2.08],[98.68,2.16],[98.6,2.16],[98.6,2.08]]]}},{"type":"Feature","id":985,"properties":{"ntl_value":0.301,"nmkab":"HUMBANG HASUNDUTAN","nmprov":"SUMATERA UTARA","label":"sebelum"},"geometry":{"type":"Polygon","coordinates":[[[98.6,2.16],[98.68,2.16],[98.68,2.24],[98.6,2.24],[98.6,2.16]]]}},{"type":"Feature","id":986,"properties":{"ntl_value":0.359,"nmkab":"HUMBANG HASUNDUTAN","nmprov":"SUMATERA UTARA","label":"sebelum"},"geometry":{"type":"Polygon","coordinates":[[[98.6,2.24],[98.68,2.24],[98.68,2.32],[98.6,2.32],[98.6,2.24]]]}},{"type":"Feature","id":987,"properties":{"ntl_value":0.399,"nmkab":"HUMBANG HASUNDUTAN","nmprov":"SUMATERA UTARA","label":"sebelum"},"geometry":{"type":"Polygon","coordinates":[[[98.6,2.32],[98.68,2.32],[98.68,2.4],[98.6,2.4],[98.6,2.32]]]}},{"type":"Feature","id":988,"properties":{"ntl_value":0.383,"nmkab":"HUMBANG HASUNDUTAN","nmprov":"SUMATERA UTARA","label":"sebelum"},"geometry":{"type":"Polygon","coordinates":[[[98.6,2.4],[98.68,2.4],[98.68,2.48],[98.6,2.48],[98.6,2.4]]]}},{"type":"Feature","id":989,"properties":{"ntl_value":0.487,"nmkab":"SAMOSIR","nmprov":"SUMATERA UTARA","label":"sebelum"},"geometry":{"type":"Polygon","coordinates":[[[98.6,2.48],[98.68,2.48],[98.68,2.56],[98.6,2.56],[98.6,2.48]]]}},{"type":"Feature","id":990,"properties":{"ntl_value":0.403,"nmkab":"SAMOSIR","nmprov":"SUMATERA UTARA","label":"sebelum"},"geometry":{"type":"Polygon","coordinates":[[[98.6,2.56],[98.68,2.56],[98.68,2.64],[98.6,2.64],[98.6,2.56]]]}},{"type":"Feature","id":991,"properties":{"ntl_value":0.418,"nmkab":"DANAU TOBA","nmprov":"SUMATERA UTARA","label":"sebelum"},"geometry":{"type":"Polygon","coordinates":[[[98.6,2.64],[98.68,2.64],[98.68,2.72],[98.6,2.72],[98.6,2.64]]]}},{"type":"Feature","id":992,"properties":{"ntl_value":0.441,"nmkab":"DANAU TOBA","nmprov":"SUMATERA UTARA","label":"sebelum"},"geometry":{"type":"Polygon","coordinates":[[[98.6,2.72],[98.68,2.72],[98.68,2.8],[98.6,2.8],[98.6,2.72]]]}},{"type":"Feature","id":993,"properties":{"ntl_value":0.401,"nmkab":"DANAU TOBA","nmprov":"SUMATERA UTARA","label":"sebelum"},"geometry":{"type":"Polygon","coordinates":[[[98.6,2.8],[98.68,2.8],[98.68,2.88],[98.6,2.88],[98.6,2.8]]]}},{"type":"Feature","id":994,"properties":{"ntl_value":0.57,"nmkab":"SIMALUNGUN","nmprov":"SUMATERA UTARA","label":"sebelum"},"geometry":{"type":"Polygon","coordinates":[[[98.6,2.88],[98.68,2.88],[98.68,2.96],[98.6,2.96],[98.6,2.88]]]}},{"type":"Feature","id":995,"properties":{"ntl_value":0.482,"nmkab":"SIMALUNGUN","nmprov":"SUMATERA UTARA","label":"sebelum"},"geometry":{"type":"Polygon","coordinates":[[[98.6,2.96],[98.68,2.96],[98.68,3.04],[98.6,3.04],[98.6,2.96]]]}},{"type":"Feature","id":996,"properties":{"ntl_value":0.482,"nmkab":"DELI SERDANG","nmprov":"SUMATERA UTARA","label":"sebelum"},"geometry":{"type":"Polygon","coordinates":[[[98.6,3.04],[98.68,3.04],[98.68,3.12],[98.6,3.12],[98.6,3.04]]]}},{"type":"Feature","id":997,"properties":{"ntl_value":0.417,"nmkab":"DELI SERDANG","nmprov":"SUMATERA UTARA","label":"sebelum"},"geometry":{"type":"Polygon","coordinates":[[[98.6,3.12],[98.68,3.12],[98.68,3.2],[98.6,3.2],[98.6,3.12]]]}},{"type":"Feature","id":998,"properties":{"ntl_value":0.49,"nmkab":"DELI SERDANG","nmprov":"SUMATERA UTARA","label":"sebelum"},"geometry":{"type":"Polygon","coordinates":[[[98.6,3.2],[98.68,3.2],[98.68,3.28],[98.6,3.28],[98.6,3.2]]]}},{"type":"Feature","id":999,"properties":{"ntl_value":0.387,"nmkab":"DELI SERDANG","nmprov":"SUMATERA UTARA","label":"sebelum"},"geometry":{"type":"Polygon","coordinates":[[[98.6,3.28],[98.68,3.28],[98.68,3.36],[98.6,3.36],[98.6,3.28]]]}},{"type":"Feature","id":1000,"properties":{"ntl_value":0.398,"nmkab":"DELI SERDANG","nmprov":"SUMATERA UTARA","label":"sebelum"},"geometry":{"type":"Polygon","coordinates":[[[98.6,3.36],[98.68,3.36],[98.68,3.44],[98.6,3.44],[98.6,3.36]]]}},{"type":"Feature","id":1001,"properties":{"ntl_value":0.515,"nmkab":"DELI SERDANG","nmprov":"SUMATERA UTARA","label":"sebelum"},"geometry":{"type":"Polygon","coordinates":[[[98.6,3.44],[98.68,3.44],[98.68,3.52],[98.6,3.52],[98.6,3.44]]]}},{"type":"Feature","id":1002,"properties":{"ntl_value":0.782,"nmkab":"MEDAN","nmprov":"SUMATERA UTARA","label":"sebelum"},"geometry":{"type":"Polygon","coordinates":[[[98.6,3.52],[98.68,3.52],[98.68,3.6],[98.6,3.6],[98.6,3.52]]]}},{"type":"Feature","id":1003,"properties":{"ntl_value":0.445,"nmkab":"DELI SERDANG","nmprov":"SUMATERA UTARA","label":"sebelum"},"geometry":{"type":"Polygon","coordinates":[[[98.6,3.6],[98.68,3.6],[98.68,3.68],[98.6,3.68],[98.6,3.6]]]}},{"type":"Feature","id":1004,"properties":{"ntl_value":0.755,"nmkab":"MEDAN","nmprov":"SUMATERA UTARA","label":"sebelum"},"geometry":{"type":"Polygon","coordinates":[[[98.6,3.68],[98.68,3.68],[98.68,3.76],[98.6,3.76],[98.6,3.68]]]}},{"type":"Feature","id":1005,"properties":{"ntl_value":0.461,"nmkab":"DELI SERDANG","nmprov":"SUMATERA UTARA","label":"sebelum"},"geometry":{"type":"Polygon","coordinates":[[[98.6,3.76],[98.68,3.76],[98.68,3.84],[98.6,3.84],[98.6,3.76]]]}},{"type":"Feature","id":1006,"properties":{"ntl_value":0.469,"nmkab":"DELI SERDANG","nmprov":"SUMATERA UTARA","label":"sebelum"},"geometry":{"type":"Polygon","coordinates":[[[98.6,3.84],[98.68,3.84],[98.68,3.92],[98.6,3.92],[98.6,3.84]]]}},{"type":"Feature","id":1007,"properties":{"ntl_value":0.485,"nmkab":"KEPULAUAN MENTAWAI","nmprov":"SUMATERA BARAT","label":"sebelum"},"geometry":{"type":"Polygon","coordinates":[[[98.68,-1.36],[98.76,-1.36],[98.76,-1.28],[98.68,-1.28],[98.68,-1.36]]]}},{"type":"Feature","id":1008,"properties":{"ntl_value":0.462,"nmkab":"KEPULAUAN MENTAWAI","nmprov":"SUMATERA BARAT","label":"sebelum"},"geometry":{"type":"Polygon","coordinates":[[[98.68,-1.28],[98.76,-1.28],[98.76,-1.2],[98.68,-1.2],[98.68,-1.28]]]}},{"type":"Feature","id":1009,"properties":{"ntl_value":0.387,"nmkab":"KEPULAUAN MENTAWAI","nmprov":"SUMATERA BARAT","label":"sebelum"},"geometry":{"type":"Polygon","coordinates":[[[98.68,-1.2],[98.76,-1.2],[98.76,-1.12],[98.68,-1.12],[98.68,-1.2]]]}},{"type":"Feature","id":1010,"properties":{"ntl_value":0.503,"nmkab":"KEPULAUAN MENTAWAI","nmprov":"SUMATERA BARAT","label":"sebelum"},"geometry":{"type":"Polygon","coordinates":[[[98.68,-1.12],[98.76,-1.12],[98.76,-1.04],[98.68,-1.04],[98.68,-1.12]]]}},{"type":"Feature","id":1011,"properties":{"ntl_value":0.452,"nmkab":"KEPULAUAN MENTAWAI","nmprov":"SUMATERA BARAT","label":"sebelum"},"geometry":{"type":"Polygon","coordinates":[[[98.68,-1.04],[98.76,-1.04],[98.76,-0.96],[98.68,-0.96],[98.68,-1.04]]]}},{"type":"Feature","id":1012,"properties":{"ntl_value":0.438,"nmkab":"NIAS SELATAN","nmprov":"SUMATERA UTARA","label":"sebelum"},"geometry":{"type":"Polygon","coordinates":[[[98.68,0.08],[98.76,0.08],[98.76,0.16],[98.68,0.16],[98.68,0.08]]]}},{"type":"Feature","id":1013,"properties":{"ntl_value":0.485,"nmkab":"TAPANULI TENGAH","nmprov":"SUMATERA UTARA","label":"sebelum"},"geometry":{"type":"Polygon","coordinates":[[[98.68,1.52],[98.76,1.52],[98.76,1.6],[98.68,1.6],[98.68,1.52]]]}},{"type":"Feature","id":1014,"properties":{"ntl_value":0.491,"nmkab":"TAPANULI TENGAH","nmprov":"SUMATERA UTARA","label":"sebelum"},"geometry":{"type":"Polygon","coordinates":[[[98.68,1.68],[98.76,1.68],[98.76,1.76],[98.68,1.76],[98.68,1.68]]]}},{"type":"Feature","id":1015,"properties":{"ntl_value":0.496,"nmkab":"TAPANULI TENGAH","nmprov":"SUMATERA UTARA","label":"sebelum"},"geometry":{"type":"Polygon","coordinates":[[[98.68,1.76],[98.76,1.76],[98.76,1.84],[98.68,1.84],[98.68,1.76]]]}},{"type":"Feature","id":1016,"properties":{"ntl_value":0.474,"nmkab":"TAPANULI TENGAH","nmprov":"SUMATERA UTARA","label":"sebelum"},"geometry":{"type":"Polygon","coordinates":[[[98.68,1.84],[98.76,1.84],[98.76,1.92],[98.68,1.92],[98.68,1.84]]]}},{"type":"Feature","id":1017,"properties":{"ntl_value":0.477,"nmkab":"TAPANULI TENGAH","nmprov":"SUMATERA UTARA","label":"sebelum"},"geometry":{"type":"Polygon","coordinates":[[[98.68,1.92],[98.76,1.92],[98.76,2],[98.68,2],[98.68,1.92]]]}},{"type":"Feature","id":1018,"properties":{"ntl_value":0.56,"nmkab":"TAPANULI UTARA","nmprov":"SUMATERA UTARA","label":"sebelum"},"geometry":{"type":"Polygon","coordinates":[[[98.68,2],[98.76,2],[98.76,2.08],[98.68,2.08],[98.68,2]]]}},{"type":"Feature","id":1019,"properties":{"ntl_value":0.331,"nmkab":"HUMBANG HASUNDUTAN","nmprov":"SUMATERA UTARA","label":"sebelum"},"geometry":{"type":"Polygon","coordinates":[[[98.68,2.08],[98.76,2.08],[98.76,2.16],[98.68,2.16],[98.68,2.08]]]}},{"type":"Feature","id":1020,"properties":{"ntl_value":0.428,"nmkab":"HUMBANG HASUNDUTAN","nmprov":"SUMATERA UTARA","label":"sebelum"},"geometry":{"type":"Polygon","coordinates":[[[98.68,2.16],[98.76,2.16],[98.76,2.24],[98.68,2.24],[98.68,2.16]]]}},{"type":"Feature","id":1021,"properties":{"ntl_value":0.314,"nmkab":"HUMBANG HASUNDUTAN","nmprov":"SUMATERA UTARA","label":"sebelum"},"geometry":{"type":"Polygon","coordinates":[[[98.68,2.24],[98.76,2.24],[98.76,2.32],[98.68,2.32],[98.68,2.24]]]}},{"type":"Feature","id":1022,"properties":{"ntl_value":0.34,"nmkab":"HUMBANG HASUNDUTAN","nmprov":"SUMATERA UTARA","label":"sebelum"},"geometry":{"type":"Polygon","coordinates":[[[98.68,2.32],[98.76,2.32],[98.76,2.4],[98.68,2.4],[98.68,2.32]]]}},{"type":"Feature","id":1023,"properties":{"ntl_value":0.473,"nmkab":"SAMOSIR","nmprov":"SUMATERA UTARA","label":"sebelum"},"geometry":{"type":"Polygon","coordinates":[[[98.68,2.4],[98.76,2.4],[98.76,2.48],[98.68,2.48],[98.68,2.4]]]}},{"type":"Feature","id":1024,"properties":{"ntl_value":0.494,"nmkab":"SAMOSIR","nmprov":"SUMATERA UTARA","label":"sebelum"},"geometry":{"type":"Polygon","coordinates":[[[98.68,2.48],[98.76,2.48],[98.76,2.56],[98.68,2.56],[98.68,2.48]]]}},{"type":"Feature","id":1025,"properties":{"ntl_value":0.323,"nmkab":"DANAU TOBA","nmprov":"SUMATERA UTARA","label":"sebelum"},"geometry":{"type":"Polygon","coordinates":[[[98.68,2.56],[98.76,2.56],[98.76,2.64],[98.68,2.64],[98.68,2.56]]]}},{"type":"Feature","id":1026,"properties":{"ntl_value":0.406,"nmkab":"DANAU TOBA","nmprov":"SUMATERA UTARA","label":"sebelum"},"geometry":{"type":"Polygon","coordinates":[[[98.68,2.64],[98.76,2.64],[98.76,2.72],[98.68,2.72],[98.68,2.64]]]}},{"type":"Feature","id":1027,"properties":{"ntl_value":0.452,"nmkab":"DANAU TOBA","nmprov":"SUMATERA UTARA","label":"sebelum"},"geometry":{"type":"Polygon","coordinates":[[[98.68,2.72],[98.76,2.72],[98.76,2.8],[98.68,2.8],[98.68,2.72]]]}},{"type":"Feature","id":1028,"properties":{"ntl_value":0.368,"nmkab":"DANAU TOBA","nmprov":"SUMATERA UTARA","label":"sebelum"},"geometry":{"type":"Polygon","coordinates":[[[98.68,2.8],[98.76,2.8],[98.76,2.88],[98.68,2.88],[98.68,2.8]]]}},{"type":"Feature","id":1029,"properties":{"ntl_value":0.507,"nmkab":"SIMALUNGUN","nmprov":"SUMATERA UTARA","label":"sebelum"},"geometry":{"type":"Polygon","coordinates":[[[98.68,2.88],[98.76,2.88],[98.76,2.96],[98.68,2.96],[98.68,2.88]]]}},{"type":"Feature","id":1030,"properties":{"ntl_value":0.483,"nmkab":"SIMALUNGUN","nmprov":"SUMATERA UTARA","label":"sebelum"},"geometry":{"type":"Polygon","coordinates":[[[98.68,2.96],[98.76,2.96],[98.76,3.04],[98.68,3.04],[98.68,2.96]]]}},{"type":"Feature","id":1031,"properties":{"ntl_value":0.501,"nmkab":"SIMALUNGUN","nmprov":"SUMATERA UTARA","label":"sebelum"},"geometry":{"type":"Polygon","coordinates":[[[98.68,3.04],[98.76,3.04],[98.76,3.12],[98.68,3.12],[98.68,3.04]]]}},{"type":"Feature","id":1032,"properties":{"ntl_value":0.387,"nmkab":"DELI SERDANG","nmprov":"SUMATERA UTARA","label":"sebelum"},"geometry":{"type":"Polygon","coordinates":[[[98.68,3.12],[98.76,3.12],[98.76,3.2],[98.68,3.2],[98.68,3.12]]]}},{"type":"Feature","id":1033,"properties":{"ntl_value":0.516,"nmkab":"DELI SERDANG","nmprov":"SUMATERA UTARA","label":"sebelum"},"geometry":{"type":"Polygon","coordinates":[[[98.68,3.2],[98.76,3.2],[98.76,3.28],[98.68,3.28],[98.68,3.2]]]}},{"type":"Feature","id":1034,"properties":{"ntl_value":0.415,"nmkab":"DELI SERDANG","nmprov":"SUMATERA UTARA","label":"sebelum"},"geometry":{"type":"Polygon","coordinates":[[[98.68,3.28],[98.76,3.28],[98.76,3.36],[98.68,3.36],[98.68,3.28]]]}},{"type":"Feature","id":1035,"properties":{"ntl_value":0.447,"nmkab":"DELI SERDANG","nmprov":"SUMATERA UTARA","label":"sebelum"},"geometry":{"type":"Polygon","coordinates":[[[98.68,3.36],[98.76,3.36],[98.76,3.44],[98.68,3.44],[98.68,3.36]]]}},{"type":"Feature","id":1036,"properties":{"ntl_value":0.524,"nmkab":"DELI SERDANG","nmprov":"SUMATERA UTARA","label":"sebelum"},"geometry":{"type":"Polygon","coordinates":[[[98.68,3.44],[98.76,3.44],[98.76,3.52],[98.68,3.52],[98.68,3.44]]]}},{"type":"Feature","id":1037,"properties":{"ntl_value":0.759,"nmkab":"MEDAN","nmprov":"SUMATERA UTARA","label":"sebelum"},"geometry":{"type":"Polygon","coordinates":[[[98.68,3.52],[98.76,3.52],[98.76,3.6],[98.68,3.6],[98.68,3.52]]]}},{"type":"Feature","id":1038,"properties":{"ntl_value":0.466,"nmkab":"DELI SERDANG","nmprov":"SUMATERA UTARA","label":"sebelum"},"geometry":{"type":"Polygon","coordinates":[[[98.68,3.6],[98.76,3.6],[98.76,3.68],[98.68,3.68],[98.68,3.6]]]}},{"type":"Feature","id":1039,"properties":{"ntl_value":0.463,"nmkab":"DELI SERDANG","nmprov":"SUMATERA UTARA","label":"sebelum"},"geometry":{"type":"Polygon","coordinates":[[[98.68,3.68],[98.76,3.68],[98.76,3.76],[98.68,3.76],[98.68,3.68]]]}},{"type":"Feature","id":1040,"properties":{"ntl_value":0.382,"nmkab":"KEPULAUAN MENTAWAI","nmprov":"SUMATERA BARAT","label":"sebelum"},"geometry":{"type":"Polygon","coordinates":[[[98.76,-1.52],[98.84,-1.52],[98.84,-1.44],[98.76,-1.44],[98.76,-1.52]]]}},{"type":"Feature","id":1041,"properties":{"ntl_value":0.42,"nmkab":"KEPULAUAN MENTAWAI","nmprov":"SUMATERA BARAT","label":"sebelum"},"geometry":{"type":"Polygon","coordinates":[[[98.76,-1.44],[98.84,-1.44],[98.84,-1.36],[98.76,-1.36],[98.76,-1.44]]]}},{"type":"Feature","id":1042,"properties":{"ntl_value":0.514,"nmkab":"KEPULAUAN MENTAWAI","nmprov":"SUMATERA BARAT","label":"sebelum"},"geometry":{"type":"Polygon","coordinates":[[[98.76,-1.36],[98.84,-1.36],[98.84,-1.28],[98.76,-1.28],[98.76,-1.36]]]}},{"type":"Feature","id":1043,"properties":{"ntl_value":0.407,"nmkab":"KEPULAUAN MENTAWAI","nmprov":"SUMATERA BARAT","label":"sebelum"},"geometry":{"type":"Polygon","coordinates":[[[98.76,-1.28],[98.84,-1.28],[98.84,-1.2],[98.76,-1.2],[98.76,-1.28]]]}},{"type":"Feature","id":1044,"properties":{"ntl_value":0.441,"nmkab":"KEPULAUAN MENTAWAI","nmprov":"SUMATERA BARAT","label":"sebelum"},"geometry":{"type":"Polygon","coordinates":[[[98.76,-1.2],[98.84,-1.2],[98.84,-1.12],[98.76,-1.12],[98.76,-1.2]]]}},{"type":"Feature","id":1045,"properties":{"ntl_value":0.505,"nmkab":"KEPULAUAN MENTAWAI","nmprov":"SUMATERA BARAT","label":"sebelum"},"geometry":{"type":"Polygon","coordinates":[[[98.76,-1.12],[98.84,-1.12],[98.84,-1.04],[98.76,-1.04],[98.76,-1.12]]]}},{"type":"Feature","id":1046,"properties":{"ntl_value":0.487,"nmkab":"KEPULAUAN MENTAWAI","nmprov":"SUMATERA BARAT","label":"sebelum"},"geometry":{"type":"Polygon","coordinates":[[[98.76,-1.04],[98.84,-1.04],[98.84,-0.96],[98.76,-0.96],[98.76,-1.04]]]}},{"type":"Feature","id":1047,"properties":{"ntl_value":0.464,"nmkab":"NIAS SELATAN","nmprov":"SUMATERA UTARA","label":"sebelum"},"geometry":{"type":"Polygon","coordinates":[[[98.76,0.08],[98.84,0.08],[98.84,0.16],[98.76,0.16],[98.76,0.08]]]}},{"type":"Feature","id":1048,"properties":{"ntl_value":0.515,"nmkab":"TAPANULI TENGAH","nmprov":"SUMATERA UTARA","label":"sebelum"},"geometry":{"type":"Polygon","coordinates":[[[98.76,1.44],[98.84,1.44],[98.84,1.52],[98.76,1.52],[98.76,1.44]]]}},{"type":"Feature","id":1049,"properties":{"ntl_value":0.48,"nmkab":"TAPANULI TENGAH","nmprov":"SUMATERA UTARA","label":"sebelum"},"geometry":{"type":"Polygon","coordinates":[[[98.76,1.52],[98.84,1.52],[98.84,1.6],[98.76,1.6],[98.76,1.52]]]}},{"type":"Feature","id":1050,"properties":{"ntl_value":0.517,"nmkab":"TAPANULI TENGAH","nmprov":"SUMATERA UTARA","label":"sebelum"},"geometry":{"type":"Polygon","coordinates":[[[98.76,1.68],[98.84,1.68],[98.84,1.76],[98.76,1.76],[98.76,1.68]]]}},{"type":"Feature","id":1051,"properties":{"ntl_value":0.503,"nmkab":"TAPANULI TENGAH","nmprov":"SUMATERA UTARA","label":"sebelum"},"geometry":{"type":"Polygon","coordinates":[[[98.76,1.76],[98.84,1.76],[98.84,1.84],[98.76,1.84],[98.76,1.76]]]}},{"type":"Feature","id":1052,"properties":{"ntl_value":0.511,"nmkab":"TAPANULI UTARA","nmprov":"SUMATERA UTARA","label":"sebelum"},"geometry":{"type":"Polygon","coordinates":[[[98.76,1.84],[98.84,1.84],[98.84,1.92],[98.76,1.92],[98.76,1.84]]]}},{"type":"Feature","id":1053,"properties":{"ntl_value":0.488,"nmkab":"TAPANULI UTARA","nmprov":"SUMATERA UTARA","label":"sebelum"},"geometry":{"type":"Polygon","coordinates":[[[98.76,1.92],[98.84,1.92],[98.84,2],[98.76,2],[98.76,1.92]]]}},{"type":"Feature","id":1054,"properties":{"ntl_value":0.537,"nmkab":"TAPANULI UTARA","nmprov":"SUMATERA UTARA","label":"sebelum"},"geometry":{"type":"Polygon","coordinates":[[[98.76,2],[98.84,2],[98.84,2.08],[98.76,2.08],[98.76,2]]]}},{"type":"Feature","id":1055,"properties":{"ntl_value":0.456,"nmkab":"TAPANULI UTARA","nmprov":"SUMATERA UTARA","label":"sebelum"},"geometry":{"type":"Polygon","coordinates":[[[98.76,2.08],[98.84,2.08],[98.84,2.16],[98.76,2.16],[98.76,2.08]]]}},{"type":"Feature","id":1056,"properties":{"ntl_value":0.349,"nmkab":"HUMBANG HASUNDUTAN","nmprov":"SUMATERA UTARA","label":"sebelum"},"geometry":{"type":"Polygon","coordinates":[[[98.76,2.16],[98.84,2.16],[98.84,2.24],[98.76,2.24],[98.76,2.16]]]}},{"type":"Feature","id":1057,"properties":{"ntl_value":0.295,"nmkab":"HUMBANG HASUNDUTAN","nmprov":"SUMATERA UTARA","label":"sebelum"},"geometry":{"type":"Polygon","coordinates":[[[98.76,2.24],[98.84,2.24],[98.84,2.32],[98.76,2.32],[98.76,2.24]]]}},{"type":"Feature","id":1058,"properties":{"ntl_value":0.393,"nmkab":"HUMBANG HASUNDUTAN","nmprov":"SUMATERA UTARA","label":"sebelum"},"geometry":{"type":"Polygon","coordinates":[[[98.76,2.32],[98.84,2.32],[98.84,2.4],[98.76,2.4],[98.76,2.32]]]}},{"type":"Feature","id":1059,"properties":{"ntl_value":0.453,"nmkab":"DANAU TOBA","nmprov":"SUMATERA UTARA","label":"sebelum"},"geometry":{"type":"Polygon","coordinates":[[[98.76,2.4],[98.84,2.4],[98.84,2.48],[98.76,2.48],[98.76,2.4]]]}},{"type":"Feature","id":1060,"properties":{"ntl_value":0.377,"nmkab":"DANAU TOBA","nmprov":"SUMATERA UTARA","label":"sebelum"},"geometry":{"type":"Polygon","coordinates":[[[98.76,2.48],[98.84,2.48],[98.84,2.56],[98.76,2.56],[98.76,2.48]]]}},{"type":"Feature","id":1061,"properties":{"ntl_value":0.421,"nmkab":"DANAU TOBA","nmprov":"SUMATERA UTARA","label":"sebelum"},"geometry":{"type":"Polygon","coordinates":[[[98.76,2.56],[98.84,2.56],[98.84,2.64],[98.76,2.64],[98.76,2.56]]]}},{"type":"Feature","id":1062,"properties":{"ntl_value":0.368,"nmkab":"DANAU TOBA","nmprov":"SUMATERA UTARA","label":"sebelum"},"geometry":{"type":"Polygon","coordinates":[[[98.76,2.64],[98.84,2.64],[98.84,2.72],[98.76,2.72],[98.76,2.64]]]}},{"type":"Feature","id":1063,"properties":{"ntl_value":0.452,"nmkab":"DANAU TOBA","nmprov":"SUMATERA UTARA","label":"sebelum"},"geometry":{"type":"Polygon","coordinates":[[[98.76,2.72],[98.84,2.72],[98.84,2.8],[98.76,2.8],[98.76,2.72]]]}},{"type":"Feature","id":1064,"properties":{"ntl_value":0.601,"nmkab":"SIMALUNGUN","nmprov":"SUMATERA UTARA","label":"sebelum"},"geometry":{"type":"Polygon","coordinates":[[[98.76,2.8],[98.84,2.8],[98.84,2.88],[98.76,2.88],[98.76,2.8]]]}},{"type":"Feature","id":1065,"properties":{"ntl_value":0.603,"nmkab":"SIMALUNGUN","nmprov":"SUMATERA UTARA","label":"sebelum"},"geometry":{"type":"Polygon","coordinates":[[[98.76,2.88],[98.84,2.88],[98.84,2.96],[98.76,2.96],[98.76,2.88]]]}},{"type":"Feature","id":1066,"properties":{"ntl_value":0.531,"nmkab":"SIMALUNGUN","nmprov":"SUMATERA UTARA","label":"sebelum"},"geometry":{"type":"Polygon","coordinates":[[[98.76,2.96],[98.84,2.96],[98.84,3.04],[98.76,3.04],[98.76,2.96]]]}},{"type":"Feature","id":1067,"properties":{"ntl_value":0.462,"nmkab":"SIMALUNGUN","nmprov":"SUMATERA UTARA","label":"sebelum"},"geometry":{"type":"Polygon","coordinates":[[[98.76,3.04],[98.84,3.04],[98.84,3.12],[98.76,3.12],[98.76,3.04]]]}},{"type":"Feature","id":1068,"properties":{"ntl_value":0.472,"nmkab":"SIMALUNGUN","nmprov":"SUMATERA UTARA","label":"sebelum"},"geometry":{"type":"Polygon","coordinates":[[[98.76,3.12],[98.84,3.12],[98.84,3.2],[98.76,3.2],[98.76,3.12]]]}},{"type":"Feature","id":1069,"properties":{"ntl_value":0.533,"nmkab":"SERDANG BEDAGAI","nmprov":"SUMATERA UTARA","label":"sebelum"},"geometry":{"type":"Polygon","coordinates":[[[98.76,3.2],[98.84,3.2],[98.84,3.28],[98.76,3.28],[98.76,3.2]]]}},{"type":"Feature","id":1070,"properties":{"ntl_value":0.489,"nmkab":"DELI SERDANG","nmprov":"SUMATERA UTARA","label":"sebelum"},"geometry":{"type":"Polygon","coordinates":[[[98.76,3.28],[98.84,3.28],[98.84,3.36],[98.76,3.36],[98.76,3.28]]]}},{"type":"Feature","id":1071,"properties":{"ntl_value":0.421,"nmkab":"DELI SERDANG","nmprov":"SUMATERA UTARA","label":"sebelum"},"geometry":{"type":"Polygon","coordinates":[[[98.76,3.36],[98.84,3.36],[98.84,3.44],[98.76,3.44],[98.76,3.36]]]}},{"type":"Feature","id":1072,"properties":{"ntl_value":0.417,"nmkab":"DELI SERDANG","nmprov":"SUMATERA UTARA","label":"sebelum"},"geometry":{"type":"Polygon","coordinates":[[[98.76,3.44],[98.84,3.44],[98.84,3.52],[98.76,3.52],[98.76,3.44]]]}},{"type":"Feature","id":1073,"properties":{"ntl_value":0.396,"nmkab":"DELI SERDANG","nmprov":"SUMATERA UTARA","label":"sebelum"},"geometry":{"type":"Polygon","coordinates":[[[98.76,3.52],[98.84,3.52],[98.84,3.6],[98.76,3.6],[98.76,3.52]]]}},{"type":"Feature","id":1074,"properties":{"ntl_value":0.425,"nmkab":"DELI SERDANG","nmprov":"SUMATERA UTARA","label":"sebelum"},"geometry":{"type":"Polygon","coordinates":[[[98.76,3.6],[98.84,3.6],[98.84,3.68],[98.76,3.68],[98.76,3.6]]]}},{"type":"Feature","id":1075,"properties":{"ntl_value":0.419,"nmkab":"DELI SERDANG","nmprov":"SUMATERA UTARA","label":"sebelum"},"geometry":{"type":"Polygon","coordinates":[[[98.76,3.68],[98.84,3.68],[98.84,3.76],[98.76,3.76],[98.76,3.68]]]}},{"type":"Feature","id":1076,"properties":{"ntl_value":0.434,"nmkab":"KEPULAUAN MENTAWAI","nmprov":"SUMATERA BARAT","label":"sebelum"},"geometry":{"type":"Polygon","coordinates":[[[98.84,-1.68],[98.92,-1.68],[98.92,-1.6],[98.84,-1.6],[98.84,-1.68]]]}},{"type":"Feature","id":1077,"properties":{"ntl_value":0.438,"nmkab":"KEPULAUAN MENTAWAI","nmprov":"SUMATERA BARAT","label":"sebelum"},"geometry":{"type":"Polygon","coordinates":[[[98.84,-1.6],[98.92,-1.6],[98.92,-1.52],[98.84,-1.52],[98.84,-1.6]]]}},{"type":"Feature","id":1078,"properties":{"ntl_value":0.447,"nmkab":"KEPULAUAN MENTAWAI","nmprov":"SUMATERA BARAT","label":"sebelum"},"geometry":{"type":"Polygon","coordinates":[[[98.84,-1.52],[98.92,-1.52],[98.92,-1.44],[98.84,-1.44],[98.84,-1.52]]]}},{"type":"Feature","id":1079,"properties":{"ntl_value":0.408,"nmkab":"KEPULAUAN MENTAWAI","nmprov":"SUMATERA BARAT","label":"sebelum"},"geometry":{"type":"Polygon","coordinates":[[[98.84,-1.44],[98.92,-1.44],[98.92,-1.36],[98.84,-1.36],[98.84,-1.44]]]}},{"type":"Feature","id":1080,"properties":{"ntl_value":0.419,"nmkab":"KEPULAUAN MENTAWAI","nmprov":"SUMATERA BARAT","label":"sebelum"},"geometry":{"type":"Polygon","coordinates":[[[98.84,-1.36],[98.92,-1.36],[98.92,-1.28],[98.84,-1.28],[98.84,-1.36]]]}},{"type":"Feature","id":1081,"properties":{"ntl_value":0.425,"nmkab":"KEPULAUAN MENTAWAI","nmprov":"SUMATERA BARAT","label":"sebelum"},"geometry":{"type":"Polygon","coordinates":[[[98.84,-1.28],[98.92,-1.28],[98.92,-1.2],[98.84,-1.2],[98.84,-1.28]]]}},{"type":"Feature","id":1082,"properties":{"ntl_value":0.375,"nmkab":"KEPULAUAN MENTAWAI","nmprov":"SUMATERA BARAT","label":"sebelum"},"geometry":{"type":"Polygon","coordinates":[[[98.84,-1.2],[98.92,-1.2],[98.92,-1.12],[98.84,-1.12],[98.84,-1.2]]]}},{"type":"Feature","id":1083,"properties":{"ntl_value":0.514,"nmkab":"KEPULAUAN MENTAWAI","nmprov":"SUMATERA BARAT","label":"sebelum"},"geometry":{"type":"Polygon","coordinates":[[[98.84,-1.12],[98.92,-1.12],[98.92,-1.04],[98.84,-1.04],[98.84,-1.12]]]}},{"type":"Feature","id":1084,"properties":{"ntl_value":0.489,"nmkab":"KEPULAUAN MENTAWAI","nmprov":"SUMATERA BARAT","label":"sebelum"},"geometry":{"type":"Polygon","coordinates":[[[98.84,-1.04],[98.92,-1.04],[98.92,-0.96],[98.84,-0.96],[98.84,-1.04]]]}},{"type":"Feature","id":1085,"properties":{"ntl_value":0.487,"nmkab":"MANDAILING NATAL","nmprov":"SUMATERA UTARA","label":"sebelum"},"geometry":{"type":"Polygon","coordinates":[[[98.84,1.2],[98.92,1.2],[98.92,1.28],[98.84,1.28],[98.84,1.2]]]}},{"type":"Feature","id":1086,"properties":{"ntl_value":0.424,"nmkab":"TAPANULI SELATAN","nmprov":"SUMATERA UTARA","label":"sebelum"},"geometry":{"type":"Polygon","coordinates":[[[98.84,1.28],[98.92,1.28],[98.92,1.36],[98.84,1.36],[98.84,1.28]]]}},{"type":"Feature","id":1087,"properties":{"ntl_value":0.431,"nmkab":"TAPANULI SELATAN","nmprov":"SUMATERA UTARA","label":"sebelum"},"geometry":{"type":"Polygon","coordinates":[[[98.84,1.36],[98.92,1.36],[98.92,1.44],[98.84,1.44],[98.84,1.36]]]}},{"type":"Feature","id":1088,"properties":{"ntl_value":0.491,"nmkab":"TAPANULI TENGAH","nmprov":"SUMATERA UTARA","label":"sebelum"},"geometry":{"type":"Polygon","coordinates":[[[98.84,1.44],[98.92,1.44],[98.92,1.52],[98.84,1.52],[98.84,1.44]]]}},{"type":"Feature","id":1089,"properties":{"ntl_value":0.498,"nmkab":"TAPANULI TENGAH","nmprov":"SUMATERA UTARA","label":"sebelum"},"geometry":{"type":"Polygon","coordinates":[[[98.84,1.52],[98.92,1.52],[98.92,1.6],[98.84,1.6],[98.84,1.52]]]}},{"type":"Feature","id":1090,"properties":{"ntl_value":0.441,"nmkab":"TAPANULI TENGAH","nmprov":"SUMATERA UTARA","label":"sebelum"},"geometry":{"type":"Polygon","coordinates":[[[98.84,1.6],[98.92,1.6],[98.92,1.68],[98.84,1.68],[98.84,1.6]]]}},{"type":"Feature","id":1091,"properties":{"ntl_value":0.526,"nmkab":"TAPANULI TENGAH","nmprov":"SUMATERA UTARA","label":"sebelum"},"geometry":{"type":"Polygon","coordinates":[[[98.84,1.68],[98.92,1.68],[98.92,1.76],[98.84,1.76],[98.84,1.68]]]}},{"type":"Feature","id":1092,"properties":{"ntl_value":0.506,"nmkab":"TAPANULI UTARA","nmprov":"SUMATERA UTARA","label":"sebelum"},"geometry":{"type":"Polygon","coordinates":[[[98.84,1.76],[98.92,1.76],[98.92,1.84],[98.84,1.84],[98.84,1.76]]]}},{"type":"Feature","id":1093,"properties":{"ntl_value":0.579,"nmkab":"TAPANULI UTARA","nmprov":"SUMATERA UTARA","label":"sebelum"},"geometry":{"type":"Polygon","coordinates":[[[98.84,1.84],[98.92,1.84],[98.92,1.92],[98.84,1.92],[98.84,1.84]]]}},{"type":"Feature","id":1094,"properties":{"ntl_value":0.495,"nmkab":"TAPANULI UTARA","nmprov":"SUMATERA UTARA","label":"sebelum"},"geometry":{"type":"Polygon","coordinates":[[[98.84,1.92],[98.92,1.92],[98.92,2],[98.84,2],[98.84,1.92]]]}},{"type":"Feature","id":1095,"properties":{"ntl_value":0.451,"nmkab":"TAPANULI UTARA","nmprov":"SUMATERA UTARA","label":"sebelum"},"geometry":{"type":"Polygon","coordinates":[[[98.84,2],[98.92,2],[98.92,2.08],[98.84,2.08],[98.84,2]]]}},{"type":"Feature","id":1096,"properties":{"ntl_value":0.492,"nmkab":"TAPANULI UTARA","nmprov":"SUMATERA UTARA","label":"sebelum"},"geometry":{"type":"Polygon","coordinates":[[[98.84,2.08],[98.92,2.08],[98.92,2.16],[98.84,2.16],[98.84,2.08]]]}},{"type":"Feature","id":1097,"properties":{"ntl_value":0.509,"nmkab":"TAPANULI UTARA","nmprov":"SUMATERA UTARA","label":"sebelum"},"geometry":{"type":"Polygon","coordinates":[[[98.84,2.16],[98.92,2.16],[98.92,2.24],[98.84,2.24],[98.84,2.16]]]}},{"type":"Feature","id":1098,"properties":{"ntl_value":0.402,"nmkab":"HUMBANG HASUNDUTAN","nmprov":"SUMATERA UTARA","label":"sebelum"},"geometry":{"type":"Polygon","coordinates":[[[98.84,2.24],[98.92,2.24],[98.92,2.32],[98.84,2.32],[98.84,2.24]]]}},{"type":"Feature","id":1099,"properties":{"ntl_value":0.359,"nmkab":"DANAU TOBA","nmprov":"SUMATERA UTARA","label":"sebelum"},"geometry":{"type":"Polygon","coordinates":[[[98.84,2.32],[98.92,2.32],[98.92,2.4],[98.84,2.4],[98.84,2.32]]]}},{"type":"Feature","id":1100,"properties":{"ntl_value":0.391,"nmkab":"DANAU TOBA","nmprov":"SUMATERA UTARA","label":"sebelum"},"geometry":{"type":"Polygon","coordinates":[[[98.84,2.4],[98.92,2.4],[98.92,2.48],[98.84,2.48],[98.84,2.4]]]}},{"type":"Feature","id":1101,"properties":{"ntl_value":0.398,"nmkab":"DANAU TOBA","nmprov":"SUMATERA UTARA","label":"sebelum"},"geometry":{"type":"Polygon","coordinates":[[[98.84,2.48],[98.92,2.48],[98.92,2.56],[98.84,2.56],[98.84,2.48]]]}},{"type":"Feature","id":1102,"properties":{"ntl_value":0.411,"nmkab":"DANAU TOBA","nmprov":"SUMATERA UTARA","label":"sebelum"},"geometry":{"type":"Polygon","coordinates":[[[98.84,2.56],[98.92,2.56],[98.92,2.64],[98.84,2.64],[98.84,2.56]]]}},{"type":"Feature","id":1103,"properties":{"ntl_value":0.46,"nmkab":"DANAU TOBA","nmprov":"SUMATERA UTARA","label":"sebelum"},"geometry":{"type":"Polygon","coordinates":[[[98.84,2.64],[98.92,2.64],[98.92,2.72],[98.84,2.72],[98.84,2.64]]]}},{"type":"Feature","id":1104,"properties":{"ntl_value":0.569,"nmkab":"SIMALUNGUN","nmprov":"SUMATERA UTARA","label":"sebelum"},"geometry":{"type":"Polygon","coordinates":[[[98.84,2.72],[98.92,2.72],[98.92,2.8],[98.84,2.8],[98.84,2.72]]]}},{"type":"Feature","id":1105,"properties":{"ntl_value":0.467,"nmkab":"SIMALUNGUN","nmprov":"SUMATERA UTARA","label":"sebelum"},"geometry":{"type":"Polygon","coordinates":[[[98.84,2.8],[98.92,2.8],[98.92,2.88],[98.84,2.88],[98.84,2.8]]]}},{"type":"Feature","id":1106,"properties":{"ntl_value":0.476,"nmkab":"SIMALUNGUN","nmprov":"SUMATERA UTARA","label":"sebelum"},"geometry":{"type":"Polygon","coordinates":[[[98.84,2.88],[98.92,2.88],[98.92,2.96],[98.84,2.96],[98.84,2.88]]]}},{"type":"Feature","id":1107,"properties":{"ntl_value":0.463,"nmkab":"SIMALUNGUN","nmprov":"SUMATERA UTARA","label":"sebelum"},"geometry":{"type":"Polygon","coordinates":[[[98.84,2.96],[98.92,2.96],[98.92,3.04],[98.84,3.04],[98.84,2.96]]]}},{"type":"Feature","id":1108,"properties":{"ntl_value":0.598,"nmkab":"SIMALUNGUN","nmprov":"SUMATERA UTARA","label":"sebelum"},"geometry":{"type":"Polygon","coordinates":[[[98.84,3.04],[98.92,3.04],[98.92,3.12],[98.84,3.12],[98.84,3.04]]]}},{"type":"Feature","id":1109,"properties":{"ntl_value":0.595,"nmkab":"SIMALUNGUN","nmprov":"SUMATERA UTARA","label":"sebelum"},"geometry":{"type":"Polygon","coordinates":[[[98.84,3.12],[98.92,3.12],[98.92,3.2],[98.84,3.2],[98.84,3.12]]]}},{"type":"Feature","id":1110,"properties":{"ntl_value":0.467,"nmkab":"SIMALUNGUN","nmprov":"SUMATERA UTARA","label":"sebelum"},"geometry":{"type":"Polygon","coordinates":[[[98.84,3.2],[98.92,3.2],[98.92,3.28],[98.84,3.28],[98.84,3.2]]]}},{"type":"Feature","id":1111,"properties":{"ntl_value":0.573,"nmkab":"SERDANG BEDAGAI","nmprov":"SUMATERA UTARA","label":"sebelum"},"geometry":{"type":"Polygon","coordinates":[[[98.84,3.28],[98.92,3.28],[98.92,3.36],[98.84,3.36],[98.84,3.28]]]}},{"type":"Feature","id":1112,"properties":{"ntl_value":0.394,"nmkab":"DELI SERDANG","nmprov":"SUMATERA UTARA","label":"sebelum"},"geometry":{"type":"Polygon","coordinates":[[[98.84,3.36],[98.92,3.36],[98.92,3.44],[98.84,3.44],[98.84,3.36]]]}},{"type":"Feature","id":1113,"properties":{"ntl_value":0.396,"nmkab":"DELI SERDANG","nmprov":"SUMATERA UTARA","label":"sebelum"},"geometry":{"type":"Polygon","coordinates":[[[98.84,3.44],[98.92,3.44],[98.92,3.52],[98.84,3.52],[98.84,3.44]]]}},{"type":"Feature","id":1114,"properties":{"ntl_value":0.451,"nmkab":"DELI SERDANG","nmprov":"SUMATERA UTARA","label":"sebelum"},"geometry":{"type":"Polygon","coordinates":[[[98.84,3.52],[98.92,3.52],[98.92,3.6],[98.84,3.6],[98.84,3.52]]]}},{"type":"Feature","id":1115,"properties":{"ntl_value":0.41,"nmkab":"DELI SERDANG","nmprov":"SUMATERA UTARA","label":"sebelum"},"geometry":{"type":"Polygon","coordinates":[[[98.84,3.6],[98.92,3.6],[98.92,3.68],[98.84,3.68],[98.84,3.6]]]}},{"type":"Feature","id":1116,"properties":{"ntl_value":0.419,"nmkab":"KEPULAUAN MENTAWAI","nmprov":"SUMATERA BARAT","label":"sebelum"},"geometry":{"type":"Polygon","coordinates":[[[98.92,-1.76],[99,-1.76],[99,-1.68],[98.92,-1.68],[98.92,-1.76]]]}},{"type":"Feature","id":1117,"properties":{"ntl_value":0.378,"nmkab":"KEPULAUAN MENTAWAI","nmprov":"SUMATERA BARAT","label":"sebelum"},"geometry":{"type":"Polygon","coordinates":[[[98.92,-1.68],[99,-1.68],[99,-1.6],[98.92,-1.6],[98.92,-1.68]]]}},{"type":"Feature","id":1118,"properties":{"ntl_value":0.483,"nmkab":"KEPULAUAN MENTAWAI","nmprov":"SUMATERA BARAT","label":"sebelum"},"geometry":{"type":"Polygon","coordinates":[[[98.92,-1.6],[99,-1.6],[99,-1.52],[98.92,-1.52],[98.92,-1.6]]]}},{"type":"Feature","id":1119,"properties":{"ntl_value":0.482,"nmkab":"KEPULAUAN MENTAWAI","nmprov":"SUMATERA BARAT","label":"sebelum"},"geometry":{"type":"Polygon","coordinates":[[[98.92,-1.52],[99,-1.52],[99,-1.44],[98.92,-1.44],[98.92,-1.52]]]}},{"type":"Feature","id":1120,"properties":{"ntl_value":0.425,"nmkab":"KEPULAUAN MENTAWAI","nmprov":"SUMATERA BARAT","label":"sebelum"},"geometry":{"type":"Polygon","coordinates":[[[98.92,-1.44],[99,-1.44],[99,-1.36],[98.92,-1.36],[98.92,-1.44]]]}},{"type":"Feature","id":1121,"properties":{"ntl_value":0.515,"nmkab":"KEPULAUAN MENTAWAI","nmprov":"SUMATERA BARAT","label":"sebelum"},"geometry":{"type":"Polygon","coordinates":[[[98.92,-1.36],[99,-1.36],[99,-1.28],[98.92,-1.28],[98.92,-1.36]]]}},{"type":"Feature","id":1122,"properties":{"ntl_value":0.507,"nmkab":"KEPULAUAN MENTAWAI","nmprov":"SUMATERA BARAT","label":"sebelum"},"geometry":{"type":"Polygon","coordinates":[[[98.92,-1.28],[99,-1.28],[99,-1.2],[98.92,-1.2],[98.92,-1.28]]]}},{"type":"Feature","id":1123,"properties":{"ntl_value":0.456,"nmkab":"KEPULAUAN MENTAWAI","nmprov":"SUMATERA BARAT","label":"sebelum"},"geometry":{"type":"Polygon","coordinates":[[[98.92,-1.2],[99,-1.2],[99,-1.12],[98.92,-1.12],[98.92,-1.2]]]}},{"type":"Feature","id":1124,"properties":{"ntl_value":0.42,"nmkab":"KEPULAUAN MENTAWAI","nmprov":"SUMATERA BARAT","label":"sebelum"},"geometry":{"type":"Polygon","coordinates":[[[98.92,-1.12],[99,-1.12],[99,-1.04],[98.92,-1.04],[98.92,-1.12]]]}},{"type":"Feature","id":1125,"properties":{"ntl_value":0.455,"nmkab":"MANDAILING NATAL","nmprov":"SUMATERA UTARA","label":"sebelum"},"geometry":{"type":"Polygon","coordinates":[[[98.92,0.96],[99,0.96],[99,1.04],[98.92,1.04],[98.92,0.96]]]}},{"type":"Feature","id":1126,"properties":{"ntl_value":0.421,"nmkab":"MANDAILING NATAL","nmprov":"SUMATERA UTARA","label":"sebelum"},"geometry":{"type":"Polygon","coordinates":[[[98.92,1.04],[99,1.04],[99,1.12],[98.92,1.12],[98.92,1.04]]]}},{"type":"Feature","id":1127,"properties":{"ntl_value":0.395,"nmkab":"MANDAILING NATAL","nmprov":"SUMATERA UTARA","label":"sebelum"},"geometry":{"type":"Polygon","coordinates":[[[98.92,1.12],[99,1.12],[99,1.2],[98.92,1.2],[98.92,1.12]]]}},{"type":"Feature","id":1128,"properties":{"ntl_value":0.469,"nmkab":"MANDAILING NATAL","nmprov":"SUMATERA UTARA","label":"sebelum"},"geometry":{"type":"Polygon","coordinates":[[[98.92,1.2],[99,1.2],[99,1.28],[98.92,1.28],[98.92,1.2]]]}},{"type":"Feature","id":1129,"properties":{"ntl_value":0.43,"nmkab":"TAPANULI SELATAN","nmprov":"SUMATERA UTARA","label":"sebelum"},"geometry":{"type":"Polygon","coordinates":[[[98.92,1.28],[99,1.28],[99,1.36],[98.92,1.36],[98.92,1.28]]]}},{"type":"Feature","id":1130,"properties":{"ntl_value":0.395,"nmkab":"TAPANULI SELATAN","nmprov":"SUMATERA UTARA","label":"sebelum"},"geometry":{"type":"Polygon","coordinates":[[[98.92,1.36],[99,1.36],[99,1.44],[98.92,1.44],[98.92,1.36]]]}},{"type":"Feature","id":1131,"properties":{"ntl_value":0.529,"nmkab":"TAPANULI TENGAH","nmprov":"SUMATERA UTARA","label":"sebelum"},"geometry":{"type":"Polygon","coordinates":[[[98.92,1.44],[99,1.44],[99,1.52],[98.92,1.52],[98.92,1.44]]]}},{"type":"Feature","id":1132,"properties":{"ntl_value":0.467,"nmkab":"TAPANULI TENGAH","nmprov":"SUMATERA UTARA","label":"sebelum"},"geometry":{"type":"Polygon","coordinates":[[[98.92,1.52],[99,1.52],[99,1.6],[98.92,1.6],[98.92,1.52]]]}},{"type":"Feature","id":1133,"properties":{"ntl_value":0.537,"nmkab":"TAPANULI TENGAH","nmprov":"SUMATERA UTARA","label":"sebelum"},"geometry":{"type":"Polygon","coordinates":[[[98.92,1.6],[99,1.6],[99,1.68],[98.92,1.68],[98.92,1.6]]]}},{"type":"Feature","id":1134,"properties":{"ntl_value":0.535,"nmkab":"TAPANULI TENGAH","nmprov":"SUMATERA UTARA","label":"sebelum"},"geometry":{"type":"Polygon","coordinates":[[[98.92,1.68],[99,1.68],[99,1.76],[98.92,1.76],[98.92,1.68]]]}},{"type":"Feature","id":1135,"properties":{"ntl_value":0.561,"nmkab":"TAPANULI UTARA","nmprov":"SUMATERA UTARA","label":"sebelum"},"geometry":{"type":"Polygon","coordinates":[[[98.92,1.76],[99,1.76],[99,1.84],[98.92,1.84],[98.92,1.76]]]}},{"type":"Feature","id":1136,"properties":{"ntl_value":0.557,"nmkab":"TAPANULI UTARA","nmprov":"SUMATERA UTARA","label":"sebelum"},"geometry":{"type":"Polygon","coordinates":[[[98.92,1.84],[99,1.84],[99,1.92],[98.92,1.92],[98.92,1.84]]]}},{"type":"Feature","id":1137,"properties":{"ntl_value":0.473,"nmkab":"TAPANULI UTARA","nmprov":"SUMATERA UTARA","label":"sebelum"},"geometry":{"type":"Polygon","coordinates":[[[98.92,1.92],[99,1.92],[99,2],[98.92,2],[98.92,1.92]]]}},{"type":"Feature","id":1138,"properties":{"ntl_value":0.555,"nmkab":"TAPANULI UTARA","nmprov":"SUMATERA UTARA","label":"sebelum"},"geometry":{"type":"Polygon","coordinates":[[[98.92,2],[99,2],[99,2.08],[98.92,2.08],[98.92,2]]]}},{"type":"Feature","id":1139,"properties":{"ntl_value":0.451,"nmkab":"TAPANULI UTARA","nmprov":"SUMATERA UTARA","label":"sebelum"},"geometry":{"type":"Polygon","coordinates":[[[98.92,2.08],[99,2.08],[99,2.16],[98.92,2.16],[98.92,2.08]]]}},{"type":"Feature","id":1140,"properties":{"ntl_value":0.558,"nmkab":"TAPANULI UTARA","nmprov":"SUMATERA UTARA","label":"sebelum"},"geometry":{"type":"Polygon","coordinates":[[[98.92,2.16],[99,2.16],[99,2.24],[98.92,2.24],[98.92,2.16]]]}},{"type":"Feature","id":1141,"properties":{"ntl_value":0.378,"nmkab":"HUMBANG HASUNDUTAN","nmprov":"SUMATERA UTARA","label":"sebelum"},"geometry":{"type":"Polygon","coordinates":[[[98.92,2.24],[99,2.24],[99,2.32],[98.92,2.32],[98.92,2.24]]]}},{"type":"Feature","id":1142,"properties":{"ntl_value":0.312,"nmkab":"DANAU TOBA","nmprov":"SUMATERA UTARA","label":"sebelum"},"geometry":{"type":"Polygon","coordinates":[[[98.92,2.32],[99,2.32],[99,2.4],[98.92,2.4],[98.92,2.32]]]}},{"type":"Feature","id":1143,"properties":{"ntl_value":0.427,"nmkab":"DANAU TOBA","nmprov":"SUMATERA UTARA","label":"sebelum"},"geometry":{"type":"Polygon","coordinates":[[[98.92,2.4],[99,2.4],[99,2.48],[98.92,2.48],[98.92,2.4]]]}},{"type":"Feature","id":1144,"properties":{"ntl_value":0.387,"nmkab":"DANAU TOBA","nmprov":"SUMATERA UTARA","label":"sebelum"},"geometry":{"type":"Polygon","coordinates":[[[98.92,2.48],[99,2.48],[99,2.56],[98.92,2.56],[98.92,2.48]]]}},{"type":"Feature","id":1145,"properties":{"ntl_value":0.571,"nmkab":"TOBA SAMOSIR","nmprov":"SUMATERA UTARA","label":"sebelum"},"geometry":{"type":"Polygon","coordinates":[[[98.92,2.56],[99,2.56],[99,2.64],[98.92,2.64],[98.92,2.56]]]}},{"type":"Feature","id":1146,"properties":{"ntl_value":0.517,"nmkab":"SIMALUNGUN","nmprov":"SUMATERA UTARA","label":"sebelum"},"geometry":{"type":"Polygon","coordinates":[[[98.92,2.64],[99,2.64],[99,2.72],[98.92,2.72],[98.92,2.64]]]}},{"type":"Feature","id":1147,"properties":{"ntl_value":0.578,"nmkab":"SIMALUNGUN","nmprov":"SUMATERA UTARA","label":"sebelum"},"geometry":{"type":"Polygon","coordinates":[[[98.92,2.72],[99,2.72],[99,2.8],[98.92,2.8],[98.92,2.72]]]}},{"type":"Feature","id":1148,"properties":{"ntl_value":0.562,"nmkab":"SIMALUNGUN","nmprov":"SUMATERA UTARA","label":"sebelum"},"geometry":{"type":"Polygon","coordinates":[[[98.92,2.8],[99,2.8],[99,2.88],[98.92,2.88],[98.92,2.8]]]}},{"type":"Feature","id":1149,"properties":{"ntl_value":0.56,"nmkab":"SIMALUNGUN","nmprov":"SUMATERA UTARA","label":"sebelum"},"geometry":{"type":"Polygon","coordinates":[[[98.92,2.88],[99,2.88],[99,2.96],[98.92,2.96],[98.92,2.88]]]}},{"type":"Feature","id":1150,"properties":{"ntl_value":0.514,"nmkab":"SIMALUNGUN","nmprov":"SUMATERA UTARA","label":"sebelum"},"geometry":{"type":"Polygon","coordinates":[[[98.92,2.96],[99,2.96],[99,3.04],[98.92,3.04],[98.92,2.96]]]}},{"type":"Feature","id":1151,"properties":{"ntl_value":0.516,"nmkab":"SIMALUNGUN","nmprov":"SUMATERA UTARA","label":"sebelum"},"geometry":{"type":"Polygon","coordinates":[[[98.92,3.04],[99,3.04],[99,3.12],[98.92,3.12],[98.92,3.04]]]}},{"type":"Feature","id":1152,"properties":{"ntl_value":0.506,"nmkab":"SIMALUNGUN","nmprov":"SUMATERA UTARA","label":"sebelum"},"geometry":{"type":"Polygon","coordinates":[[[98.92,3.12],[99,3.12],[99,3.2],[98.92,3.2],[98.92,3.12]]]}},{"type":"Feature","id":1153,"properties":{"ntl_value":0.621,"nmkab":"SERDANG BEDAGAI","nmprov":"SUMATERA UTARA","label":"sebelum"},"geometry":{"type":"Polygon","coordinates":[[[98.92,3.2],[99,3.2],[99,3.28],[98.92,3.28],[98.92,3.2]]]}},{"type":"Feature","id":1154,"properties":{"ntl_value":0.554,"nmkab":"SERDANG BEDAGAI","nmprov":"SUMATERA UTARA","label":"sebelum"},"geometry":{"type":"Polygon","coordinates":[[[98.92,3.28],[99,3.28],[99,3.36],[98.92,3.36],[98.92,3.28]]]}},{"type":"Feature","id":1155,"properties":{"ntl_value":0.591,"nmkab":"SERDANG BEDAGAI","nmprov":"SUMATERA UTARA","label":"sebelum"},"geometry":{"type":"Polygon","coordinates":[[[98.92,3.36],[99,3.36],[99,3.44],[98.92,3.44],[98.92,3.36]]]}},{"type":"Feature","id":1156,"properties":{"ntl_value":0.517,"nmkab":"SERDANG BEDAGAI","nmprov":"SUMATERA UTARA","label":"sebelum"},"geometry":{"type":"Polygon","coordinates":[[[98.92,3.44],[99,3.44],[99,3.52],[98.92,3.52],[98.92,3.44]]]}},{"type":"Feature","id":1157,"properties":{"ntl_value":0.569,"nmkab":"SERDANG BEDAGAI","nmprov":"SUMATERA UTARA","label":"sebelum"},"geometry":{"type":"Polygon","coordinates":[[[98.92,3.52],[99,3.52],[99,3.6],[98.92,3.6],[98.92,3.52]]]}},{"type":"Feature","id":1158,"properties":{"ntl_value":0.53,"nmkab":"SERDANG BEDAGAI","nmprov":"SUMATERA UTARA","label":"sebelum"},"geometry":{"type":"Polygon","coordinates":[[[98.92,3.6],[99,3.6],[99,3.68],[98.92,3.68],[98.92,3.6]]]}},{"type":"Feature","id":1159,"properties":{"ntl_value":0.508,"nmkab":"KEPULAUAN MENTAWAI","nmprov":"SUMATERA BARAT","label":"sebelum"},"geometry":{"type":"Polygon","coordinates":[[[99,-1.76],[99.08,-1.76],[99.08,-1.68],[99,-1.68],[99,-1.76]]]}},{"type":"Feature","id":1160,"properties":{"ntl_value":0.509,"nmkab":"KEPULAUAN MENTAWAI","nmprov":"SUMATERA BARAT","label":"sebelum"},"geometry":{"type":"Polygon","coordinates":[[[99,-1.68],[99.08,-1.68],[99.08,-1.6],[99,-1.6],[99,-1.68]]]}},{"type":"Feature","id":1161,"properties":{"ntl_value":0.401,"nmkab":"KEPULAUAN MENTAWAI","nmprov":"SUMATERA BARAT","label":"sebelum"},"geometry":{"type":"Polygon","coordinates":[[[99,-1.6],[99.08,-1.6],[99.08,-1.52],[99,-1.52],[99,-1.6]]]}},{"type":"Feature","id":1162,"properties":{"ntl_value":0.434,"nmkab":"KEPULAUAN MENTAWAI","nmprov":"SUMATERA BARAT","label":"sebelum"},"geometry":{"type":"Polygon","coordinates":[[[99,-1.52],[99.08,-1.52],[99.08,-1.44],[99,-1.44],[99,-1.52]]]}},{"type":"Feature","id":1163,"properties":{"ntl_value":0.413,"nmkab":"KEPULAUAN MENTAWAI","nmprov":"SUMATERA BARAT","label":"sebelum"},"geometry":{"type":"Polygon","coordinates":[[[99,-1.44],[99.08,-1.44],[99.08,-1.36],[99,-1.36],[99,-1.44]]]}},{"type":"Feature","id":1164,"properties":{"ntl_value":0.443,"nmkab":"KEPULAUAN MENTAWAI","nmprov":"SUMATERA BARAT","label":"sebelum"},"geometry":{"type":"Polygon","coordinates":[[[99,-1.36],[99.08,-1.36],[99.08,-1.28],[99,-1.28],[99,-1.36]]]}},{"type":"Feature","id":1165,"properties":{"ntl_value":0.484,"nmkab":"KEPULAUAN MENTAWAI","nmprov":"SUMATERA BARAT","label":"sebelum"},"geometry":{"type":"Polygon","coordinates":[[[99,-1.28],[99.08,-1.28],[99.08,-1.2],[99,-1.2],[99,-1.28]]]}},{"type":"Feature","id":1166,"properties":{"ntl_value":0.51,"nmkab":"MANDAILING NATAL","nmprov":"SUMATERA UTARA","label":"sebelum"},"geometry":{"type":"Polygon","coordinates":[[[99,0.8],[99.08,0.8],[99.08,0.88],[99,0.88],[99,0.8]]]}},{"type":"Feature","id":1167,"properties":{"ntl_value":0.39,"nmkab":"MANDAILING NATAL","nmprov":"SUMATERA UTARA","label":"sebelum"},"geometry":{"type":"Polygon","coordinates":[[[99,0.88],[99.08,0.88],[99.08,0.96],[99,0.96],[99,0.88]]]}},{"type":"Feature","id":1168,"properties":{"ntl_value":0.492,"nmkab":"MANDAILING NATAL","nmprov":"SUMATERA UTARA","label":"sebelum"},"geometry":{"type":"Polygon","coordinates":[[[99,0.96],[99.08,0.96],[99.08,1.04],[99,1.04],[99,0.96]]]}},{"type":"Feature","id":1169,"properties":{"ntl_value":0.394,"nmkab":"MANDAILING NATAL","nmprov":"SUMATERA UTARA","label":"sebelum"},"geometry":{"type":"Polygon","coordinates":[[[99,1.04],[99.08,1.04],[99.08,1.12],[99,1.12],[99,1.04]]]}},{"type":"Feature","id":1170,"properties":{"ntl_value":0.422,"nmkab":"MANDAILING NATAL","nmprov":"SUMATERA UTARA","label":"sebelum"},"geometry":{"type":"Polygon","coordinates":[[[99,1.12],[99.08,1.12],[99.08,1.2],[99,1.2],[99,1.12]]]}},{"type":"Feature","id":1171,"properties":{"ntl_value":0.447,"nmkab":"TAPANULI SELATAN","nmprov":"SUMATERA UTARA","label":"sebelum"},"geometry":{"type":"Polygon","coordinates":[[[99,1.2],[99.08,1.2],[99.08,1.28],[99,1.28],[99,1.2]]]}},{"type":"Feature","id":1172,"properties":{"ntl_value":0.372,"nmkab":"TAPANULI SELATAN","nmprov":"SUMATERA UTARA","label":"sebelum"},"geometry":{"type":"Polygon","coordinates":[[[99,1.28],[99.08,1.28],[99.08,1.36],[99,1.36],[99,1.28]]]}},{"type":"Feature","id":1173,"properties":{"ntl_value":0.37,"nmkab":"TAPANULI SELATAN","nmprov":"SUMATERA UTARA","label":"sebelum"},"geometry":{"type":"Polygon","coordinates":[[[99,1.36],[99.08,1.36],[99.08,1.44],[99,1.44],[99,1.36]]]}},{"type":"Feature","id":1174,"properties":{"ntl_value":0.48,"nmkab":"TAPANULI SELATAN","nmprov":"SUMATERA UTARA","label":"sebelum"},"geometry":{"type":"Polygon","coordinates":[[[99,1.44],[99.08,1.44],[99.08,1.52],[99,1.52],[99,1.44]]]}},{"type":"Feature","id":1175,"properties":{"ntl_value":0.521,"nmkab":"TAPANULI TENGAH","nmprov":"SUMATERA UTARA","label":"sebelum"},"geometry":{"type":"Polygon","coordinates":[[[99,1.52],[99.08,1.52],[99.08,1.6],[99,1.6],[99,1.52]]]}},{"type":"Feature","id":1176,"properties":{"ntl_value":0.521,"nmkab":"TAPANULI TENGAH","nmprov":"SUMATERA UTARA","label":"sebelum"},"geometry":{"type":"Polygon","coordinates":[[[99,1.6],[99.08,1.6],[99.08,1.68],[99,1.68],[99,1.6]]]}},{"type":"Feature","id":1177,"properties":{"ntl_value":0.458,"nmkab":"TAPANULI UTARA","nmprov":"SUMATERA UTARA","label":"sebelum"},"geometry":{"type":"Polygon","coordinates":[[[99,1.68],[99.08,1.68],[99.08,1.76],[99,1.76],[99,1.68]]]}},{"type":"Feature","id":1178,"properties":{"ntl_value":0.523,"nmkab":"TAPANULI UTARA","nmprov":"SUMATERA UTARA","label":"sebelum"},"geometry":{"type":"Polygon","coordinates":[[[99,1.76],[99.08,1.76],[99.08,1.84],[99,1.84],[99,1.76]]]}},{"type":"Feature","id":1179,"properties":{"ntl_value":0.466,"nmkab":"TAPANULI UTARA","nmprov":"SUMATERA UTARA","label":"sebelum"},"geometry":{"type":"Polygon","coordinates":[[[99,1.84],[99.08,1.84],[99.08,1.92],[99,1.92],[99,1.84]]]}},{"type":"Feature","id":1180,"properties":{"ntl_value":0.485,"nmkab":"TAPANULI UTARA","nmprov":"SUMATERA UTARA","label":"sebelum"},"geometry":{"type":"Polygon","coordinates":[[[99,1.92],[99.08,1.92],[99.08,2],[99,2],[99,1.92]]]}},{"type":"Feature","id":1181,"properties":{"ntl_value":0.484,"nmkab":"TAPANULI UTARA","nmprov":"SUMATERA UTARA","label":"sebelum"},"geometry":{"type":"Polygon","coordinates":[[[99,2],[99.08,2],[99.08,2.08],[99,2.08],[99,2]]]}},{"type":"Feature","id":1182,"properties":{"ntl_value":0.515,"nmkab":"TAPANULI UTARA","nmprov":"SUMATERA UTARA","label":"sebelum"},"geometry":{"type":"Polygon","coordinates":[[[99,2.08],[99.08,2.08],[99.08,2.16],[99,2.16],[99,2.08]]]}},{"type":"Feature","id":1183,"properties":{"ntl_value":0.485,"nmkab":"TAPANULI UTARA","nmprov":"SUMATERA UTARA","label":"sebelum"},"geometry":{"type":"Polygon","coordinates":[[[99,2.16],[99.08,2.16],[99.08,2.24],[99,2.24],[99,2.16]]]}},{"type":"Feature","id":1184,"properties":{"ntl_value":0.46,"nmkab":"TOBA SAMOSIR","nmprov":"SUMATERA UTARA","label":"sebelum"},"geometry":{"type":"Polygon","coordinates":[[[99,2.24],[99.08,2.24],[99.08,2.32],[99,2.32],[99,2.24]]]}},{"type":"Feature","id":1185,"properties":{"ntl_value":0.346,"nmkab":"DANAU TOBA","nmprov":"SUMATERA UTARA","label":"sebelum"},"geometry":{"type":"Polygon","coordinates":[[[99,2.32],[99.08,2.32],[99.08,2.4],[99,2.4],[99,2.32]]]}},{"type":"Feature","id":1186,"properties":{"ntl_value":0.333,"nmkab":"DANAU TOBA","nmprov":"SUMATERA UTARA","label":"sebelum"},"geometry":{"type":"Polygon","coordinates":[[[99,2.4],[99.08,2.4],[99.08,2.48],[99,2.48],[99,2.4]]]}},{"type":"Feature","id":1187,"properties":{"ntl_value":0.486,"nmkab":"TOBA SAMOSIR","nmprov":"SUMATERA UTARA","label":"sebelum"},"geometry":{"type":"Polygon","coordinates":[[[99,2.48],[99.08,2.48],[99.08,2.56],[99,2.56],[99,2.48]]]}},{"type":"Feature","id":1188,"properties":{"ntl_value":0.448,"nmkab":"TOBA SAMOSIR","nmprov":"SUMATERA UTARA","label":"sebelum"},"geometry":{"type":"Polygon","coordinates":[[[99,2.56],[99.08,2.56],[99.08,2.64],[99,2.64],[99,2.56]]]}},{"type":"Feature","id":1189,"properties":{"ntl_value":0.583,"nmkab":"SIMALUNGUN","nmprov":"SUMATERA UTARA","label":"sebelum"},"geometry":{"type":"Polygon","coordinates":[[[99,2.64],[99.08,2.64],[99.08,2.72],[99,2.72],[99,2.64]]]}},{"type":"Feature","id":1190,"properties":{"ntl_value":0.486,"nmkab":"SIMALUNGUN","nmprov":"SUMATERA UTARA","label":"sebelum"},"geometry":{"type":"Polygon","coordinates":[[[99,2.72],[99.08,2.72],[99.08,2.8],[99,2.8],[99,2.72]]]}},{"type":"Feature","id":1191,"properties":{"ntl_value":0.54,"nmkab":"SIMALUNGUN","nmprov":"SUMATERA UTARA","label":"sebelum"},"geometry":{"type":"Polygon","coordinates":[[[99,2.8],[99.08,2.8],[99.08,2.88],[99,2.88],[99,2.8]]]}},{"type":"Feature","id":1192,"properties":{"ntl_value":0.87,"nmkab":"PEMATANG SIANTAR","nmprov":"SUMATERA UTARA","label":"sebelum"},"geometry":{"type":"Polygon","coordinates":[[[99,2.88],[99.08,2.88],[99.08,2.96],[99,2.96],[99,2.88]]]}},{"type":"Feature","id":1193,"properties":{"ntl_value":0.841,"nmkab":"PEMATANG SIANTAR","nmprov":"SUMATERA UTARA","label":"sebelum"},"geometry":{"type":"Polygon","coordinates":[[[99,2.96],[99.08,2.96],[99.08,3.04],[99,3.04],[99,2.96]]]}},{"type":"Feature","id":1194,"properties":{"ntl_value":0.525,"nmkab":"SIMALUNGUN","nmprov":"SUMATERA UTARA","label":"sebelum"},"geometry":{"type":"Polygon","coordinates":[[[99,3.04],[99.08,3.04],[99.08,3.12],[99,3.12],[99,3.04]]]}},{"type":"Feature","id":1195,"properties":{"ntl_value":0.61,"nmkab":"SERDANG BEDAGAI","nmprov":"SUMATERA UTARA","label":"sebelum"},"geometry":{"type":"Polygon","coordinates":[[[99,3.12],[99.08,3.12],[99.08,3.2],[99,3.2],[99,3.12]]]}},{"type":"Feature","id":1196,"properties":{"ntl_value":0.57,"nmkab":"SERDANG BEDAGAI","nmprov":"SUMATERA UTARA","label":"sebelum"},"geometry":{"type":"Polygon","coordinates":[[[99,3.2],[99.08,3.2],[99.08,3.28],[99,3.28],[99,3.2]]]}},{"type":"Feature","id":1197,"properties":{"ntl_value":0.534,"nmkab":"SERDANG BEDAGAI","nmprov":"SUMATERA UTARA","label":"sebelum"},"geometry":{"type":"Polygon","coordinates":[[[99,3.28],[99.08,3.28],[99.08,3.36],[99,3.36],[99,3.28]]]}},{"type":"Feature","id":1198,"properties":{"ntl_value":0.581,"nmkab":"SERDANG BEDAGAI","nmprov":"SUMATERA UTARA","label":"sebelum"},"geometry":{"type":"Polygon","coordinates":[[[99,3.36],[99.08,3.36],[99.08,3.44],[99,3.44],[99,3.36]]]}},{"type":"Feature","id":1199,"properties":{"ntl_value":0.644,"nmkab":"SERDANG BEDAGAI","nmprov":"SUMATERA UTARA","label":"sebelum"},"geometry":{"type":"Polygon","coordinates":[[[99,3.44],[99.08,3.44],[99.08,3.52],[99,3.52],[99,3.44]]]}},{"type":"Feature","id":1200,"properties":{"ntl_value":0.655,"nmkab":"SERDANG BEDAGAI","nmprov":"SUMATERA UTARA","label":"sebelum"},"geometry":{"type":"Polygon","coordinates":[[[99,3.52],[99.08,3.52],[99.08,3.6],[99,3.6],[99,3.52]]]}},{"type":"Feature","id":1201,"properties":{"ntl_value":0.391,"nmkab":"KEPULAUAN MENTAWAI","nmprov":"SUMATERA BARAT","label":"sebelum"},"geometry":{"type":"Polygon","coordinates":[[[99.08,-1.84],[99.16,-1.84],[99.16,-1.76],[99.08,-1.76],[99.08,-1.84]]]}},{"type":"Feature","id":1202,"properties":{"ntl_value":0.442,"nmkab":"KEPULAUAN MENTAWAI","nmprov":"SUMATERA BARAT","label":"sebelum"},"geometry":{"type":"Polygon","coordinates":[[[99.08,-1.76],[99.16,-1.76],[99.16,-1.68],[99.08,-1.68],[99.08,-1.76]]]}},{"type":"Feature","id":1203,"properties":{"ntl_value":0.438,"nmkab":"KEPULAUAN MENTAWAI","nmprov":"SUMATERA BARAT","label":"sebelum"},"geometry":{"type":"Polygon","coordinates":[[[99.08,-1.68],[99.16,-1.68],[99.16,-1.6],[99.08,-1.6],[99.08,-1.68]]]}},{"type":"Feature","id":1204,"properties":{"ntl_value":0.43,"nmkab":"KEPULAUAN MENTAWAI","nmprov":"SUMATERA BARAT","label":"sebelum"},"geometry":{"type":"Polygon","coordinates":[[[99.08,-1.6],[99.16,-1.6],[99.16,-1.52],[99.08,-1.52],[99.08,-1.6]]]}},{"type":"Feature","id":1205,"properties":{"ntl_value":0.472,"nmkab":"KEPULAUAN MENTAWAI","nmprov":"SUMATERA BARAT","label":"sebelum"},"geometry":{"type":"Polygon","coordinates":[[[99.08,-1.52],[99.16,-1.52],[99.16,-1.44],[99.08,-1.44],[99.08,-1.52]]]}},{"type":"Feature","id":1206,"properties":{"ntl_value":0.466,"nmkab":"KEPULAUAN MENTAWAI","nmprov":"SUMATERA BARAT","label":"sebelum"},"geometry":{"type":"Polygon","coordinates":[[[99.08,-1.44],[99.16,-1.44],[99.16,-1.36],[99.08,-1.36],[99.08,-1.44]]]}},{"type":"Feature","id":1207,"properties":{"ntl_value":0.48,"nmkab":"MANDAILING NATAL","nmprov":"SUMATERA UTARA","label":"sebelum"},"geometry":{"type":"Polygon","coordinates":[[[99.08,0.32],[99.16,0.32],[99.16,0.4],[99.08,0.4],[99.08,0.32]]]}},{"type":"Feature","id":1208,"properties":{"ntl_value":0.495,"nmkab":"MANDAILING NATAL","nmprov":"SUMATERA UTARA","label":"sebelum"},"geometry":{"type":"Polygon","coordinates":[[[99.08,0.48],[99.16,0.48],[99.16,0.56],[99.08,0.56],[99.08,0.48]]]}},{"type":"Feature","id":1209,"properties":{"ntl_value":0.488,"nmkab":"MANDAILING NATAL","nmprov":"SUMATERA UTARA","label":"sebelum"},"geometry":{"type":"Polygon","coordinates":[[[99.08,0.56],[99.16,0.56],[99.16,0.64],[99.08,0.64],[99.08,0.56]]]}},{"type":"Feature","id":1210,"properties":{"ntl_value":0.37,"nmkab":"MANDAILING NATAL","nmprov":"SUMATERA UTARA","label":"sebelum"},"geometry":{"type":"Polygon","coordinates":[[[99.08,0.64],[99.16,0.64],[99.16,0.72],[99.08,0.72],[99.08,0.64]]]}},{"type":"Feature","id":1211,"properties":{"ntl_value":0.366,"nmkab":"MANDAILING NATAL","nmprov":"SUMATERA UTARA","label":"sebelum"},"geometry":{"type":"Polygon","coordinates":[[[99.08,0.72],[99.16,0.72],[99.16,0.8],[99.08,0.8],[99.08,0.72]]]}},{"type":"Feature","id":1212,"properties":{"ntl_value":0.405,"nmkab":"MANDAILING NATAL","nmprov":"SUMATERA UTARA","label":"sebelum"},"geometry":{"type":"Polygon","coordinates":[[[99.08,0.8],[99.16,0.8],[99.16,0.88],[99.08,0.88],[99.08,0.8]]]}},{"type":"Feature","id":1213,"properties":{"ntl_value":0.414,"nmkab":"MANDAILING NATAL","nmprov":"SUMATERA UTARA","label":"sebelum"},"geometry":{"type":"Polygon","coordinates":[[[99.08,0.88],[99.16,0.88],[99.16,0.96],[99.08,0.96],[99.08,0.88]]]}},{"type":"Feature","id":1214,"properties":{"ntl_value":0.474,"nmkab":"MANDAILING NATAL","nmprov":"SUMATERA UTARA","label":"sebelum"},"geometry":{"type":"Polygon","coordinates":[[[99.08,0.96],[99.16,0.96],[99.16,1.04],[99.08,1.04],[99.08,0.96]]]}},{"type":"Feature","id":1215,"properties":{"ntl_value":0.368,"nmkab":"MANDAILING NATAL","nmprov":"SUMATERA UTARA","label":"sebelum"},"geometry":{"type":"Polygon","coordinates":[[[99.08,1.04],[99.16,1.04],[99.16,1.12],[99.08,1.12],[99.08,1.04]]]}},{"type":"Feature","id":1216,"properties":{"ntl_value":0.469,"nmkab":"TAPANULI SELATAN","nmprov":"SUMATERA UTARA","label":"sebelum"},"geometry":{"type":"Polygon","coordinates":[[[99.08,1.12],[99.16,1.12],[99.16,1.2],[99.08,1.2],[99.08,1.12]]]}},{"type":"Feature","id":1217,"properties":{"ntl_value":0.435,"nmkab":"TAPANULI SELATAN","nmprov":"SUMATERA UTARA","label":"sebelum"},"geometry":{"type":"Polygon","coordinates":[[[99.08,1.2],[99.16,1.2],[99.16,1.28],[99.08,1.28],[99.08,1.2]]]}},{"type":"Feature","id":1218,"properties":{"ntl_value":0.491,"nmkab":"TAPANULI SELATAN","nmprov":"SUMATERA UTARA","label":"sebelum"},"geometry":{"type":"Polygon","coordinates":[[[99.08,1.28],[99.16,1.28],[99.16,1.36],[99.08,1.36],[99.08,1.28]]]}},{"type":"Feature","id":1219,"properties":{"ntl_value":0.428,"nmkab":"TAPANULI SELATAN","nmprov":"SUMATERA UTARA","label":"sebelum"},"geometry":{"type":"Polygon","coordinates":[[[99.08,1.36],[99.16,1.36],[99.16,1.44],[99.08,1.44],[99.08,1.36]]]}},{"type":"Feature","id":1220,"properties":{"ntl_value":0.487,"nmkab":"TAPANULI SELATAN","nmprov":"SUMATERA UTARA","label":"sebelum"},"geometry":{"type":"Polygon","coordinates":[[[99.08,1.44],[99.16,1.44],[99.16,1.52],[99.08,1.52],[99.08,1.44]]]}},{"type":"Feature","id":1221,"properties":{"ntl_value":0.46,"nmkab":"TAPANULI SELATAN","nmprov":"SUMATERA UTARA","label":"sebelum"},"geometry":{"type":"Polygon","coordinates":[[[99.08,1.52],[99.16,1.52],[99.16,1.6],[99.08,1.6],[99.08,1.52]]]}},{"type":"Feature","id":1222,"properties":{"ntl_value":0.444,"nmkab":"TAPANULI SELATAN","nmprov":"SUMATERA UTARA","label":"sebelum"},"geometry":{"type":"Polygon","coordinates":[[[99.08,1.6],[99.16,1.6],[99.16,1.68],[99.08,1.68],[99.08,1.6]]]}},{"type":"Feature","id":1223,"properties":{"ntl_value":0.468,"nmkab":"TAPANULI UTARA","nmprov":"SUMATERA UTARA","label":"sebelum"},"geometry":{"type":"Polygon","coordinates":[[[99.08,1.68],[99.16,1.68],[99.16,1.76],[99.08,1.76],[99.08,1.68]]]}},{"type":"Feature","id":1224,"properties":{"ntl_value":0.466,"nmkab":"TAPANULI UTARA","nmprov":"SUMATERA UTARA","label":"sebelum"},"geometry":{"type":"Polygon","coordinates":[[[99.08,1.76],[99.16,1.76],[99.16,1.84],[99.08,1.84],[99.08,1.76]]]}},{"type":"Feature","id":1225,"properties":{"ntl_value":0.471,"nmkab":"TAPANULI UTARA","nmprov":"SUMATERA UTARA","label":"sebelum"},"geometry":{"type":"Polygon","coordinates":[[[99.08,1.84],[99.16,1.84],[99.16,1.92],[99.08,1.92],[99.08,1.84]]]}},{"type":"Feature","id":1226,"properties":{"ntl_value":0.437,"nmkab":"TAPANULI UTARA","nmprov":"SUMATERA UTARA","label":"sebelum"},"geometry":{"type":"Polygon","coordinates":[[[99.08,1.92],[99.16,1.92],[99.16,2],[99.08,2],[99.08,1.92]]]}},{"type":"Feature","id":1227,"properties":{"ntl_value":0.47,"nmkab":"TAPANULI UTARA","nmprov":"SUMATERA UTARA","label":"sebelum"},"geometry":{"type":"Polygon","coordinates":[[[99.08,2],[99.16,2],[99.16,2.08],[99.08,2.08],[99.08,2]]]}},{"type":"Feature","id":1228,"properties":{"ntl_value":0.526,"nmkab":"TAPANULI UTARA","nmprov":"SUMATERA UTARA","label":"sebelum"},"geometry":{"type":"Polygon","coordinates":[[[99.08,2.08],[99.16,2.08],[99.16,2.16],[99.08,2.16],[99.08,2.08]]]}},{"type":"Feature","id":1229,"properties":{"ntl_value":0.566,"nmkab":"TAPANULI UTARA","nmprov":"SUMATERA UTARA","label":"sebelum"},"geometry":{"type":"Polygon","coordinates":[[[99.08,2.16],[99.16,2.16],[99.16,2.24],[99.08,2.24],[99.08,2.16]]]}},{"type":"Feature","id":1230,"properties":{"ntl_value":0.56,"nmkab":"TOBA SAMOSIR","nmprov":"SUMATERA UTARA","label":"sebelum"},"geometry":{"type":"Polygon","coordinates":[[[99.08,2.24],[99.16,2.24],[99.16,2.32],[99.08,2.32],[99.08,2.24]]]}},{"type":"Feature","id":1231,"properties":{"ntl_value":0.455,"nmkab":"TOBA SAMOSIR","nmprov":"SUMATERA UTARA","label":"sebelum"},"geometry":{"type":"Polygon","coordinates":[[[99.08,2.32],[99.16,2.32],[99.16,2.4],[99.08,2.4],[99.08,2.32]]]}},{"type":"Feature","id":1232,"properties":{"ntl_value":0.525,"nmkab":"TOBA SAMOSIR","nmprov":"SUMATERA UTARA","label":"sebelum"},"geometry":{"type":"Polygon","coordinates":[[[99.08,2.4],[99.16,2.4],[99.16,2.48],[99.08,2.48],[99.08,2.4]]]}},{"type":"Feature","id":1233,"properties":{"ntl_value":0.589,"nmkab":"TOBA SAMOSIR","nmprov":"SUMATERA UTARA","label":"sebelum"},"geometry":{"type":"Polygon","coordinates":[[[99.08,2.48],[99.16,2.48],[99.16,2.56],[99.08,2.56],[99.08,2.48]]]}},{"type":"Feature","id":1234,"properties":{"ntl_value":0.485,"nmkab":"ASAHAN","nmprov":"SUMATERA UTARA","label":"sebelum"},"geometry":{"type":"Polygon","coordinates":[[[99.08,2.56],[99.16,2.56],[99.16,2.64],[99.08,2.64],[99.08,2.56]]]}},{"type":"Feature","id":1235,"properties":{"ntl_value":0.602,"nmkab":"ASAHAN","nmprov":"SUMATERA UTARA","label":"sebelum"},"geometry":{"type":"Polygon","coordinates":[[[99.08,2.64],[99.16,2.64],[99.16,2.72],[99.08,2.72],[99.08,2.64]]]}},{"type":"Feature","id":1236,"properties":{"ntl_value":0.477,"nmkab":"SIMALUNGUN","nmprov":"SUMATERA UTARA","label":"sebelum"},"geometry":{"type":"Polygon","coordinates":[[[99.08,2.72],[99.16,2.72],[99.16,2.8],[99.08,2.8],[99.08,2.72]]]}},{"type":"Feature","id":1237,"properties":{"ntl_value":0.549,"nmkab":"SIMALUNGUN","nmprov":"SUMATERA UTARA","label":"sebelum"},"geometry":{"type":"Polygon","coordinates":[[[99.08,2.8],[99.16,2.8],[99.16,2.88],[99.08,2.88],[99.08,2.8]]]}},{"type":"Feature","id":1238,"properties":{"ntl_value":0.491,"nmkab":"SIMALUNGUN","nmprov":"SUMATERA UTARA","label":"sebelum"},"geometry":{"type":"Polygon","coordinates":[[[99.08,2.88],[99.16,2.88],[99.16,2.96],[99.08,2.96],[99.08,2.88]]]}},{"type":"Feature","id":1239,"properties":{"ntl_value":0.587,"nmkab":"SIMALUNGUN","nmprov":"SUMATERA UTARA","label":"sebelum"},"geometry":{"type":"Polygon","coordinates":[[[99.08,2.96],[99.16,2.96],[99.16,3.04],[99.08,3.04],[99.08,2.96]]]}},{"type":"Feature","id":1240,"properties":{"ntl_value":0.521,"nmkab":"SIMALUNGUN","nmprov":"SUMATERA UTARA","label":"sebelum"},"geometry":{"type":"Polygon","coordinates":[[[99.08,3.04],[99.16,3.04],[99.16,3.12],[99.08,3.12],[99.08,3.04]]]}},{"type":"Feature","id":1241,"properties":{"ntl_value":0.628,"nmkab":"SERDANG BEDAGAI","nmprov":"SUMATERA UTARA","label":"sebelum"},"geometry":{"type":"Polygon","coordinates":[[[99.08,3.12],[99.16,3.12],[99.16,3.2],[99.08,3.2],[99.08,3.12]]]}},{"type":"Feature","id":1242,"properties":{"ntl_value":0.651,"nmkab":"SERDANG BEDAGAI","nmprov":"SUMATERA UTARA","label":"sebelum"},"geometry":{"type":"Polygon","coordinates":[[[99.08,3.2],[99.16,3.2],[99.16,3.28],[99.08,3.28],[99.08,3.2]]]}},{"type":"Feature","id":1243,"properties":{"ntl_value":0.63,"nmkab":"SERDANG BEDAGAI","nmprov":"SUMATERA UTARA","label":"sebelum"},"geometry":{"type":"Polygon","coordinates":[[[99.08,3.28],[99.16,3.28],[99.16,3.36],[99.08,3.36],[99.08,3.28]]]}},{"type":"Feature","id":1244,"properties":{"ntl_value":0.559,"nmkab":"SERDANG BEDAGAI","nmprov":"SUMATERA UTARA","label":"sebelum"},"geometry":{"type":"Polygon","coordinates":[[[99.08,3.36],[99.16,3.36],[99.16,3.44],[99.08,3.44],[99.08,3.36]]]}},{"type":"Feature","id":1245,"properties":{"ntl_value":0.586,"nmkab":"SERDANG BEDAGAI","nmprov":"SUMATERA UTARA","label":"sebelum"},"geometry":{"type":"Polygon","coordinates":[[[99.08,3.44],[99.16,3.44],[99.16,3.52],[99.08,3.52],[99.08,3.44]]]}},{"type":"Feature","id":1246,"properties":{"ntl_value":0.557,"nmkab":"SERDANG BEDAGAI","nmprov":"SUMATERA UTARA","label":"sebelum"},"geometry":{"type":"Polygon","coordinates":[[[99.08,3.52],[99.16,3.52],[99.16,3.6],[99.08,3.6],[99.08,3.52]]]}},{"type":"Feature","id":1247,"properties":{"ntl_value":0.399,"nmkab":"KEPULAUAN MENTAWAI","nmprov":"SUMATERA BARAT","label":"sebelum"},"geometry":{"type":"Polygon","coordinates":[[[99.16,-1.76],[99.24,-1.76],[99.24,-1.68],[99.16,-1.68],[99.16,-1.76]]]}},{"type":"Feature","id":1248,"properties":{"ntl_value":0.373,"nmkab":"KEPULAUAN MENTAWAI","nmprov":"SUMATERA BARAT","label":"sebelum"},"geometry":{"type":"Polygon","coordinates":[[[99.16,-1.68],[99.24,-1.68],[99.24,-1.6],[99.16,-1.6],[99.16,-1.68]]]}},{"type":"Feature","id":1249,"properties":{"ntl_value":0.483,"nmkab":"PASAMAN BARAT","nmprov":"SUMATERA BARAT","label":"sebelum"},"geometry":{"type":"Polygon","coordinates":[[[99.16,0.24],[99.24,0.24],[99.24,0.32],[99.16,0.32],[99.16,0.24]]]}},{"type":"Feature","id":1250,"properties":{"ntl_value":0.466,"nmkab":"MANDAILING NATAL","nmprov":"SUMATERA UTARA","label":"sebelum"},"geometry":{"type":"Polygon","coordinates":[[[99.16,0.32],[99.24,0.32],[99.24,0.4],[99.16,0.4],[99.16,0.32]]]}},{"type":"Feature","id":1251,"properties":{"ntl_value":0.462,"nmkab":"MANDAILING NATAL","nmprov":"SUMATERA UTARA","label":"sebelum"},"geometry":{"type":"Polygon","coordinates":[[[99.16,0.4],[99.24,0.4],[99.24,0.48],[99.16,0.48],[99.16,0.4]]]}},{"type":"Feature","id":1252,"properties":{"ntl_value":0.499,"nmkab":"MANDAILING NATAL","nmprov":"SUMATERA UTARA","label":"sebelum"},"geometry":{"type":"Polygon","coordinates":[[[99.16,0.48],[99.24,0.48],[99.24,0.56],[99.16,0.56],[99.16,0.48]]]}},{"type":"Feature","id":1253,"properties":{"ntl_value":0.486,"nmkab":"MANDAILING NATAL","nmprov":"SUMATERA UTARA","label":"sebelum"},"geometry":{"type":"Polygon","coordinates":[[[99.16,0.56],[99.24,0.56],[99.24,0.64],[99.16,0.64],[99.16,0.56]]]}},{"type":"Feature","id":1254,"properties":{"ntl_value":0.483,"nmkab":"MANDAILING NATAL","nmprov":"SUMATERA UTARA","label":"sebelum"},"geometry":{"type":"Polygon","coordinates":[[[99.16,0.64],[99.24,0.64],[99.24,0.72],[99.16,0.72],[99.16,0.64]]]}},{"type":"Feature","id":1255,"properties":{"ntl_value":0.399,"nmkab":"MANDAILING NATAL","nmprov":"SUMATERA UTARA","label":"sebelum"},"geometry":{"type":"Polygon","coordinates":[[[99.16,0.72],[99.24,0.72],[99.24,0.8],[99.16,0.8],[99.16,0.72]]]}},{"type":"Feature","id":1256,"properties":{"ntl_value":0.441,"nmkab":"MANDAILING NATAL","nmprov":"SUMATERA UTARA","label":"sebelum"},"geometry":{"type":"Polygon","coordinates":[[[99.16,0.8],[99.24,0.8],[99.24,0.88],[99.16,0.88],[99.16,0.8]]]}},{"type":"Feature","id":1257,"properties":{"ntl_value":0.366,"nmkab":"MANDAILING NATAL","nmprov":"SUMATERA UTARA","label":"sebelum"},"geometry":{"type":"Polygon","coordinates":[[[99.16,0.88],[99.24,0.88],[99.24,0.96],[99.16,0.96],[99.16,0.88]]]}},{"type":"Feature","id":1258,"properties":{"ntl_value":0.38,"nmkab":"MANDAILING NATAL","nmprov":"SUMATERA UTARA","label":"sebelum"},"geometry":{"type":"Polygon","coordinates":[[[99.16,0.96],[99.24,0.96],[99.24,1.04],[99.16,1.04],[99.16,0.96]]]}},{"type":"Feature","id":1259,"properties":{"ntl_value":0.389,"nmkab":"MANDAILING NATAL","nmprov":"SUMATERA UTARA","label":"sebelum"},"geometry":{"type":"Polygon","coordinates":[[[99.16,1.04],[99.24,1.04],[99.24,1.12],[99.16,1.12],[99.16,1.04]]]}},{"type":"Feature","id":1260,"properties":{"ntl_value":0.439,"nmkab":"TAPANULI SELATAN","nmprov":"SUMATERA UTARA","label":"sebelum"},"geometry":{"type":"Polygon","coordinates":[[[99.16,1.12],[99.24,1.12],[99.24,1.2],[99.16,1.2],[99.16,1.12]]]}},{"type":"Feature","id":1261,"properties":{"ntl_value":0.453,"nmkab":"TAPANULI SELATAN","nmprov":"SUMATERA UTARA","label":"sebelum"},"geometry":{"type":"Polygon","coordinates":[[[99.16,1.2],[99.24,1.2],[99.24,1.28],[99.16,1.28],[99.16,1.2]]]}},{"type":"Feature","id":1262,"properties":{"ntl_value":0.478,"nmkab":"TAPANULI SELATAN","nmprov":"SUMATERA UTARA","label":"sebelum"},"geometry":{"type":"Polygon","coordinates":[[[99.16,1.28],[99.24,1.28],[99.24,1.36],[99.16,1.36],[99.16,1.28]]]}},{"type":"Feature","id":1263,"properties":{"ntl_value":0.415,"nmkab":"TAPANULI SELATAN","nmprov":"SUMATERA UTARA","label":"sebelum"},"geometry":{"type":"Polygon","coordinates":[[[99.16,1.36],[99.24,1.36],[99.24,1.44],[99.16,1.44],[99.16,1.36]]]}},{"type":"Feature","id":1264,"properties":{"ntl_value":0.47,"nmkab":"TAPANULI SELATAN","nmprov":"SUMATERA UTARA","label":"sebelum"},"geometry":{"type":"Polygon","coordinates":[[[99.16,1.44],[99.24,1.44],[99.24,1.52],[99.16,1.52],[99.16,1.44]]]}},{"type":"Feature","id":1265,"properties":{"ntl_value":0.394,"nmkab":"TAPANULI SELATAN","nmprov":"SUMATERA UTARA","label":"sebelum"},"geometry":{"type":"Polygon","coordinates":[[[99.16,1.52],[99.24,1.52],[99.24,1.6],[99.16,1.6],[99.16,1.52]]]}},{"type":"Feature","id":1266,"properties":{"ntl_value":0.393,"nmkab":"TAPANULI SELATAN","nmprov":"SUMATERA UTARA","label":"sebelum"},"geometry":{"type":"Polygon","coordinates":[[[99.16,1.6],[99.24,1.6],[99.24,1.68],[99.16,1.68],[99.16,1.6]]]}},{"type":"Feature","id":1267,"properties":{"ntl_value":0.451,"nmkab":"TAPANULI UTARA","nmprov":"SUMATERA UTARA","label":"sebelum"},"geometry":{"type":"Polygon","coordinates":[[[99.16,1.68],[99.24,1.68],[99.24,1.76],[99.16,1.76],[99.16,1.68]]]}},{"type":"Feature","id":1268,"properties":{"ntl_value":0.455,"nmkab":"TAPANULI UTARA","nmprov":"SUMATERA UTARA","label":"sebelum"},"geometry":{"type":"Polygon","coordinates":[[[99.16,1.76],[99.24,1.76],[99.24,1.84],[99.16,1.84],[99.16,1.76]]]}},{"type":"Feature","id":1269,"properties":{"ntl_value":0.541,"nmkab":"TAPANULI UTARA","nmprov":"SUMATERA UTARA","label":"sebelum"},"geometry":{"type":"Polygon","coordinates":[[[99.16,1.84],[99.24,1.84],[99.24,1.92],[99.16,1.92],[99.16,1.84]]]}},{"type":"Feature","id":1270,"properties":{"ntl_value":0.463,"nmkab":"TAPANULI UTARA","nmprov":"SUMATERA UTARA","label":"sebelum"},"geometry":{"type":"Polygon","coordinates":[[[99.16,1.92],[99.24,1.92],[99.24,2],[99.16,2],[99.16,1.92]]]}},{"type":"Feature","id":1271,"properties":{"ntl_value":0.574,"nmkab":"TAPANULI UTARA","nmprov":"SUMATERA UTARA","label":"sebelum"},"geometry":{"type":"Polygon","coordinates":[[[99.16,2],[99.24,2],[99.24,2.08],[99.16,2.08],[99.16,2]]]}},{"type":"Feature","id":1272,"properties":{"ntl_value":0.476,"nmkab":"TAPANULI UTARA","nmprov":"SUMATERA UTARA","label":"sebelum"},"geometry":{"type":"Polygon","coordinates":[[[99.16,2.08],[99.24,2.08],[99.24,2.16],[99.16,2.16],[99.16,2.08]]]}},{"type":"Feature","id":1273,"properties":{"ntl_value":0.523,"nmkab":"TAPANULI UTARA","nmprov":"SUMATERA UTARA","label":"sebelum"},"geometry":{"type":"Polygon","coordinates":[[[99.16,2.16],[99.24,2.16],[99.24,2.24],[99.16,2.24],[99.16,2.16]]]}},{"type":"Feature","id":1274,"properties":{"ntl_value":0.479,"nmkab":"TOBA SAMOSIR","nmprov":"SUMATERA UTARA","label":"sebelum"},"geometry":{"type":"Polygon","coordinates":[[[99.16,2.24],[99.24,2.24],[99.24,2.32],[99.16,2.32],[99.16,2.24]]]}},{"type":"Feature","id":1275,"properties":{"ntl_value":0.528,"nmkab":"TOBA SAMOSIR","nmprov":"SUMATERA UTARA","label":"sebelum"},"geometry":{"type":"Polygon","coordinates":[[[99.16,2.32],[99.24,2.32],[99.24,2.4],[99.16,2.4],[99.16,2.32]]]}},{"type":"Feature","id":1276,"properties":{"ntl_value":0.584,"nmkab":"TOBA SAMOSIR","nmprov":"SUMATERA UTARA","label":"sebelum"},"geometry":{"type":"Polygon","coordinates":[[[99.16,2.4],[99.24,2.4],[99.24,2.48],[99.16,2.48],[99.16,2.4]]]}},{"type":"Feature","id":1277,"properties":{"ntl_value":0.553,"nmkab":"TOBA SAMOSIR","nmprov":"SUMATERA UTARA","label":"sebelum"},"geometry":{"type":"Polygon","coordinates":[[[99.16,2.48],[99.24,2.48],[99.24,2.56],[99.16,2.56],[99.16,2.48]]]}},{"type":"Feature","id":1278,"properties":{"ntl_value":0.507,"nmkab":"ASAHAN","nmprov":"SUMATERA UTARA","label":"sebelum"},"geometry":{"type":"Polygon","coordinates":[[[99.16,2.56],[99.24,2.56],[99.24,2.64],[99.16,2.64],[99.16,2.56]]]}},{"type":"Feature","id":1279,"properties":{"ntl_value":0.467,"nmkab":"ASAHAN","nmprov":"SUMATERA UTARA","label":"sebelum"},"geometry":{"type":"Polygon","coordinates":[[[99.16,2.64],[99.24,2.64],[99.24,2.72],[99.16,2.72],[99.16,2.64]]]}},{"type":"Feature","id":1280,"properties":{"ntl_value":0.507,"nmkab":"ASAHAN","nmprov":"SUMATERA UTARA","label":"sebelum"},"geometry":{"type":"Polygon","coordinates":[[[99.16,2.72],[99.24,2.72],[99.24,2.8],[99.16,2.8],[99.16,2.72]]]}},{"type":"Feature","id":1281,"properties":{"ntl_value":0.53,"nmkab":"SIMALUNGUN","nmprov":"SUMATERA UTARA","label":"sebelum"},"geometry":{"type":"Polygon","coordinates":[[[99.16,2.8],[99.24,2.8],[99.24,2.88],[99.16,2.88],[99.16,2.8]]]}},{"type":"Feature","id":1282,"properties":{"ntl_value":0.604,"nmkab":"SIMALUNGUN","nmprov":"SUMATERA UTARA","label":"sebelum"},"geometry":{"type":"Polygon","coordinates":[[[99.16,2.88],[99.24,2.88],[99.24,2.96],[99.16,2.96],[99.16,2.88]]]}},{"type":"Feature","id":1283,"properties":{"ntl_value":0.482,"nmkab":"SIMALUNGUN","nmprov":"SUMATERA UTARA","label":"sebelum"},"geometry":{"type":"Polygon","coordinates":[[[99.16,2.96],[99.24,2.96],[99.24,3.04],[99.16,3.04],[99.16,2.96]]]}},{"type":"Feature","id":1284,"properties":{"ntl_value":0.523,"nmkab":"SIMALUNGUN","nmprov":"SUMATERA UTARA","label":"sebelum"},"geometry":{"type":"Polygon","coordinates":[[[99.16,3.04],[99.24,3.04],[99.24,3.12],[99.16,3.12],[99.16,3.04]]]}},{"type":"Feature","id":1285,"properties":{"ntl_value":0.489,"nmkab":"SIMALUNGUN","nmprov":"SUMATERA UTARA","label":"sebelum"},"geometry":{"type":"Polygon","coordinates":[[[99.16,3.12],[99.24,3.12],[99.24,3.2],[99.16,3.2],[99.16,3.12]]]}},{"type":"Feature","id":1286,"properties":{"ntl_value":0.64,"nmkab":"SERDANG BEDAGAI","nmprov":"SUMATERA UTARA","label":"sebelum"},"geometry":{"type":"Polygon","coordinates":[[[99.16,3.2],[99.24,3.2],[99.24,3.28],[99.16,3.28],[99.16,3.2]]]}},{"type":"Feature","id":1287,"properties":{"ntl_value":0.64,"nmkab":"SERDANG BEDAGAI","nmprov":"SUMATERA UTARA","label":"sebelum"},"geometry":{"type":"Polygon","coordinates":[[[99.16,3.28],[99.24,3.28],[99.24,3.36],[99.16,3.36],[99.16,3.28]]]}},{"type":"Feature","id":1288,"properties":{"ntl_value":0.602,"nmkab":"SERDANG BEDAGAI","nmprov":"SUMATERA UTARA","label":"sebelum"},"geometry":{"type":"Polygon","coordinates":[[[99.16,3.36],[99.24,3.36],[99.24,3.44],[99.16,3.44],[99.16,3.36]]]}},{"type":"Feature","id":1289,"properties":{"ntl_value":0.591,"nmkab":"SERDANG BEDAGAI","nmprov":"SUMATERA UTARA","label":"sebelum"},"geometry":{"type":"Polygon","coordinates":[[[99.16,3.44],[99.24,3.44],[99.24,3.52],[99.16,3.52],[99.16,3.44]]]}},{"type":"Feature","id":1290,"properties":{"ntl_value":0.406,"nmkab":"KEPULAUAN MENTAWAI","nmprov":"SUMATERA BARAT","label":"sebelum"},"geometry":{"type":"Polygon","coordinates":[[[99.24,-1.76],[99.32,-1.76],[99.32,-1.68],[99.24,-1.68],[99.24,-1.76]]]}},{"type":"Feature","id":1291,"properties":{"ntl_value":0.444,"nmkab":"KEPULAUAN MENTAWAI","nmprov":"SUMATERA BARAT","label":"sebelum"},"geometry":{"type":"Polygon","coordinates":[[[99.24,-1.68],[99.32,-1.68],[99.32,-1.6],[99.24,-1.6],[99.24,-1.68]]]}},{"type":"Feature","id":1292,"properties":{"ntl_value":0.51,"nmkab":"PASAMAN BARAT","nmprov":"SUMATERA BARAT","label":"sebelum"},"geometry":{"type":"Polygon","coordinates":[[[99.24,0.24],[99.32,0.24],[99.32,0.32],[99.24,0.32],[99.24,0.24]]]}},{"type":"Feature","id":1293,"properties":{"ntl_value":0.397,"nmkab":"MANDAILING NATAL","nmprov":"SUMATERA UTARA","label":"sebelum"},"geometry":{"type":"Polygon","coordinates":[[[99.24,0.32],[99.32,0.32],[99.32,0.4],[99.24,0.4],[99.24,0.32]]]}},{"type":"Feature","id":1294,"properties":{"ntl_value":0.5,"nmkab":"MANDAILING NATAL","nmprov":"SUMATERA UTARA","label":"sebelum"},"geometry":{"type":"Polygon","coordinates":[[[99.24,0.4],[99.32,0.4],[99.32,0.48],[99.24,0.48],[99.24,0.4]]]}},{"type":"Feature","id":1295,"properties":{"ntl_value":0.473,"nmkab":"MANDAILING NATAL","nmprov":"SUMATERA UTARA","label":"sebelum"},"geometry":{"type":"Polygon","coordinates":[[[99.24,0.48],[99.32,0.48],[99.32,0.56],[99.24,0.56],[99.24,0.48]]]}},{"type":"Feature","id":1296,"properties":{"ntl_value":0.453,"nmkab":"MANDAILING NATAL","nmprov":"SUMATERA UTARA","label":"sebelum"},"geometry":{"type":"Polygon","coordinates":[[[99.24,0.56],[99.32,0.56],[99.32,0.64],[99.24,0.64],[99.24,0.56]]]}},{"type":"Feature","id":1297,"properties":{"ntl_value":0.422,"nmkab":"MANDAILING NATAL","nmprov":"SUMATERA UTARA","label":"sebelum"},"geometry":{"type":"Polygon","coordinates":[[[99.24,0.64],[99.32,0.64],[99.32,0.72],[99.24,0.72],[99.24,0.64]]]}},{"type":"Feature","id":1298,"properties":{"ntl_value":0.513,"nmkab":"MANDAILING NATAL","nmprov":"SUMATERA UTARA","label":"sebelum"},"geometry":{"type":"Polygon","coordinates":[[[99.24,0.72],[99.32,0.72],[99.32,0.8],[99.24,0.8],[99.24,0.72]]]}},{"type":"Feature","id":1299,"properties":{"ntl_value":0.405,"nmkab":"MANDAILING NATAL","nmprov":"SUMATERA UTARA","label":"sebelum"},"geometry":{"type":"Polygon","coordinates":[[[99.24,0.8],[99.32,0.8],[99.32,0.88],[99.24,0.88],[99.24,0.8]]]}},{"type":"Feature","id":1300,"properties":{"ntl_value":0.374,"nmkab":"MANDAILING NATAL","nmprov":"SUMATERA UTARA","label":"sebelum"},"geometry":{"type":"Polygon","coordinates":[[[99.24,0.88],[99.32,0.88],[99.32,0.96],[99.24,0.96],[99.24,0.88]]]}},{"type":"Feature","id":1301,"properties":{"ntl_value":0.394,"nmkab":"MANDAILING NATAL","nmprov":"SUMATERA UTARA","label":"sebelum"},"geometry":{"type":"Polygon","coordinates":[[[99.24,0.96],[99.32,0.96],[99.32,1.04],[99.24,1.04],[99.24,0.96]]]}},{"type":"Feature","id":1302,"properties":{"ntl_value":0.438,"nmkab":"MANDAILING NATAL","nmprov":"SUMATERA UTARA","label":"sebelum"},"geometry":{"type":"Polygon","coordinates":[[[99.24,1.04],[99.32,1.04],[99.32,1.12],[99.24,1.12],[99.24,1.04]]]}},{"type":"Feature","id":1303,"properties":{"ntl_value":0.466,"nmkab":"TAPANULI SELATAN","nmprov":"SUMATERA UTARA","label":"sebelum"},"geometry":{"type":"Polygon","coordinates":[[[99.24,1.12],[99.32,1.12],[99.32,1.2],[99.24,1.2],[99.24,1.12]]]}},{"type":"Feature","id":1304,"properties":{"ntl_value":0.465,"nmkab":"TAPANULI SELATAN","nmprov":"SUMATERA UTARA","label":"sebelum"},"geometry":{"type":"Polygon","coordinates":[[[99.24,1.2],[99.32,1.2],[99.32,1.28],[99.24,1.28],[99.24,1.2]]]}},{"type":"Feature","id":1305,"properties":{"ntl_value":0.392,"nmkab":"TAPANULI SELATAN","nmprov":"SUMATERA UTARA","label":"sebelum"},"geometry":{"type":"Polygon","coordinates":[[[99.24,1.28],[99.32,1.28],[99.32,1.36],[99.24,1.36],[99.24,1.28]]]}},{"type":"Feature","id":1306,"properties":{"ntl_value":0.654,"nmkab":"PADANGSIDIMPUAN","nmprov":"SUMATERA UTARA","label":"sebelum"},"geometry":{"type":"Polygon","coordinates":[[[99.24,1.36],[99.32,1.36],[99.32,1.44],[99.24,1.44],[99.24,1.36]]]}},{"type":"Feature","id":1307,"properties":{"ntl_value":0.475,"nmkab":"TAPANULI SELATAN","nmprov":"SUMATERA UTARA","label":"sebelum"},"geometry":{"type":"Polygon","coordinates":[[[99.24,1.44],[99.32,1.44],[99.32,1.52],[99.24,1.52],[99.24,1.44]]]}},{"type":"Feature","id":1308,"properties":{"ntl_value":0.402,"nmkab":"TAPANULI SELATAN","nmprov":"SUMATERA UTARA","label":"sebelum"},"geometry":{"type":"Polygon","coordinates":[[[99.24,1.52],[99.32,1.52],[99.32,1.6],[99.24,1.6],[99.24,1.52]]]}},{"type":"Feature","id":1309,"properties":{"ntl_value":0.395,"nmkab":"TAPANULI SELATAN","nmprov":"SUMATERA UTARA","label":"sebelum"},"geometry":{"type":"Polygon","coordinates":[[[99.24,1.6],[99.32,1.6],[99.32,1.68],[99.24,1.68],[99.24,1.6]]]}},{"type":"Feature","id":1310,"properties":{"ntl_value":0.409,"nmkab":"TAPANULI SELATAN","nmprov":"SUMATERA UTARA","label":"sebelum"},"geometry":{"type":"Polygon","coordinates":[[[99.24,1.68],[99.32,1.68],[99.32,1.76],[99.24,1.76],[99.24,1.68]]]}},{"type":"Feature","id":1311,"properties":{"ntl_value":0.396,"nmkab":"TAPANULI SELATAN","nmprov":"SUMATERA UTARA","label":"sebelum"},"geometry":{"type":"Polygon","coordinates":[[[99.24,1.76],[99.32,1.76],[99.32,1.84],[99.24,1.84],[99.24,1.76]]]}},{"type":"Feature","id":1312,"properties":{"ntl_value":0.541,"nmkab":"TAPANULI UTARA","nmprov":"SUMATERA UTARA","label":"sebelum"},"geometry":{"type":"Polygon","coordinates":[[[99.24,1.84],[99.32,1.84],[99.32,1.92],[99.24,1.92],[99.24,1.84]]]}},{"type":"Feature","id":1313,"properties":{"ntl_value":0.475,"nmkab":"TAPANULI UTARA","nmprov":"SUMATERA UTARA","label":"sebelum"},"geometry":{"type":"Polygon","coordinates":[[[99.24,1.92],[99.32,1.92],[99.32,2],[99.24,2],[99.24,1.92]]]}},{"type":"Feature","id":1314,"properties":{"ntl_value":0.527,"nmkab":"TAPANULI UTARA","nmprov":"SUMATERA UTARA","label":"sebelum"},"geometry":{"type":"Polygon","coordinates":[[[99.24,2],[99.32,2],[99.32,2.08],[99.24,2.08],[99.24,2]]]}},{"type":"Feature","id":1315,"properties":{"ntl_value":0.501,"nmkab":"TOBA SAMOSIR","nmprov":"SUMATERA UTARA","label":"sebelum"},"geometry":{"type":"Polygon","coordinates":[[[99.24,2.08],[99.32,2.08],[99.32,2.16],[99.24,2.16],[99.24,2.08]]]}},{"type":"Feature","id":1316,"properties":{"ntl_value":0.472,"nmkab":"TOBA SAMOSIR","nmprov":"SUMATERA UTARA","label":"sebelum"},"geometry":{"type":"Polygon","coordinates":[[[99.24,2.16],[99.32,2.16],[99.32,2.24],[99.24,2.24],[99.24,2.16]]]}},{"type":"Feature","id":1317,"properties":{"ntl_value":0.538,"nmkab":"TOBA SAMOSIR","nmprov":"SUMATERA UTARA","label":"sebelum"},"geometry":{"type":"Polygon","coordinates":[[[99.24,2.24],[99.32,2.24],[99.32,2.32],[99.24,2.32],[99.24,2.24]]]}},{"type":"Feature","id":1318,"properties":{"ntl_value":0.489,"nmkab":"TOBA SAMOSIR","nmprov":"SUMATERA UTARA","label":"sebelum"},"geometry":{"type":"Polygon","coordinates":[[[99.24,2.32],[99.32,2.32],[99.32,2.4],[99.24,2.4],[99.24,2.32]]]}},{"type":"Feature","id":1319,"properties":{"ntl_value":0.561,"nmkab":"TOBA SAMOSIR","nmprov":"SUMATERA UTARA","label":"sebelum"},"geometry":{"type":"Polygon","coordinates":[[[99.24,2.4],[99.32,2.4],[99.32,2.48],[99.24,2.48],[99.24,2.4]]]}},{"type":"Feature","id":1320,"properties":{"ntl_value":0.54,"nmkab":"TOBA SAMOSIR","nmprov":"SUMATERA UTARA","label":"sebelum"},"geometry":{"type":"Polygon","coordinates":[[[99.24,2.48],[99.32,2.48],[99.32,2.56],[99.24,2.56],[99.24,2.48]]]}},{"type":"Feature","id":1321,"properties":{"ntl_value":0.526,"nmkab":"ASAHAN","nmprov":"SUMATERA UTARA","label":"sebelum"},"geometry":{"type":"Polygon","coordinates":[[[99.24,2.56],[99.32,2.56],[99.32,2.64],[99.24,2.64],[99.24,2.56]]]}},{"type":"Feature","id":1322,"properties":{"ntl_value":0.566,"nmkab":"ASAHAN","nmprov":"SUMATERA UTARA","label":"sebelum"},"geometry":{"type":"Polygon","coordinates":[[[99.24,2.64],[99.32,2.64],[99.32,2.72],[99.24,2.72],[99.24,2.64]]]}},{"type":"Feature","id":1323,"properties":{"ntl_value":0.608,"nmkab":"ASAHAN","nmprov":"SUMATERA UTARA","label":"sebelum"},"geometry":{"type":"Polygon","coordinates":[[[99.24,2.72],[99.32,2.72],[99.32,2.8],[99.24,2.8],[99.24,2.72]]]}},{"type":"Feature","id":1324,"properties":{"ntl_value":0.579,"nmkab":"ASAHAN","nmprov":"SUMATERA UTARA","label":"sebelum"},"geometry":{"type":"Polygon","coordinates":[[[99.24,2.8],[99.32,2.8],[99.32,2.88],[99.24,2.88],[99.24,2.8]]]}},{"type":"Feature","id":1325,"properties":{"ntl_value":0.552,"nmkab":"SIMALUNGUN","nmprov":"SUMATERA UTARA","label":"sebelum"},"geometry":{"type":"Polygon","coordinates":[[[99.24,2.88],[99.32,2.88],[99.32,2.96],[99.24,2.96],[99.24,2.88]]]}},{"type":"Feature","id":1326,"properties":{"ntl_value":0.462,"nmkab":"SIMALUNGUN","nmprov":"SUMATERA UTARA","label":"sebelum"},"geometry":{"type":"Polygon","coordinates":[[[99.24,2.96],[99.32,2.96],[99.32,3.04],[99.24,3.04],[99.24,2.96]]]}},{"type":"Feature","id":1327,"properties":{"ntl_value":0.527,"nmkab":"SIMALUNGUN","nmprov":"SUMATERA UTARA","label":"sebelum"},"geometry":{"type":"Polygon","coordinates":[[[99.24,3.04],[99.32,3.04],[99.32,3.12],[99.24,3.12],[99.24,3.04]]]}},{"type":"Feature","id":1328,"properties":{"ntl_value":0.52,"nmkab":"SIMALUNGUN","nmprov":"SUMATERA UTARA","label":"sebelum"},"geometry":{"type":"Polygon","coordinates":[[[99.24,3.12],[99.32,3.12],[99.32,3.2],[99.24,3.2],[99.24,3.12]]]}},{"type":"Feature","id":1329,"properties":{"ntl_value":0.511,"nmkab":"SIMALUNGUN","nmprov":"SUMATERA UTARA","label":"sebelum"},"geometry":{"type":"Polygon","coordinates":[[[99.24,3.2],[99.32,3.2],[99.32,3.28],[99.24,3.28],[99.24,3.2]]]}},{"type":"Feature","id":1330,"properties":{"ntl_value":0.651,"nmkab":"BATU BARA","nmprov":"SUMATERA UTARA","label":"sebelum"},"geometry":{"type":"Polygon","coordinates":[[[99.24,3.28],[99.32,3.28],[99.32,3.36],[99.24,3.36],[99.24,3.28]]]}},{"type":"Feature","id":1331,"properties":{"ntl_value":0.513,"nmkab":"SERDANG BEDAGAI","nmprov":"SUMATERA UTARA","label":"sebelum"},"geometry":{"type":"Polygon","coordinates":[[[99.24,3.36],[99.32,3.36],[99.32,3.44],[99.24,3.44],[99.24,3.36]]]}},{"type":"Feature","id":1332,"properties":{"ntl_value":0.44,"nmkab":"PASAMAN BARAT","nmprov":"SUMATERA BARAT","label":"sebelum"},"geometry":{"type":"Polygon","coordinates":[[[99.32,0.24],[99.4,0.24],[99.4,0.32],[99.32,0.32],[99.32,0.24]]]}},{"type":"Feature","id":1333,"properties":{"ntl_value":0.405,"nmkab":"PASAMAN BARAT","nmprov":"SUMATERA BARAT","label":"sebelum"},"geometry":{"type":"Polygon","coordinates":[[[99.32,0.32],[99.4,0.32],[99.4,0.4],[99.32,0.4],[99.32,0.32]]]}},{"type":"Feature","id":1334,"properties":{"ntl_value":0.443,"nmkab":"MANDAILING NATAL","nmprov":"SUMATERA UTARA","label":"sebelum"},"geometry":{"type":"Polygon","coordinates":[[[99.32,0.4],[99.4,0.4],[99.4,0.48],[99.32,0.48],[99.32,0.4]]]}},{"type":"Feature","id":1335,"properties":{"ntl_value":0.399,"nmkab":"MANDAILING NATAL","nmprov":"SUMATERA UTARA","label":"sebelum"},"geometry":{"type":"Polygon","coordinates":[[[99.32,0.48],[99.4,0.48],[99.4,0.56],[99.32,0.56],[99.32,0.48]]]}},{"type":"Feature","id":1336,"properties":{"ntl_value":0.465,"nmkab":"MANDAILING NATAL","nmprov":"SUMATERA UTARA","label":"sebelum"},"geometry":{"type":"Polygon","coordinates":[[[99.32,0.56],[99.4,0.56],[99.4,0.64],[99.32,0.64],[99.32,0.56]]]}},{"type":"Feature","id":1337,"properties":{"ntl_value":0.415,"nmkab":"MANDAILING NATAL","nmprov":"SUMATERA UTARA","label":"sebelum"},"geometry":{"type":"Polygon","coordinates":[[[99.32,0.64],[99.4,0.64],[99.4,0.72],[99.32,0.72],[99.32,0.64]]]}},{"type":"Feature","id":1338,"properties":{"ntl_value":0.471,"nmkab":"MANDAILING NATAL","nmprov":"SUMATERA UTARA","label":"sebelum"},"geometry":{"type":"Polygon","coordinates":[[[99.32,0.72],[99.4,0.72],[99.4,0.8],[99.32,0.8],[99.32,0.72]]]}},{"type":"Feature","id":1339,"properties":{"ntl_value":0.405,"nmkab":"MANDAILING NATAL","nmprov":"SUMATERA UTARA","label":"sebelum"},"geometry":{"type":"Polygon","coordinates":[[[99.32,0.8],[99.4,0.8],[99.4,0.88],[99.32,0.88],[99.32,0.8]]]}},{"type":"Feature","id":1340,"properties":{"ntl_value":0.437,"nmkab":"MANDAILING NATAL","nmprov":"SUMATERA UTARA","label":"sebelum"},"geometry":{"type":"Polygon","coordinates":[[[99.32,0.88],[99.4,0.88],[99.4,0.96],[99.32,0.96],[99.32,0.88]]]}},{"type":"Feature","id":1341,"properties":{"ntl_value":0.483,"nmkab":"MANDAILING NATAL","nmprov":"SUMATERA UTARA","label":"sebelum"},"geometry":{"type":"Polygon","coordinates":[[[99.32,0.96],[99.4,0.96],[99.4,1.04],[99.32,1.04],[99.32,0.96]]]}},{"type":"Feature","id":1342,"properties":{"ntl_value":0.449,"nmkab":"TAPANULI SELATAN","nmprov":"SUMATERA UTARA","label":"sebelum"},"geometry":{"type":"Polygon","coordinates":[[[99.32,1.04],[99.4,1.04],[99.4,1.12],[99.32,1.12],[99.32,1.04]]]}},{"type":"Feature","id":1343,"properties":{"ntl_value":0.422,"nmkab":"TAPANULI SELATAN","nmprov":"SUMATERA UTARA","label":"sebelum"},"geometry":{"type":"Polygon","coordinates":[[[99.32,1.12],[99.4,1.12],[99.4,1.2],[99.32,1.2],[99.32,1.12]]]}},{"type":"Feature","id":1344,"properties":{"ntl_value":0.452,"nmkab":"TAPANULI SELATAN","nmprov":"SUMATERA UTARA","label":"sebelum"},"geometry":{"type":"Polygon","coordinates":[[[99.32,1.2],[99.4,1.2],[99.4,1.28],[99.32,1.28],[99.32,1.2]]]}},{"type":"Feature","id":1345,"properties":{"ntl_value":0.45,"nmkab":"TAPANULI SELATAN","nmprov":"SUMATERA UTARA","label":"sebelum"},"geometry":{"type":"Polygon","coordinates":[[[99.32,1.28],[99.4,1.28],[99.4,1.36],[99.32,1.36],[99.32,1.28]]]}},{"type":"Feature","id":1346,"properties":{"ntl_value":0.476,"nmkab":"TAPANULI SELATAN","nmprov":"SUMATERA UTARA","label":"sebelum"},"geometry":{"type":"Polygon","coordinates":[[[99.32,1.36],[99.4,1.36],[99.4,1.44],[99.32,1.44],[99.32,1.36]]]}},{"type":"Feature","id":1347,"properties":{"ntl_value":0.435,"nmkab":"TAPANULI SELATAN","nmprov":"SUMATERA UTARA","label":"sebelum"},"geometry":{"type":"Polygon","coordinates":[[[99.32,1.44],[99.4,1.44],[99.4,1.52],[99.32,1.52],[99.32,1.44]]]}},{"type":"Feature","id":1348,"properties":{"ntl_value":0.383,"nmkab":"TAPANULI SELATAN","nmprov":"SUMATERA UTARA","label":"sebelum"},"geometry":{"type":"Polygon","coordinates":[[[99.32,1.52],[99.4,1.52],[99.4,1.6],[99.32,1.6],[99.32,1.52]]]}},{"type":"Feature","id":1349,"properties":{"ntl_value":0.373,"nmkab":"TAPANULI SELATAN","nmprov":"SUMATERA UTARA","label":"sebelum"},"geometry":{"type":"Polygon","coordinates":[[[99.32,1.6],[99.4,1.6],[99.4,1.68],[99.32,1.68],[99.32,1.6]]]}},{"type":"Feature","id":1350,"properties":{"ntl_value":0.455,"nmkab":"TAPANULI SELATAN","nmprov":"SUMATERA UTARA","label":"sebelum"},"geometry":{"type":"Polygon","coordinates":[[[99.32,1.68],[99.4,1.68],[99.4,1.76],[99.32,1.76],[99.32,1.68]]]}},{"type":"Feature","id":1351,"properties":{"ntl_value":0.379,"nmkab":"TAPANULI SELATAN","nmprov":"SUMATERA UTARA","label":"sebelum"},"geometry":{"type":"Polygon","coordinates":[[[99.32,1.76],[99.4,1.76],[99.4,1.84],[99.32,1.84],[99.32,1.76]]]}},{"type":"Feature","id":1352,"properties":{"ntl_value":0.491,"nmkab":"TAPANULI SELATAN","nmprov":"SUMATERA UTARA","label":"sebelum"},"geometry":{"type":"Polygon","coordinates":[[[99.32,1.84],[99.4,1.84],[99.4,1.92],[99.32,1.92],[99.32,1.84]]]}},{"type":"Feature","id":1353,"properties":{"ntl_value":0.469,"nmkab":"TAPANULI UTARA","nmprov":"SUMATERA UTARA","label":"sebelum"},"geometry":{"type":"Polygon","coordinates":[[[99.32,1.92],[99.4,1.92],[99.4,2],[99.32,2],[99.32,1.92]]]}},{"type":"Feature","id":1354,"properties":{"ntl_value":0.488,"nmkab":"TAPANULI UTARA","nmprov":"SUMATERA UTARA","label":"sebelum"},"geometry":{"type":"Polygon","coordinates":[[[99.32,2],[99.4,2],[99.4,2.08],[99.32,2.08],[99.32,2]]]}},{"type":"Feature","id":1355,"properties":{"ntl_value":0.524,"nmkab":"TAPANULI UTARA","nmprov":"SUMATERA UTARA","label":"sebelum"},"geometry":{"type":"Polygon","coordinates":[[[99.32,2.08],[99.4,2.08],[99.4,2.16],[99.32,2.16],[99.32,2.08]]]}},{"type":"Feature","id":1356,"properties":{"ntl_value":0.473,"nmkab":"TOBA SAMOSIR","nmprov":"SUMATERA UTARA","label":"sebelum"},"geometry":{"type":"Polygon","coordinates":[[[99.32,2.16],[99.4,2.16],[99.4,2.24],[99.32,2.24],[99.32,2.16]]]}},{"type":"Feature","id":1357,"properties":{"ntl_value":0.502,"nmkab":"TOBA SAMOSIR","nmprov":"SUMATERA UTARA","label":"sebelum"},"geometry":{"type":"Polygon","coordinates":[[[99.32,2.24],[99.4,2.24],[99.4,2.32],[99.32,2.32],[99.32,2.24]]]}},{"type":"Feature","id":1358,"properties":{"ntl_value":0.505,"nmkab":"TOBA SAMOSIR","nmprov":"SUMATERA UTARA","label":"sebelum"},"geometry":{"type":"Polygon","coordinates":[[[99.32,2.32],[99.4,2.32],[99.4,2.4],[99.32,2.4],[99.32,2.32]]]}},{"type":"Feature","id":1359,"properties":{"ntl_value":0.514,"nmkab":"TOBA SAMOSIR","nmprov":"SUMATERA UTARA","label":"sebelum"},"geometry":{"type":"Polygon","coordinates":[[[99.32,2.4],[99.4,2.4],[99.4,2.48],[99.32,2.48],[99.32,2.4]]]}},{"type":"Feature","id":1360,"properties":{"ntl_value":0.556,"nmkab":"TOBA SAMOSIR","nmprov":"SUMATERA UTARA","label":"sebelum"},"geometry":{"type":"Polygon","coordinates":[[[99.32,2.48],[99.4,2.48],[99.4,2.56],[99.32,2.56],[99.32,2.48]]]}},{"type":"Feature","id":1361,"properties":{"ntl_value":0.527,"nmkab":"ASAHAN","nmprov":"SUMATERA UTARA","label":"sebelum"},"geometry":{"type":"Polygon","coordinates":[[[99.32,2.56],[99.4,2.56],[99.4,2.64],[99.32,2.64],[99.32,2.56]]]}},{"type":"Feature","id":1362,"properties":{"ntl_value":0.568,"nmkab":"ASAHAN","nmprov":"SUMATERA UTARA","label":"sebelum"},"geometry":{"type":"Polygon","coordinates":[[[99.32,2.64],[99.4,2.64],[99.4,2.72],[99.32,2.72],[99.32,2.64]]]}},{"type":"Feature","id":1363,"properties":{"ntl_value":0.567,"nmkab":"ASAHAN","nmprov":"SUMATERA UTARA","label":"sebelum"},"geometry":{"type":"Polygon","coordinates":[[[99.32,2.72],[99.4,2.72],[99.4,2.8],[99.32,2.8],[99.32,2.72]]]}},{"type":"Feature","id":1364,"properties":{"ntl_value":0.545,"nmkab":"ASAHAN","nmprov":"SUMATERA UTARA","label":"sebelum"},"geometry":{"type":"Polygon","coordinates":[[[99.32,2.8],[99.4,2.8],[99.4,2.88],[99.32,2.88],[99.32,2.8]]]}},{"type":"Feature","id":1365,"properties":{"ntl_value":0.514,"nmkab":"SIMALUNGUN","nmprov":"SUMATERA UTARA","label":"sebelum"},"geometry":{"type":"Polygon","coordinates":[[[99.32,2.88],[99.4,2.88],[99.4,2.96],[99.32,2.96],[99.32,2.88]]]}},{"type":"Feature","id":1366,"properties":{"ntl_value":0.499,"nmkab":"SIMALUNGUN","nmprov":"SUMATERA UTARA","label":"sebelum"},"geometry":{"type":"Polygon","coordinates":[[[99.32,2.96],[99.4,2.96],[99.4,3.04],[99.32,3.04],[99.32,2.96]]]}},{"type":"Feature","id":1367,"properties":{"ntl_value":0.51,"nmkab":"SIMALUNGUN","nmprov":"SUMATERA UTARA","label":"sebelum"},"geometry":{"type":"Polygon","coordinates":[[[99.32,3.04],[99.4,3.04],[99.4,3.12],[99.32,3.12],[99.32,3.04]]]}},{"type":"Feature","id":1368,"properties":{"ntl_value":0.556,"nmkab":"SIMALUNGUN","nmprov":"SUMATERA UTARA","label":"sebelum"},"geometry":{"type":"Polygon","coordinates":[[[99.32,3.12],[99.4,3.12],[99.4,3.2],[99.32,3.2],[99.32,3.12]]]}},{"type":"Feature","id":1369,"properties":{"ntl_value":0.576,"nmkab":"BATU BARA","nmprov":"SUMATERA UTARA","label":"sebelum"},"geometry":{"type":"Polygon","coordinates":[[[99.32,3.2],[99.4,3.2],[99.4,3.28],[99.32,3.28],[99.32,3.2]]]}},{"type":"Feature","id":1370,"properties":{"ntl_value":0.566,"nmkab":"BATU BARA","nmprov":"SUMATERA UTARA","label":"sebelum"},"geometry":{"type":"Polygon","coordinates":[[[99.32,3.28],[99.4,3.28],[99.4,3.36],[99.32,3.36],[99.32,3.28]]]}},{"type":"Feature","id":1371,"properties":{"ntl_value":0.608,"nmkab":"BATU BARA","nmprov":"SUMATERA UTARA","label":"sebelum"},"geometry":{"type":"Polygon","coordinates":[[[99.32,3.36],[99.4,3.36],[99.4,3.44],[99.32,3.44],[99.32,3.36]]]}},{"type":"Feature","id":1372,"properties":{"ntl_value":0.447,"nmkab":"PASAMAN BARAT","nmprov":"SUMATERA BARAT","label":"sebelum"},"geometry":{"type":"Polygon","coordinates":[[[99.4,0.16],[99.48,0.16],[99.48,0.24],[99.4,0.24],[99.4,0.16]]]}},{"type":"Feature","id":1373,"properties":{"ntl_value":0.464,"nmkab":"PASAMAN BARAT","nmprov":"SUMATERA BARAT","label":"sebelum"},"geometry":{"type":"Polygon","coordinates":[[[99.4,0.24],[99.48,0.24],[99.48,0.32],[99.4,0.32],[99.4,0.24]]]}},{"type":"Feature","id":1374,"properties":{"ntl_value":0.501,"nmkab":"PASAMAN BARAT","nmprov":"SUMATERA BARAT","label":"sebelum"},"geometry":{"type":"Polygon","coordinates":[[[99.4,0.32],[99.48,0.32],[99.48,0.4],[99.4,0.4],[99.4,0.32]]]}},{"type":"Feature","id":1375,"properties":{"ntl_value":0.495,"nmkab":"PASAMAN BARAT","nmprov":"SUMATERA BARAT","label":"sebelum"},"geometry":{"type":"Polygon","coordinates":[[[99.4,0.4],[99.48,0.4],[99.48,0.48],[99.4,0.48],[99.4,0.4]]]}},{"type":"Feature","id":1376,"properties":{"ntl_value":0.502,"nmkab":"MANDAILING NATAL","nmprov":"SUMATERA UTARA","label":"sebelum"},"geometry":{"type":"Polygon","coordinates":[[[99.4,0.48],[99.48,0.48],[99.48,0.56],[99.4,0.56],[99.4,0.48]]]}},{"type":"Feature","id":1377,"properties":{"ntl_value":0.382,"nmkab":"MANDAILING NATAL","nmprov":"SUMATERA UTARA","label":"sebelum"},"geometry":{"type":"Polygon","coordinates":[[[99.4,0.56],[99.48,0.56],[99.48,0.64],[99.4,0.64],[99.4,0.56]]]}},{"type":"Feature","id":1378,"properties":{"ntl_value":0.491,"nmkab":"MANDAILING NATAL","nmprov":"SUMATERA UTARA","label":"sebelum"},"geometry":{"type":"Polygon","coordinates":[[[99.4,0.64],[99.48,0.64],[99.48,0.72],[99.4,0.72],[99.4,0.64]]]}},{"type":"Feature","id":1379,"properties":{"ntl_value":0.473,"nmkab":"MANDAILING NATAL","nmprov":"SUMATERA UTARA","label":"sebelum"},"geometry":{"type":"Polygon","coordinates":[[[99.4,0.72],[99.48,0.72],[99.48,0.8],[99.4,0.8],[99.4,0.72]]]}},{"type":"Feature","id":1380,"properties":{"ntl_value":0.419,"nmkab":"MANDAILING NATAL","nmprov":"SUMATERA UTARA","label":"sebelum"},"geometry":{"type":"Polygon","coordinates":[[[99.4,0.8],[99.48,0.8],[99.48,0.88],[99.4,0.88],[99.4,0.8]]]}},{"type":"Feature","id":1381,"properties":{"ntl_value":0.424,"nmkab":"MANDAILING NATAL","nmprov":"SUMATERA UTARA","label":"sebelum"},"geometry":{"type":"Polygon","coordinates":[[[99.4,0.88],[99.48,0.88],[99.48,0.96],[99.4,0.96],[99.4,0.88]]]}},{"type":"Feature","id":1382,"properties":{"ntl_value":0.422,"nmkab":"TAPANULI SELATAN","nmprov":"SUMATERA UTARA","label":"sebelum"},"geometry":{"type":"Polygon","coordinates":[[[99.4,0.96],[99.48,0.96],[99.48,1.04],[99.4,1.04],[99.4,0.96]]]}},{"type":"Feature","id":1383,"properties":{"ntl_value":0.388,"nmkab":"MANDAILING NATAL","nmprov":"SUMATERA UTARA","label":"sebelum"},"geometry":{"type":"Polygon","coordinates":[[[99.4,1.04],[99.48,1.04],[99.48,1.12],[99.4,1.12],[99.4,1.04]]]}},{"type":"Feature","id":1384,"properties":{"ntl_value":0.376,"nmkab":"TAPANULI SELATAN","nmprov":"SUMATERA UTARA","label":"sebelum"},"geometry":{"type":"Polygon","coordinates":[[[99.4,1.12],[99.48,1.12],[99.48,1.2],[99.4,1.2],[99.4,1.12]]]}},{"type":"Feature","id":1385,"properties":{"ntl_value":0.358,"nmkab":"PADANG LAWAS UTARA","nmprov":"SUMATERA UTARA","label":"sebelum"},"geometry":{"type":"Polygon","coordinates":[[[99.4,1.2],[99.48,1.2],[99.48,1.28],[99.4,1.28],[99.4,1.2]]]}},{"type":"Feature","id":1386,"properties":{"ntl_value":0.43,"nmkab":"PADANG LAWAS UTARA","nmprov":"SUMATERA UTARA","label":"sebelum"},"geometry":{"type":"Polygon","coordinates":[[[99.4,1.28],[99.48,1.28],[99.48,1.36],[99.4,1.36],[99.4,1.28]]]}},{"type":"Feature","id":1387,"properties":{"ntl_value":0.383,"nmkab":"PADANG LAWAS UTARA","nmprov":"SUMATERA UTARA","label":"sebelum"},"geometry":{"type":"Polygon","coordinates":[[[99.4,1.36],[99.48,1.36],[99.48,1.44],[99.4,1.44],[99.4,1.36]]]}},{"type":"Feature","id":1388,"properties":{"ntl_value":0.464,"nmkab":"PADANG LAWAS UTARA","nmprov":"SUMATERA UTARA","label":"sebelum"},"geometry":{"type":"Polygon","coordinates":[[[99.4,1.44],[99.48,1.44],[99.48,1.52],[99.4,1.52],[99.4,1.44]]]}},{"type":"Feature","id":1389,"properties":{"ntl_value":0.47,"nmkab":"PADANG LAWAS UTARA","nmprov":"SUMATERA UTARA","label":"sebelum"},"geometry":{"type":"Polygon","coordinates":[[[99.4,1.52],[99.48,1.52],[99.48,1.6],[99.4,1.6],[99.4,1.52]]]}},{"type":"Feature","id":1390,"properties":{"ntl_value":0.497,"nmkab":"PADANG LAWAS UTARA","nmprov":"SUMATERA UTARA","label":"sebelum"},"geometry":{"type":"Polygon","coordinates":[[[99.4,1.6],[99.48,1.6],[99.48,1.68],[99.4,1.68],[99.4,1.6]]]}},{"type":"Feature","id":1391,"properties":{"ntl_value":0.497,"nmkab":"TAPANULI SELATAN","nmprov":"SUMATERA UTARA","label":"sebelum"},"geometry":{"type":"Polygon","coordinates":[[[99.4,1.68],[99.48,1.68],[99.48,1.76],[99.4,1.76],[99.4,1.68]]]}},{"type":"Feature","id":1392,"properties":{"ntl_value":0.408,"nmkab":"TAPANULI SELATAN","nmprov":"SUMATERA UTARA","label":"sebelum"},"geometry":{"type":"Polygon","coordinates":[[[99.4,1.76],[99.48,1.76],[99.48,1.84],[99.4,1.84],[99.4,1.76]]]}},{"type":"Feature","id":1393,"properties":{"ntl_value":0.482,"nmkab":"TAPANULI SELATAN","nmprov":"SUMATERA UTARA","label":"sebelum"},"geometry":{"type":"Polygon","coordinates":[[[99.4,1.84],[99.48,1.84],[99.48,1.92],[99.4,1.92],[99.4,1.84]]]}},{"type":"Feature","id":1394,"properties":{"ntl_value":0.449,"nmkab":"TAPANULI UTARA","nmprov":"SUMATERA UTARA","label":"sebelum"},"geometry":{"type":"Polygon","coordinates":[[[99.4,1.92],[99.48,1.92],[99.48,2],[99.4,2],[99.4,1.92]]]}},{"type":"Feature","id":1395,"properties":{"ntl_value":0.539,"nmkab":"TAPANULI UTARA","nmprov":"SUMATERA UTARA","label":"sebelum"},"geometry":{"type":"Polygon","coordinates":[[[99.4,2],[99.48,2],[99.48,2.08],[99.4,2.08],[99.4,2]]]}},{"type":"Feature","id":1396,"properties":{"ntl_value":0.481,"nmkab":"TAPANULI UTARA","nmprov":"SUMATERA UTARA","label":"sebelum"},"geometry":{"type":"Polygon","coordinates":[[[99.4,2.08],[99.48,2.08],[99.48,2.16],[99.4,2.16],[99.4,2.08]]]}},{"type":"Feature","id":1397,"properties":{"ntl_value":0.478,"nmkab":"LABUHAN BATU UTARA","nmprov":"SUMATERA UTARA","label":"sebelum"},"geometry":{"type":"Polygon","coordinates":[[[99.4,2.16],[99.48,2.16],[99.48,2.24],[99.4,2.24],[99.4,2.16]]]}},{"type":"Feature","id":1398,"properties":{"ntl_value":0.469,"nmkab":"TOBA SAMOSIR","nmprov":"SUMATERA UTARA","label":"sebelum"},"geometry":{"type":"Polygon","coordinates":[[[99.4,2.24],[99.48,2.24],[99.48,2.32],[99.4,2.32],[99.4,2.24]]]}},{"type":"Feature","id":1399,"properties":{"ntl_value":0.546,"nmkab":"TOBA SAMOSIR","nmprov":"SUMATERA UTARA","label":"sebelum"},"geometry":{"type":"Polygon","coordinates":[[[99.4,2.32],[99.48,2.32],[99.48,2.4],[99.4,2.4],[99.4,2.32]]]}},{"type":"Feature","id":1400,"properties":{"ntl_value":0.559,"nmkab":"TOBA SAMOSIR","nmprov":"SUMATERA UTARA","label":"sebelum"},"geometry":{"type":"Polygon","coordinates":[[[99.4,2.4],[99.48,2.4],[99.48,2.48],[99.4,2.48],[99.4,2.4]]]}},{"type":"Feature","id":1401,"properties":{"ntl_value":0.453,"nmkab":"TOBA SAMOSIR","nmprov":"SUMATERA UTARA","label":"sebelum"},"geometry":{"type":"Polygon","coordinates":[[[99.4,2.48],[99.48,2.48],[99.48,2.56],[99.4,2.56],[99.4,2.48]]]}},{"type":"Feature","id":1402,"properties":{"ntl_value":0.487,"nmkab":"ASAHAN","nmprov":"SUMATERA UTARA","label":"sebelum"},"geometry":{"type":"Polygon","coordinates":[[[99.4,2.56],[99.48,2.56],[99.48,2.64],[99.4,2.64],[99.4,2.56]]]}},{"type":"Feature","id":1403,"properties":{"ntl_value":0.573,"nmkab":"ASAHAN","nmprov":"SUMATERA UTARA","label":"sebelum"},"geometry":{"type":"Polygon","coordinates":[[[99.4,2.64],[99.48,2.64],[99.48,2.72],[99.4,2.72],[99.4,2.64]]]}},{"type":"Feature","id":1404,"properties":{"ntl_value":0.519,"nmkab":"ASAHAN","nmprov":"SUMATERA UTARA","label":"sebelum"},"geometry":{"type":"Polygon","coordinates":[[[99.4,2.72],[99.48,2.72],[99.48,2.8],[99.4,2.8],[99.4,2.72]]]}},{"type":"Feature","id":1405,"properties":{"ntl_value":0.568,"nmkab":"ASAHAN","nmprov":"SUMATERA UTARA","label":"sebelum"},"geometry":{"type":"Polygon","coordinates":[[[99.4,2.8],[99.48,2.8],[99.48,2.88],[99.4,2.88],[99.4,2.8]]]}},{"type":"Feature","id":1406,"properties":{"ntl_value":0.51,"nmkab":"ASAHAN","nmprov":"SUMATERA UTARA","label":"sebelum"},"geometry":{"type":"Polygon","coordinates":[[[99.4,2.88],[99.48,2.88],[99.48,2.96],[99.4,2.96],[99.4,2.88]]]}},{"type":"Feature","id":1407,"properties":{"ntl_value":0.582,"nmkab":"SIMALUNGUN","nmprov":"SUMATERA UTARA","label":"sebelum"},"geometry":{"type":"Polygon","coordinates":[[[99.4,2.96],[99.48,2.96],[99.48,3.04],[99.4,3.04],[99.4,2.96]]]}},{"type":"Feature","id":1408,"properties":{"ntl_value":0.583,"nmkab":"SIMALUNGUN","nmprov":"SUMATERA UTARA","label":"sebelum"},"geometry":{"type":"Polygon","coordinates":[[[99.4,3.04],[99.48,3.04],[99.48,3.12],[99.4,3.12],[99.4,3.04]]]}},{"type":"Feature","id":1409,"properties":{"ntl_value":0.676,"nmkab":"BATU BARA","nmprov":"SUMATERA UTARA","label":"sebelum"},"geometry":{"type":"Polygon","coordinates":[[[99.4,3.12],[99.48,3.12],[99.48,3.2],[99.4,3.2],[99.4,3.12]]]}},{"type":"Feature","id":1410,"properties":{"ntl_value":0.639,"nmkab":"BATU BARA","nmprov":"SUMATERA UTARA","label":"sebelum"},"geometry":{"type":"Polygon","coordinates":[[[99.4,3.2],[99.48,3.2],[99.48,3.28],[99.4,3.28],[99.4,3.2]]]}},{"type":"Feature","id":1411,"properties":{"ntl_value":0.638,"nmkab":"BATU BARA","nmprov":"SUMATERA UTARA","label":"sebelum"},"geometry":{"type":"Polygon","coordinates":[[[99.4,3.28],[99.48,3.28],[99.48,3.36],[99.4,3.36],[99.4,3.28]]]}},{"type":"Feature","id":1412,"properties":{"ntl_value":0.508,"nmkab":"PASAMAN BARAT","nmprov":"SUMATERA BARAT","label":"sebelum"},"geometry":{"type":"Polygon","coordinates":[[[99.48,0.08],[99.56,0.08],[99.56,0.16],[99.48,0.16],[99.48,0.08]]]}},{"type":"Feature","id":1413,"properties":{"ntl_value":0.409,"nmkab":"PASAMAN BARAT","nmprov":"SUMATERA BARAT","label":"sebelum"},"geometry":{"type":"Polygon","coordinates":[[[99.48,0.16],[99.56,0.16],[99.56,0.24],[99.48,0.24],[99.48,0.16]]]}},{"type":"Feature","id":1414,"properties":{"ntl_value":0.418,"nmkab":"PASAMAN BARAT","nmprov":"SUMATERA BARAT","label":"sebelum"},"geometry":{"type":"Polygon","coordinates":[[[99.48,0.24],[99.56,0.24],[99.56,0.32],[99.48,0.32],[99.48,0.24]]]}},{"type":"Feature","id":1415,"properties":{"ntl_value":0.546,"nmkab":"PASAMAN BARAT","nmprov":"SUMATERA BARAT","label":"sebelum"},"geometry":{"type":"Polygon","coordinates":[[[99.48,0.32],[99.56,0.32],[99.56,0.4],[99.48,0.4],[99.48,0.32]]]}},{"type":"Feature","id":1416,"properties":{"ntl_value":0.503,"nmkab":"PASAMAN BARAT","nmprov":"SUMATERA BARAT","label":"sebelum"},"geometry":{"type":"Polygon","coordinates":[[[99.48,0.4],[99.56,0.4],[99.56,0.48],[99.48,0.48],[99.48,0.4]]]}},{"type":"Feature","id":1417,"properties":{"ntl_value":0.454,"nmkab":"PASAMAN BARAT","nmprov":"SUMATERA BARAT","label":"sebelum"},"geometry":{"type":"Polygon","coordinates":[[[99.48,0.48],[99.56,0.48],[99.56,0.56],[99.48,0.56],[99.48,0.48]]]}},{"type":"Feature","id":1418,"properties":{"ntl_value":0.38,"nmkab":"MANDAILING NATAL","nmprov":"SUMATERA UTARA","label":"sebelum"},"geometry":{"type":"Polygon","coordinates":[[[99.48,0.56],[99.56,0.56],[99.56,0.64],[99.48,0.64],[99.48,0.56]]]}},{"type":"Feature","id":1419,"properties":{"ntl_value":0.368,"nmkab":"MANDAILING NATAL","nmprov":"SUMATERA UTARA","label":"sebelum"},"geometry":{"type":"Polygon","coordinates":[[[99.48,0.64],[99.56,0.64],[99.56,0.72],[99.48,0.72],[99.48,0.64]]]}},{"type":"Feature","id":1420,"properties":{"ntl_value":0.405,"nmkab":"MANDAILING NATAL","nmprov":"SUMATERA UTARA","label":"sebelum"},"geometry":{"type":"Polygon","coordinates":[[[99.48,0.72],[99.56,0.72],[99.56,0.8],[99.48,0.8],[99.48,0.72]]]}},{"type":"Feature","id":1421,"properties":{"ntl_value":0.365,"nmkab":"MANDAILING NATAL","nmprov":"SUMATERA UTARA","label":"sebelum"},"geometry":{"type":"Polygon","coordinates":[[[99.48,0.8],[99.56,0.8],[99.56,0.88],[99.48,0.88],[99.48,0.8]]]}},{"type":"Feature","id":1422,"properties":{"ntl_value":0.422,"nmkab":"MANDAILING NATAL","nmprov":"SUMATERA UTARA","label":"sebelum"},"geometry":{"type":"Polygon","coordinates":[[[99.48,0.88],[99.56,0.88],[99.56,0.96],[99.48,0.96],[99.48,0.88]]]}},{"type":"Feature","id":1423,"properties":{"ntl_value":0.455,"nmkab":"MANDAILING NATAL","nmprov":"SUMATERA UTARA","label":"sebelum"},"geometry":{"type":"Polygon","coordinates":[[[99.48,0.96],[99.56,0.96],[99.56,1.04],[99.48,1.04],[99.48,0.96]]]}},{"type":"Feature","id":1424,"properties":{"ntl_value":0.494,"nmkab":"MANDAILING NATAL","nmprov":"SUMATERA UTARA","label":"sebelum"},"geometry":{"type":"Polygon","coordinates":[[[99.48,1.04],[99.56,1.04],[99.56,1.12],[99.48,1.12],[99.48,1.04]]]}},{"type":"Feature","id":1425,"properties":{"ntl_value":0.405,"nmkab":"PADANG LAWAS","nmprov":"SUMATERA UTARA","label":"sebelum"},"geometry":{"type":"Polygon","coordinates":[[[99.48,1.12],[99.56,1.12],[99.56,1.2],[99.48,1.2],[99.48,1.12]]]}},{"type":"Feature","id":1426,"properties":{"ntl_value":0.404,"nmkab":"PADANG LAWAS","nmprov":"SUMATERA UTARA","label":"sebelum"},"geometry":{"type":"Polygon","coordinates":[[[99.48,1.2],[99.56,1.2],[99.56,1.28],[99.48,1.28],[99.48,1.2]]]}},{"type":"Feature","id":1427,"properties":{"ntl_value":0.362,"nmkab":"PADANG LAWAS UTARA","nmprov":"SUMATERA UTARA","label":"sebelum"},"geometry":{"type":"Polygon","coordinates":[[[99.48,1.28],[99.56,1.28],[99.56,1.36],[99.48,1.36],[99.48,1.28]]]}},{"type":"Feature","id":1428,"properties":{"ntl_value":0.469,"nmkab":"PADANG LAWAS UTARA","nmprov":"SUMATERA UTARA","label":"sebelum"},"geometry":{"type":"Polygon","coordinates":[[[99.48,1.36],[99.56,1.36],[99.56,1.44],[99.48,1.44],[99.48,1.36]]]}},{"type":"Feature","id":1429,"properties":{"ntl_value":0.465,"nmkab":"PADANG LAWAS UTARA","nmprov":"SUMATERA UTARA","label":"sebelum"},"geometry":{"type":"Polygon","coordinates":[[[99.48,1.44],[99.56,1.44],[99.56,1.52],[99.48,1.52],[99.48,1.44]]]}},{"type":"Feature","id":1430,"properties":{"ntl_value":0.393,"nmkab":"PADANG LAWAS UTARA","nmprov":"SUMATERA UTARA","label":"sebelum"},"geometry":{"type":"Polygon","coordinates":[[[99.48,1.52],[99.56,1.52],[99.56,1.6],[99.48,1.6],[99.48,1.52]]]}},{"type":"Feature","id":1431,"properties":{"ntl_value":0.45,"nmkab":"PADANG LAWAS UTARA","nmprov":"SUMATERA UTARA","label":"sebelum"},"geometry":{"type":"Polygon","coordinates":[[[99.48,1.6],[99.56,1.6],[99.56,1.68],[99.48,1.68],[99.48,1.6]]]}},{"type":"Feature","id":1432,"properties":{"ntl_value":0.387,"nmkab":"TAPANULI SELATAN","nmprov":"SUMATERA UTARA","label":"sebelum"},"geometry":{"type":"Polygon","coordinates":[[[99.48,1.68],[99.56,1.68],[99.56,1.76],[99.48,1.76],[99.48,1.68]]]}},{"type":"Feature","id":1433,"properties":{"ntl_value":0.395,"nmkab":"TAPANULI SELATAN","nmprov":"SUMATERA UTARA","label":"sebelum"},"geometry":{"type":"Polygon","coordinates":[[[99.48,1.76],[99.56,1.76],[99.56,1.84],[99.48,1.84],[99.48,1.76]]]}},{"type":"Feature","id":1434,"properties":{"ntl_value":0.379,"nmkab":"TAPANULI SELATAN","nmprov":"SUMATERA UTARA","label":"sebelum"},"geometry":{"type":"Polygon","coordinates":[[[99.48,1.84],[99.56,1.84],[99.56,1.92],[99.48,1.92],[99.48,1.84]]]}},{"type":"Feature","id":1435,"properties":{"ntl_value":0.394,"nmkab":"TAPANULI SELATAN","nmprov":"SUMATERA UTARA","label":"sebelum"},"geometry":{"type":"Polygon","coordinates":[[[99.48,1.92],[99.56,1.92],[99.56,2],[99.48,2],[99.48,1.92]]]}},{"type":"Feature","id":1436,"properties":{"ntl_value":0.494,"nmkab":"TAPANULI SELATAN","nmprov":"SUMATERA UTARA","label":"sebelum"},"geometry":{"type":"Polygon","coordinates":[[[99.48,2],[99.56,2],[99.56,2.08],[99.48,2.08],[99.48,2]]]}},{"type":"Feature","id":1437,"properties":{"ntl_value":0.477,"nmkab":"LABUHAN BATU UTARA","nmprov":"SUMATERA UTARA","label":"sebelum"},"geometry":{"type":"Polygon","coordinates":[[[99.48,2.08],[99.56,2.08],[99.56,2.16],[99.48,2.16],[99.48,2.08]]]}},{"type":"Feature","id":1438,"properties":{"ntl_value":0.474,"nmkab":"LABUHAN BATU UTARA","nmprov":"SUMATERA UTARA","label":"sebelum"},"geometry":{"type":"Polygon","coordinates":[[[99.48,2.16],[99.56,2.16],[99.56,2.24],[99.48,2.24],[99.48,2.16]]]}},{"type":"Feature","id":1439,"properties":{"ntl_value":0.489,"nmkab":"TOBA SAMOSIR","nmprov":"SUMATERA UTARA","label":"sebelum"},"geometry":{"type":"Polygon","coordinates":[[[99.48,2.24],[99.56,2.24],[99.56,2.32],[99.48,2.32],[99.48,2.24]]]}},{"type":"Feature","id":1440,"properties":{"ntl_value":0.423,"nmkab":"LABUHAN BATU UTARA","nmprov":"SUMATERA UTARA","label":"sebelum"},"geometry":{"type":"Polygon","coordinates":[[[99.48,2.32],[99.56,2.32],[99.56,2.4],[99.48,2.4],[99.48,2.32]]]}},{"type":"Feature","id":1441,"properties":{"ntl_value":0.558,"nmkab":"TOBA SAMOSIR","nmprov":"SUMATERA UTARA","label":"sebelum"},"geometry":{"type":"Polygon","coordinates":[[[99.48,2.4],[99.56,2.4],[99.56,2.48],[99.48,2.48],[99.48,2.4]]]}},{"type":"Feature","id":1442,"properties":{"ntl_value":0.442,"nmkab":"LABUHAN BATU UTARA","nmprov":"SUMATERA UTARA","label":"sebelum"},"geometry":{"type":"Polygon","coordinates":[[[99.48,2.48],[99.56,2.48],[99.56,2.56],[99.48,2.56],[99.48,2.48]]]}},{"type":"Feature","id":1443,"properties":{"ntl_value":0.529,"nmkab":"ASAHAN","nmprov":"SUMATERA UTARA","label":"sebelum"},"geometry":{"type":"Polygon","coordinates":[[[99.48,2.56],[99.56,2.56],[99.56,2.64],[99.48,2.64],[99.48,2.56]]]}},{"type":"Feature","id":1444,"properties":{"ntl_value":0.542,"nmkab":"ASAHAN","nmprov":"SUMATERA UTARA","label":"sebelum"},"geometry":{"type":"Polygon","coordinates":[[[99.48,2.64],[99.56,2.64],[99.56,2.72],[99.48,2.72],[99.48,2.64]]]}},{"type":"Feature","id":1445,"properties":{"ntl_value":0.474,"nmkab":"ASAHAN","nmprov":"SUMATERA UTARA","label":"sebelum"},"geometry":{"type":"Polygon","coordinates":[[[99.48,2.72],[99.56,2.72],[99.56,2.8],[99.48,2.8],[99.48,2.72]]]}},{"type":"Feature","id":1446,"properties":{"ntl_value":0.548,"nmkab":"ASAHAN","nmprov":"SUMATERA UTARA","label":"sebelum"},"geometry":{"type":"Polygon","coordinates":[[[99.48,2.8],[99.56,2.8],[99.56,2.88],[99.48,2.88],[99.48,2.8]]]}},{"type":"Feature","id":1447,"properties":{"ntl_value":0.539,"nmkab":"ASAHAN","nmprov":"SUMATERA UTARA","label":"sebelum"},"geometry":{"type":"Polygon","coordinates":[[[99.48,2.88],[99.56,2.88],[99.56,2.96],[99.48,2.96],[99.48,2.88]]]}},{"type":"Feature","id":1448,"properties":{"ntl_value":0.522,"nmkab":"ASAHAN","nmprov":"SUMATERA UTARA","label":"sebelum"},"geometry":{"type":"Polygon","coordinates":[[[99.48,2.96],[99.56,2.96],[99.56,3.04],[99.48,3.04],[99.48,2.96]]]}},{"type":"Feature","id":1449,"properties":{"ntl_value":0.572,"nmkab":"SIMALUNGUN","nmprov":"SUMATERA UTARA","label":"sebelum"},"geometry":{"type":"Polygon","coordinates":[[[99.48,3.04],[99.56,3.04],[99.56,3.12],[99.48,3.12],[99.48,3.04]]]}},{"type":"Feature","id":1450,"properties":{"ntl_value":0.557,"nmkab":"BATU BARA","nmprov":"SUMATERA UTARA","label":"sebelum"},"geometry":{"type":"Polygon","coordinates":[[[99.48,3.12],[99.56,3.12],[99.56,3.2],[99.48,3.2],[99.48,3.12]]]}},{"type":"Feature","id":1451,"properties":{"ntl_value":0.542,"nmkab":"BATU BARA","nmprov":"SUMATERA UTARA","label":"sebelum"},"geometry":{"type":"Polygon","coordinates":[[[99.48,3.2],[99.56,3.2],[99.56,3.28],[99.48,3.28],[99.48,3.2]]]}},{"type":"Feature","id":1452,"properties":{"ntl_value":0.442,"nmkab":"KEPULAUAN MENTAWAI","nmprov":"SUMATERA BARAT","label":"sebelum"},"geometry":{"type":"Polygon","coordinates":[[[99.56,-2.24],[99.64,-2.24],[99.64,-2.16],[99.56,-2.16],[99.56,-2.24]]]}},{"type":"Feature","id":1453,"properties":{"ntl_value":0.513,"nmkab":"KEPULAUAN MENTAWAI","nmprov":"SUMATERA BARAT","label":"sebelum"},"geometry":{"type":"Polygon","coordinates":[[[99.56,-2.16],[99.64,-2.16],[99.64,-2.08],[99.56,-2.08],[99.56,-2.16]]]}},{"type":"Feature","id":1454,"properties":{"ntl_value":0.373,"nmkab":"KEPULAUAN MENTAWAI","nmprov":"SUMATERA BARAT","label":"sebelum"},"geometry":{"type":"Polygon","coordinates":[[[99.56,-2.08],[99.64,-2.08],[99.64,-2],[99.56,-2],[99.56,-2.08]]]}},{"type":"Feature","id":1455,"properties":{"ntl_value":0.54,"nmkab":"PASAMAN BARAT","nmprov":"SUMATERA BARAT","label":"sebelum"},"geometry":{"type":"Polygon","coordinates":[[[99.56,0.08],[99.64,0.08],[99.64,0.16],[99.56,0.16],[99.56,0.08]]]}},{"type":"Feature","id":1456,"properties":{"ntl_value":0.499,"nmkab":"PASAMAN BARAT","nmprov":"SUMATERA BARAT","label":"sebelum"},"geometry":{"type":"Polygon","coordinates":[[[99.56,0.16],[99.64,0.16],[99.64,0.24],[99.56,0.24],[99.56,0.16]]]}},{"type":"Feature","id":1457,"properties":{"ntl_value":0.431,"nmkab":"PASAMAN BARAT","nmprov":"SUMATERA BARAT","label":"sebelum"},"geometry":{"type":"Polygon","coordinates":[[[99.56,0.24],[99.64,0.24],[99.64,0.32],[99.56,0.32],[99.56,0.24]]]}},{"type":"Feature","id":1458,"properties":{"ntl_value":0.408,"nmkab":"PASAMAN BARAT","nmprov":"SUMATERA BARAT","label":"sebelum"},"geometry":{"type":"Polygon","coordinates":[[[99.56,0.32],[99.64,0.32],[99.64,0.4],[99.56,0.4],[99.56,0.32]]]}},{"type":"Feature","id":1459,"properties":{"ntl_value":0.503,"nmkab":"PASAMAN BARAT","nmprov":"SUMATERA BARAT","label":"sebelum"},"geometry":{"type":"Polygon","coordinates":[[[99.56,0.4],[99.64,0.4],[99.64,0.48],[99.56,0.48],[99.56,0.4]]]}},{"type":"Feature","id":1460,"properties":{"ntl_value":0.49,"nmkab":"PASAMAN BARAT","nmprov":"SUMATERA BARAT","label":"sebelum"},"geometry":{"type":"Polygon","coordinates":[[[99.56,0.48],[99.64,0.48],[99.64,0.56],[99.56,0.56],[99.56,0.48]]]}},{"type":"Feature","id":1461,"properties":{"ntl_value":0.409,"nmkab":"MANDAILING NATAL","nmprov":"SUMATERA UTARA","label":"sebelum"},"geometry":{"type":"Polygon","coordinates":[[[99.56,0.56],[99.64,0.56],[99.64,0.64],[99.56,0.64],[99.56,0.56]]]}},{"type":"Feature","id":1462,"properties":{"ntl_value":0.408,"nmkab":"MANDAILING NATAL","nmprov":"SUMATERA UTARA","label":"sebelum"},"geometry":{"type":"Polygon","coordinates":[[[99.56,0.64],[99.64,0.64],[99.64,0.72],[99.56,0.72],[99.56,0.64]]]}},{"type":"Feature","id":1463,"properties":{"ntl_value":0.381,"nmkab":"MANDAILING NATAL","nmprov":"SUMATERA UTARA","label":"sebelum"},"geometry":{"type":"Polygon","coordinates":[[[99.56,0.72],[99.64,0.72],[99.64,0.8],[99.56,0.8],[99.56,0.72]]]}},{"type":"Feature","id":1464,"properties":{"ntl_value":0.408,"nmkab":"MANDAILING NATAL","nmprov":"SUMATERA UTARA","label":"sebelum"},"geometry":{"type":"Polygon","coordinates":[[[99.56,0.8],[99.64,0.8],[99.64,0.88],[99.56,0.88],[99.56,0.8]]]}},{"type":"Feature","id":1465,"properties":{"ntl_value":0.421,"nmkab":"MANDAILING NATAL","nmprov":"SUMATERA UTARA","label":"sebelum"},"geometry":{"type":"Polygon","coordinates":[[[99.56,0.88],[99.64,0.88],[99.64,0.96],[99.56,0.96],[99.56,0.88]]]}},{"type":"Feature","id":1466,"properties":{"ntl_value":0.49,"nmkab":"PADANG LAWAS","nmprov":"SUMATERA UTARA","label":"sebelum"},"geometry":{"type":"Polygon","coordinates":[[[99.56,0.96],[99.64,0.96],[99.64,1.04],[99.56,1.04],[99.56,0.96]]]}},{"type":"Feature","id":1467,"properties":{"ntl_value":0.43,"nmkab":"PADANG LAWAS","nmprov":"SUMATERA UTARA","label":"sebelum"},"geometry":{"type":"Polygon","coordinates":[[[99.56,1.04],[99.64,1.04],[99.64,1.12],[99.56,1.12],[99.56,1.04]]]}},{"type":"Feature","id":1468,"properties":{"ntl_value":0.463,"nmkab":"PADANG LAWAS","nmprov":"SUMATERA UTARA","label":"sebelum"},"geometry":{"type":"Polygon","coordinates":[[[99.56,1.12],[99.64,1.12],[99.64,1.2],[99.56,1.2],[99.56,1.12]]]}},{"type":"Feature","id":1469,"properties":{"ntl_value":0.379,"nmkab":"PADANG LAWAS","nmprov":"SUMATERA UTARA","label":"sebelum"},"geometry":{"type":"Polygon","coordinates":[[[99.56,1.2],[99.64,1.2],[99.64,1.28],[99.56,1.28],[99.56,1.2]]]}},{"type":"Feature","id":1470,"properties":{"ntl_value":0.419,"nmkab":"PADANG LAWAS UTARA","nmprov":"SUMATERA UTARA","label":"sebelum"},"geometry":{"type":"Polygon","coordinates":[[[99.56,1.28],[99.64,1.28],[99.64,1.36],[99.56,1.36],[99.56,1.28]]]}},{"type":"Feature","id":1471,"properties":{"ntl_value":0.377,"nmkab":"PADANG LAWAS UTARA","nmprov":"SUMATERA UTARA","label":"sebelum"},"geometry":{"type":"Polygon","coordinates":[[[99.56,1.36],[99.64,1.36],[99.64,1.44],[99.56,1.44],[99.56,1.36]]]}},{"type":"Feature","id":1472,"properties":{"ntl_value":0.497,"nmkab":"PADANG LAWAS UTARA","nmprov":"SUMATERA UTARA","label":"sebelum"},"geometry":{"type":"Polygon","coordinates":[[[99.56,1.44],[99.64,1.44],[99.64,1.52],[99.56,1.52],[99.56,1.44]]]}},{"type":"Feature","id":1473,"properties":{"ntl_value":0.426,"nmkab":"PADANG LAWAS UTARA","nmprov":"SUMATERA UTARA","label":"sebelum"},"geometry":{"type":"Polygon","coordinates":[[[99.56,1.52],[99.64,1.52],[99.64,1.6],[99.56,1.6],[99.56,1.52]]]}},{"type":"Feature","id":1474,"properties":{"ntl_value":0.414,"nmkab":"PADANG LAWAS UTARA","nmprov":"SUMATERA UTARA","label":"sebelum"},"geometry":{"type":"Polygon","coordinates":[[[99.56,1.6],[99.64,1.6],[99.64,1.68],[99.56,1.68],[99.56,1.6]]]}},{"type":"Feature","id":1475,"properties":{"ntl_value":0.412,"nmkab":"PADANG LAWAS UTARA","nmprov":"SUMATERA UTARA","label":"sebelum"},"geometry":{"type":"Polygon","coordinates":[[[99.56,1.68],[99.64,1.68],[99.64,1.76],[99.56,1.76],[99.56,1.68]]]}},{"type":"Feature","id":1476,"properties":{"ntl_value":0.372,"nmkab":"PADANG LAWAS UTARA","nmprov":"SUMATERA UTARA","label":"sebelum"},"geometry":{"type":"Polygon","coordinates":[[[99.56,1.76],[99.64,1.76],[99.64,1.84],[99.56,1.84],[99.56,1.76]]]}},{"type":"Feature","id":1477,"properties":{"ntl_value":0.401,"nmkab":"PADANG LAWAS UTARA","nmprov":"SUMATERA UTARA","label":"sebelum"},"geometry":{"type":"Polygon","coordinates":[[[99.56,1.84],[99.64,1.84],[99.64,1.92],[99.56,1.92],[99.56,1.84]]]}},{"type":"Feature","id":1478,"properties":{"ntl_value":0.46,"nmkab":"TAPANULI SELATAN","nmprov":"SUMATERA UTARA","label":"sebelum"},"geometry":{"type":"Polygon","coordinates":[[[99.56,1.92],[99.64,1.92],[99.64,2],[99.56,2],[99.56,1.92]]]}},{"type":"Feature","id":1479,"properties":{"ntl_value":0.538,"nmkab":"LABUHAN BATU UTARA","nmprov":"SUMATERA UTARA","label":"sebelum"},"geometry":{"type":"Polygon","coordinates":[[[99.56,2],[99.64,2],[99.64,2.08],[99.56,2.08],[99.56,2]]]}},{"type":"Feature","id":1480,"properties":{"ntl_value":0.524,"nmkab":"LABUHAN BATU UTARA","nmprov":"SUMATERA UTARA","label":"sebelum"},"geometry":{"type":"Polygon","coordinates":[[[99.56,2.08],[99.64,2.08],[99.64,2.16],[99.56,2.16],[99.56,2.08]]]}},{"type":"Feature","id":1481,"properties":{"ntl_value":0.421,"nmkab":"LABUHAN BATU UTARA","nmprov":"SUMATERA UTARA","label":"sebelum"},"geometry":{"type":"Polygon","coordinates":[[[99.56,2.16],[99.64,2.16],[99.64,2.24],[99.56,2.24],[99.56,2.16]]]}},{"type":"Feature","id":1482,"properties":{"ntl_value":0.495,"nmkab":"LABUHAN BATU UTARA","nmprov":"SUMATERA UTARA","label":"sebelum"},"geometry":{"type":"Polygon","coordinates":[[[99.56,2.24],[99.64,2.24],[99.64,2.32],[99.56,2.32],[99.56,2.24]]]}},{"type":"Feature","id":1483,"properties":{"ntl_value":0.414,"nmkab":"LABUHAN BATU UTARA","nmprov":"SUMATERA UTARA","label":"sebelum"},"geometry":{"type":"Polygon","coordinates":[[[99.56,2.32],[99.64,2.32],[99.64,2.4],[99.56,2.4],[99.56,2.32]]]}},{"type":"Feature","id":1484,"properties":{"ntl_value":0.449,"nmkab":"LABUHAN BATU UTARA","nmprov":"SUMATERA UTARA","label":"sebelum"},"geometry":{"type":"Polygon","coordinates":[[[99.56,2.4],[99.64,2.4],[99.64,2.48],[99.56,2.48],[99.56,2.4]]]}},{"type":"Feature","id":1485,"properties":{"ntl_value":0.424,"nmkab":"LABUHAN BATU UTARA","nmprov":"SUMATERA UTARA","label":"sebelum"},"geometry":{"type":"Polygon","coordinates":[[[99.56,2.48],[99.64,2.48],[99.64,2.56],[99.56,2.56],[99.56,2.48]]]}},{"type":"Feature","id":1486,"properties":{"ntl_value":0.534,"nmkab":"ASAHAN","nmprov":"SUMATERA UTARA","label":"sebelum"},"geometry":{"type":"Polygon","coordinates":[[[99.56,2.56],[99.64,2.56],[99.64,2.64],[99.56,2.64],[99.56,2.56]]]}},{"type":"Feature","id":1487,"properties":{"ntl_value":0.464,"nmkab":"ASAHAN","nmprov":"SUMATERA UTARA","label":"sebelum"},"geometry":{"type":"Polygon","coordinates":[[[99.56,2.64],[99.64,2.64],[99.64,2.72],[99.56,2.72],[99.56,2.64]]]}},{"type":"Feature","id":1488,"properties":{"ntl_value":0.566,"nmkab":"ASAHAN","nmprov":"SUMATERA UTARA","label":"sebelum"},"geometry":{"type":"Polygon","coordinates":[[[99.56,2.72],[99.64,2.72],[99.64,2.8],[99.56,2.8],[99.56,2.72]]]}},{"type":"Feature","id":1489,"properties":{"ntl_value":0.523,"nmkab":"ASAHAN","nmprov":"SUMATERA UTARA","label":"sebelum"},"geometry":{"type":"Polygon","coordinates":[[[99.56,2.8],[99.64,2.8],[99.64,2.88],[99.56,2.88],[99.56,2.8]]]}},{"type":"Feature","id":1490,"properties":{"ntl_value":0.467,"nmkab":"ASAHAN","nmprov":"SUMATERA UTARA","label":"sebelum"},"geometry":{"type":"Polygon","coordinates":[[[99.56,2.88],[99.64,2.88],[99.64,2.96],[99.56,2.96],[99.56,2.88]]]}},{"type":"Feature","id":1491,"properties":{"ntl_value":0.538,"nmkab":"ASAHAN","nmprov":"SUMATERA UTARA","label":"sebelum"},"geometry":{"type":"Polygon","coordinates":[[[99.56,2.96],[99.64,2.96],[99.64,3.04],[99.56,3.04],[99.56,2.96]]]}},{"type":"Feature","id":1492,"properties":{"ntl_value":0.649,"nmkab":"BATU BARA","nmprov":"SUMATERA UTARA","label":"sebelum"},"geometry":{"type":"Polygon","coordinates":[[[99.56,3.04],[99.64,3.04],[99.64,3.12],[99.56,3.12],[99.56,3.04]]]}},{"type":"Feature","id":1493,"properties":{"ntl_value":0.64,"nmkab":"BATU BARA","nmprov":"SUMATERA UTARA","label":"sebelum"},"geometry":{"type":"Polygon","coordinates":[[[99.56,3.12],[99.64,3.12],[99.64,3.2],[99.56,3.2],[99.56,3.12]]]}},{"type":"Feature","id":1494,"properties":{"ntl_value":0.509,"nmkab":"KEPULAUAN MENTAWAI","nmprov":"SUMATERA BARAT","label":"sebelum"},"geometry":{"type":"Polygon","coordinates":[[[99.64,-2.32],[99.72,-2.32],[99.72,-2.24],[99.64,-2.24],[99.64,-2.32]]]}},{"type":"Feature","id":1495,"properties":{"ntl_value":0.467,"nmkab":"KEPULAUAN MENTAWAI","nmprov":"SUMATERA BARAT","label":"sebelum"},"geometry":{"type":"Polygon","coordinates":[[[99.64,-2.24],[99.72,-2.24],[99.72,-2.16],[99.64,-2.16],[99.64,-2.24]]]}},{"type":"Feature","id":1496,"properties":{"ntl_value":0.454,"nmkab":"KEPULAUAN MENTAWAI","nmprov":"SUMATERA BARAT","label":"sebelum"},"geometry":{"type":"Polygon","coordinates":[[[99.64,-2.16],[99.72,-2.16],[99.72,-2.08],[99.64,-2.08],[99.64,-2.16]]]}},{"type":"Feature","id":1497,"properties":{"ntl_value":0.491,"nmkab":"PASAMAN BARAT","nmprov":"SUMATERA BARAT","label":"sebelum"},"geometry":{"type":"Polygon","coordinates":[[[99.64,0],[99.72,0],[99.72,0.08],[99.64,0.08],[99.64,0]]]}},{"type":"Feature","id":1498,"properties":{"ntl_value":0.517,"nmkab":"PASAMAN BARAT","nmprov":"SUMATERA BARAT","label":"sebelum"},"geometry":{"type":"Polygon","coordinates":[[[99.64,0.08],[99.72,0.08],[99.72,0.16],[99.64,0.16],[99.64,0.08]]]}},{"type":"Feature","id":1499,"properties":{"ntl_value":0.465,"nmkab":"PASAMAN BARAT","nmprov":"SUMATERA BARAT","label":"sebelum"},"geometry":{"type":"Polygon","coordinates":[[[99.64,0.16],[99.72,0.16],[99.72,0.24],[99.64,0.24],[99.64,0.16]]]}},{"type":"Feature","id":1500,"properties":{"ntl_value":0.546,"nmkab":"PASAMAN BARAT","nmprov":"SUMATERA BARAT","label":"sebelum"},"geometry":{"type":"Polygon","coordinates":[[[99.64,0.24],[99.72,0.24],[99.72,0.32],[99.64,0.32],[99.64,0.24]]]}},{"type":"Feature","id":1501,"properties":{"ntl_value":0.521,"nmkab":"PASAMAN BARAT","nmprov":"SUMATERA BARAT","label":"sebelum"},"geometry":{"type":"Polygon","coordinates":[[[99.64,0.32],[99.72,0.32],[99.72,0.4],[99.64,0.4],[99.64,0.32]]]}},{"type":"Feature","id":1502,"properties":{"ntl_value":0.451,"nmkab":"PASAMAN BARAT","nmprov":"SUMATERA BARAT","label":"sebelum"},"geometry":{"type":"Polygon","coordinates":[[[99.64,0.4],[99.72,0.4],[99.72,0.48],[99.64,0.48],[99.64,0.4]]]}},{"type":"Feature","id":1503,"properties":{"ntl_value":0.51,"nmkab":"MANDAILING NATAL","nmprov":"SUMATERA UTARA","label":"sebelum"},"geometry":{"type":"Polygon","coordinates":[[[99.64,0.48],[99.72,0.48],[99.72,0.56],[99.64,0.56],[99.64,0.48]]]}},{"type":"Feature","id":1504,"properties":{"ntl_value":0.375,"nmkab":"MANDAILING NATAL","nmprov":"SUMATERA UTARA","label":"sebelum"},"geometry":{"type":"Polygon","coordinates":[[[99.64,0.56],[99.72,0.56],[99.72,0.64],[99.64,0.64],[99.64,0.56]]]}},{"type":"Feature","id":1505,"properties":{"ntl_value":0.37,"nmkab":"MANDAILING NATAL","nmprov":"SUMATERA UTARA","label":"sebelum"},"geometry":{"type":"Polygon","coordinates":[[[99.64,0.64],[99.72,0.64],[99.72,0.72],[99.64,0.72],[99.64,0.64]]]}},{"type":"Feature","id":1506,"properties":{"ntl_value":0.402,"nmkab":"MANDAILING NATAL","nmprov":"SUMATERA UTARA","label":"sebelum"},"geometry":{"type":"Polygon","coordinates":[[[99.64,0.72],[99.72,0.72],[99.72,0.8],[99.64,0.8],[99.64,0.72]]]}},{"type":"Feature","id":1507,"properties":{"ntl_value":0.378,"nmkab":"MANDAILING NATAL","nmprov":"SUMATERA UTARA","label":"sebelum"},"geometry":{"type":"Polygon","coordinates":[[[99.64,0.8],[99.72,0.8],[99.72,0.88],[99.64,0.88],[99.64,0.8]]]}},{"type":"Feature","id":1508,"properties":{"ntl_value":0.502,"nmkab":"MANDAILING NATAL","nmprov":"SUMATERA UTARA","label":"sebelum"},"geometry":{"type":"Polygon","coordinates":[[[99.64,0.88],[99.72,0.88],[99.72,0.96],[99.64,0.96],[99.64,0.88]]]}},{"type":"Feature","id":1509,"properties":{"ntl_value":0.366,"nmkab":"PADANG LAWAS","nmprov":"SUMATERA UTARA","label":"sebelum"},"geometry":{"type":"Polygon","coordinates":[[[99.64,0.96],[99.72,0.96],[99.72,1.04],[99.64,1.04],[99.64,0.96]]]}},{"type":"Feature","id":1510,"properties":{"ntl_value":0.354,"nmkab":"PADANG LAWAS","nmprov":"SUMATERA UTARA","label":"sebelum"},"geometry":{"type":"Polygon","coordinates":[[[99.64,1.04],[99.72,1.04],[99.72,1.12],[99.64,1.12],[99.64,1.04]]]}},{"type":"Feature","id":1511,"properties":{"ntl_value":0.355,"nmkab":"PADANG LAWAS","nmprov":"SUMATERA UTARA","label":"sebelum"},"geometry":{"type":"Polygon","coordinates":[[[99.64,1.12],[99.72,1.12],[99.72,1.2],[99.64,1.2],[99.64,1.12]]]}},{"type":"Feature","id":1512,"properties":{"ntl_value":0.423,"nmkab":"PADANG LAWAS","nmprov":"SUMATERA UTARA","label":"sebelum"},"geometry":{"type":"Polygon","coordinates":[[[99.64,1.2],[99.72,1.2],[99.72,1.28],[99.64,1.28],[99.64,1.2]]]}},{"type":"Feature","id":1513,"properties":{"ntl_value":0.463,"nmkab":"PADANG LAWAS","nmprov":"SUMATERA UTARA","label":"sebelum"},"geometry":{"type":"Polygon","coordinates":[[[99.64,1.28],[99.72,1.28],[99.72,1.36],[99.64,1.36],[99.64,1.28]]]}},{"type":"Feature","id":1514,"properties":{"ntl_value":0.375,"nmkab":"PADANG LAWAS UTARA","nmprov":"SUMATERA UTARA","label":"sebelum"},"geometry":{"type":"Polygon","coordinates":[[[99.64,1.36],[99.72,1.36],[99.72,1.44],[99.64,1.44],[99.64,1.36]]]}},{"type":"Feature","id":1515,"properties":{"ntl_value":0.366,"nmkab":"PADANG LAWAS UTARA","nmprov":"SUMATERA UTARA","label":"sebelum"},"geometry":{"type":"Polygon","coordinates":[[[99.64,1.44],[99.72,1.44],[99.72,1.52],[99.64,1.52],[99.64,1.44]]]}},{"type":"Feature","id":1516,"properties":{"ntl_value":0.488,"nmkab":"PADANG LAWAS UTARA","nmprov":"SUMATERA UTARA","label":"sebelum"},"geometry":{"type":"Polygon","coordinates":[[[99.64,1.52],[99.72,1.52],[99.72,1.6],[99.64,1.6],[99.64,1.52]]]}},{"type":"Feature","id":1517,"properties":{"ntl_value":0.492,"nmkab":"PADANG LAWAS UTARA","nmprov":"SUMATERA UTARA","label":"sebelum"},"geometry":{"type":"Polygon","coordinates":[[[99.64,1.6],[99.72,1.6],[99.72,1.68],[99.64,1.68],[99.64,1.6]]]}},{"type":"Feature","id":1518,"properties":{"ntl_value":0.434,"nmkab":"PADANG LAWAS UTARA","nmprov":"SUMATERA UTARA","label":"sebelum"},"geometry":{"type":"Polygon","coordinates":[[[99.64,1.68],[99.72,1.68],[99.72,1.76],[99.64,1.76],[99.64,1.68]]]}},{"type":"Feature","id":1519,"properties":{"ntl_value":0.364,"nmkab":"PADANG LAWAS UTARA","nmprov":"SUMATERA UTARA","label":"sebelum"},"geometry":{"type":"Polygon","coordinates":[[[99.64,1.76],[99.72,1.76],[99.72,1.84],[99.64,1.84],[99.64,1.76]]]}},{"type":"Feature","id":1520,"properties":{"ntl_value":0.487,"nmkab":"PADANG LAWAS UTARA","nmprov":"SUMATERA UTARA","label":"sebelum"},"geometry":{"type":"Polygon","coordinates":[[[99.64,1.84],[99.72,1.84],[99.72,1.92],[99.64,1.92],[99.64,1.84]]]}},{"type":"Feature","id":1521,"properties":{"ntl_value":0.406,"nmkab":"PADANG LAWAS UTARA","nmprov":"SUMATERA UTARA","label":"sebelum"},"geometry":{"type":"Polygon","coordinates":[[[99.64,1.92],[99.72,1.92],[99.72,2],[99.64,2],[99.64,1.92]]]}},{"type":"Feature","id":1522,"properties":{"ntl_value":0.712,"nmkab":"LABUHAN BATU","nmprov":"SUMATERA UTARA","label":"sebelum"},"geometry":{"type":"Polygon","coordinates":[[[99.64,2],[99.72,2],[99.72,2.08],[99.64,2.08],[99.64,2]]]}},{"type":"Feature","id":1523,"properties":{"ntl_value":0.488,"nmkab":"LABUHAN BATU UTARA","nmprov":"SUMATERA UTARA","label":"sebelum"},"geometry":{"type":"Polygon","coordinates":[[[99.64,2.08],[99.72,2.08],[99.72,2.16],[99.64,2.16],[99.64,2.08]]]}},{"type":"Feature","id":1524,"properties":{"ntl_value":0.416,"nmkab":"LABUHAN BATU UTARA","nmprov":"SUMATERA UTARA","label":"sebelum"},"geometry":{"type":"Polygon","coordinates":[[[99.64,2.16],[99.72,2.16],[99.72,2.24],[99.64,2.24],[99.64,2.16]]]}},{"type":"Feature","id":1525,"properties":{"ntl_value":0.505,"nmkab":"LABUHAN BATU UTARA","nmprov":"SUMATERA UTARA","label":"sebelum"},"geometry":{"type":"Polygon","coordinates":[[[99.64,2.24],[99.72,2.24],[99.72,2.32],[99.64,2.32],[99.64,2.24]]]}},{"type":"Feature","id":1526,"properties":{"ntl_value":0.51,"nmkab":"LABUHAN BATU UTARA","nmprov":"SUMATERA UTARA","label":"sebelum"},"geometry":{"type":"Polygon","coordinates":[[[99.64,2.32],[99.72,2.32],[99.72,2.4],[99.64,2.4],[99.64,2.32]]]}},{"type":"Feature","id":1527,"properties":{"ntl_value":0.486,"nmkab":"LABUHAN BATU UTARA","nmprov":"SUMATERA UTARA","label":"sebelum"},"geometry":{"type":"Polygon","coordinates":[[[99.64,2.4],[99.72,2.4],[99.72,2.48],[99.64,2.48],[99.64,2.4]]]}},{"type":"Feature","id":1528,"properties":{"ntl_value":0.491,"nmkab":"LABUHAN BATU UTARA","nmprov":"SUMATERA UTARA","label":"sebelum"},"geometry":{"type":"Polygon","coordinates":[[[99.64,2.48],[99.72,2.48],[99.72,2.56],[99.64,2.56],[99.64,2.48]]]}},{"type":"Feature","id":1529,"properties":{"ntl_value":0.5,"nmkab":"ASAHAN","nmprov":"SUMATERA UTARA","label":"sebelum"},"geometry":{"type":"Polygon","coordinates":[[[99.64,2.56],[99.72,2.56],[99.72,2.64],[99.64,2.64],[99.64,2.56]]]}},{"type":"Feature","id":1530,"properties":{"ntl_value":0.58,"nmkab":"ASAHAN","nmprov":"SUMATERA UTARA","label":"sebelum"},"geometry":{"type":"Polygon","coordinates":[[[99.64,2.64],[99.72,2.64],[99.72,2.72],[99.64,2.72],[99.64,2.64]]]}},{"type":"Feature","id":1531,"properties":{"ntl_value":0.559,"nmkab":"ASAHAN","nmprov":"SUMATERA UTARA","label":"sebelum"},"geometry":{"type":"Polygon","coordinates":[[[99.64,2.72],[99.72,2.72],[99.72,2.8],[99.64,2.8],[99.64,2.72]]]}},{"type":"Feature","id":1532,"properties":{"ntl_value":0.496,"nmkab":"ASAHAN","nmprov":"SUMATERA UTARA","label":"sebelum"},"geometry":{"type":"Polygon","coordinates":[[[99.64,2.8],[99.72,2.8],[99.72,2.88],[99.64,2.88],[99.64,2.8]]]}},{"type":"Feature","id":1533,"properties":{"ntl_value":0.601,"nmkab":"ASAHAN","nmprov":"SUMATERA UTARA","label":"sebelum"},"geometry":{"type":"Polygon","coordinates":[[[99.64,2.88],[99.72,2.88],[99.72,2.96],[99.64,2.96],[99.64,2.88]]]}},{"type":"Feature","id":1534,"properties":{"ntl_value":0.483,"nmkab":"ASAHAN","nmprov":"SUMATERA UTARA","label":"sebelum"},"geometry":{"type":"Polygon","coordinates":[[[99.64,2.96],[99.72,2.96],[99.72,3.04],[99.64,3.04],[99.64,2.96]]]}},{"type":"Feature","id":1535,"properties":{"ntl_value":0.506,"nmkab":"ASAHAN","nmprov":"SUMATERA UTARA","label":"sebelum"},"geometry":{"type":"Polygon","coordinates":[[[99.64,3.04],[99.72,3.04],[99.72,3.12],[99.64,3.12],[99.64,3.04]]]}},{"type":"Feature","id":1536,"properties":{"ntl_value":0.656,"nmkab":"BATU BARA","nmprov":"SUMATERA UTARA","label":"sebelum"},"geometry":{"type":"Polygon","coordinates":[[[99.64,3.12],[99.72,3.12],[99.72,3.2],[99.64,3.2],[99.64,3.12]]]}},{"type":"Feature","id":1537,"properties":{"ntl_value":0.504,"nmkab":"KEPULAUAN MENTAWAI","nmprov":"SUMATERA BARAT","label":"sebelum"},"geometry":{"type":"Polygon","coordinates":[[[99.72,-2.32],[99.8,-2.32],[99.8,-2.24],[99.72,-2.24],[99.72,-2.32]]]}},{"type":"Feature","id":1538,"properties":{"ntl_value":0.511,"nmkab":"PASAMAN BARAT","nmprov":"SUMATERA BARAT","label":"sebelum"},"geometry":{"type":"Polygon","coordinates":[[[99.72,-0.16],[99.8,-0.16],[99.8,-0.08],[99.72,-0.08],[99.72,-0.16]]]}},{"type":"Feature","id":1539,"properties":{"ntl_value":0.429,"nmkab":"PASAMAN BARAT","nmprov":"SUMATERA BARAT","label":"sebelum"},"geometry":{"type":"Polygon","coordinates":[[[99.72,-0.08],[99.8,-0.08],[99.8,0],[99.72,0],[99.72,-0.08]]]}},{"type":"Feature","id":1540,"properties":{"ntl_value":0.4,"nmkab":"PASAMAN BARAT","nmprov":"SUMATERA BARAT","label":"sebelum"},"geometry":{"type":"Polygon","coordinates":[[[99.72,0],[99.8,0],[99.8,0.08],[99.72,0.08],[99.72,0]]]}},{"type":"Feature","id":1541,"properties":{"ntl_value":0.418,"nmkab":"PASAMAN BARAT","nmprov":"SUMATERA BARAT","label":"sebelum"},"geometry":{"type":"Polygon","coordinates":[[[99.72,0.08],[99.8,0.08],[99.8,0.16],[99.72,0.16],[99.72,0.08]]]}},{"type":"Feature","id":1542,"properties":{"ntl_value":0.477,"nmkab":"PASAMAN BARAT","nmprov":"SUMATERA BARAT","label":"sebelum"},"geometry":{"type":"Polygon","coordinates":[[[99.72,0.16],[99.8,0.16],[99.8,0.24],[99.72,0.24],[99.72,0.16]]]}},{"type":"Feature","id":1543,"properties":{"ntl_value":0.419,"nmkab":"PASAMAN BARAT","nmprov":"SUMATERA BARAT","label":"sebelum"},"geometry":{"type":"Polygon","coordinates":[[[99.72,0.24],[99.8,0.24],[99.8,0.32],[99.72,0.32],[99.72,0.24]]]}},{"type":"Feature","id":1544,"properties":{"ntl_value":0.531,"nmkab":"PASAMAN BARAT","nmprov":"SUMATERA BARAT","label":"sebelum"},"geometry":{"type":"Polygon","coordinates":[[[99.72,0.32],[99.8,0.32],[99.8,0.4],[99.72,0.4],[99.72,0.32]]]}},{"type":"Feature","id":1545,"properties":{"ntl_value":0.501,"nmkab":"PASAMAN BARAT","nmprov":"SUMATERA BARAT","label":"sebelum"},"geometry":{"type":"Polygon","coordinates":[[[99.72,0.4],[99.8,0.4],[99.8,0.48],[99.72,0.48],[99.72,0.4]]]}},{"type":"Feature","id":1546,"properties":{"ntl_value":0.426,"nmkab":"MANDAILING NATAL","nmprov":"SUMATERA UTARA","label":"sebelum"},"geometry":{"type":"Polygon","coordinates":[[[99.72,0.48],[99.8,0.48],[99.8,0.56],[99.72,0.56],[99.72,0.48]]]}},{"type":"Feature","id":1547,"properties":{"ntl_value":0.509,"nmkab":"MANDAILING NATAL","nmprov":"SUMATERA UTARA","label":"sebelum"},"geometry":{"type":"Polygon","coordinates":[[[99.72,0.56],[99.8,0.56],[99.8,0.64],[99.72,0.64],[99.72,0.56]]]}},{"type":"Feature","id":1548,"properties":{"ntl_value":0.392,"nmkab":"MANDAILING NATAL","nmprov":"SUMATERA UTARA","label":"sebelum"},"geometry":{"type":"Polygon","coordinates":[[[99.72,0.64],[99.8,0.64],[99.8,0.72],[99.72,0.72],[99.72,0.64]]]}},{"type":"Feature","id":1549,"properties":{"ntl_value":0.504,"nmkab":"MANDAILING NATAL","nmprov":"SUMATERA UTARA","label":"sebelum"},"geometry":{"type":"Polygon","coordinates":[[[99.72,0.72],[99.8,0.72],[99.8,0.8],[99.72,0.8],[99.72,0.72]]]}},{"type":"Feature","id":1550,"properties":{"ntl_value":0.369,"nmkab":"MANDAILING NATAL","nmprov":"SUMATERA UTARA","label":"sebelum"},"geometry":{"type":"Polygon","coordinates":[[[99.72,0.8],[99.8,0.8],[99.8,0.88],[99.72,0.88],[99.72,0.8]]]}},{"type":"Feature","id":1551,"properties":{"ntl_value":0.394,"nmkab":"PADANG LAWAS","nmprov":"SUMATERA UTARA","label":"sebelum"},"geometry":{"type":"Polygon","coordinates":[[[99.72,0.88],[99.8,0.88],[99.8,0.96],[99.72,0.96],[99.72,0.88]]]}},{"type":"Feature","id":1552,"properties":{"ntl_value":0.428,"nmkab":"PADANG LAWAS","nmprov":"SUMATERA UTARA","label":"sebelum"},"geometry":{"type":"Polygon","coordinates":[[[99.72,0.96],[99.8,0.96],[99.8,1.04],[99.72,1.04],[99.72,0.96]]]}},{"type":"Feature","id":1553,"properties":{"ntl_value":0.426,"nmkab":"PADANG LAWAS","nmprov":"SUMATERA UTARA","label":"sebelum"},"geometry":{"type":"Polygon","coordinates":[[[99.72,1.04],[99.8,1.04],[99.8,1.12],[99.72,1.12],[99.72,1.04]]]}},{"type":"Feature","id":1554,"properties":{"ntl_value":0.352,"nmkab":"PADANG LAWAS","nmprov":"SUMATERA UTARA","label":"sebelum"},"geometry":{"type":"Polygon","coordinates":[[[99.72,1.12],[99.8,1.12],[99.8,1.2],[99.72,1.2],[99.72,1.12]]]}},{"type":"Feature","id":1555,"properties":{"ntl_value":0.469,"nmkab":"PADANG LAWAS","nmprov":"SUMATERA UTARA","label":"sebelum"},"geometry":{"type":"Polygon","coordinates":[[[99.72,1.2],[99.8,1.2],[99.8,1.28],[99.72,1.28],[99.72,1.2]]]}},{"type":"Feature","id":1556,"properties":{"ntl_value":0.439,"nmkab":"PADANG LAWAS","nmprov":"SUMATERA UTARA","label":"sebelum"},"geometry":{"type":"Polygon","coordinates":[[[99.72,1.28],[99.8,1.28],[99.8,1.36],[99.72,1.36],[99.72,1.28]]]}},{"type":"Feature","id":1557,"properties":{"ntl_value":0.37,"nmkab":"PADANG LAWAS","nmprov":"SUMATERA UTARA","label":"sebelum"},"geometry":{"type":"Polygon","coordinates":[[[99.72,1.36],[99.8,1.36],[99.8,1.44],[99.72,1.44],[99.72,1.36]]]}},{"type":"Feature","id":1558,"properties":{"ntl_value":0.369,"nmkab":"PADANG LAWAS UTARA","nmprov":"SUMATERA UTARA","label":"sebelum"},"geometry":{"type":"Polygon","coordinates":[[[99.72,1.44],[99.8,1.44],[99.8,1.52],[99.72,1.52],[99.72,1.44]]]}},{"type":"Feature","id":1559,"properties":{"ntl_value":0.391,"nmkab":"PADANG LAWAS UTARA","nmprov":"SUMATERA UTARA","label":"sebelum"},"geometry":{"type":"Polygon","coordinates":[[[99.72,1.52],[99.8,1.52],[99.8,1.6],[99.72,1.6],[99.72,1.52]]]}},{"type":"Feature","id":1560,"properties":{"ntl_value":0.389,"nmkab":"PADANG LAWAS UTARA","nmprov":"SUMATERA UTARA","label":"sebelum"},"geometry":{"type":"Polygon","coordinates":[[[99.72,1.6],[99.8,1.6],[99.8,1.68],[99.72,1.68],[99.72,1.6]]]}},{"type":"Feature","id":1561,"properties":{"ntl_value":0.505,"nmkab":"LABUHAN BATU SELATAN","nmprov":"SUMATERA UTARA","label":"sebelum"},"geometry":{"type":"Polygon","coordinates":[[[99.72,1.68],[99.8,1.68],[99.8,1.76],[99.72,1.76],[99.72,1.68]]]}},{"type":"Feature","id":1562,"properties":{"ntl_value":0.453,"nmkab":"LABUHAN BATU SELATAN","nmprov":"SUMATERA UTARA","label":"sebelum"},"geometry":{"type":"Polygon","coordinates":[[[99.72,1.76],[99.8,1.76],[99.8,1.84],[99.72,1.84],[99.72,1.76]]]}},{"type":"Feature","id":1563,"properties":{"ntl_value":0.479,"nmkab":"PADANG LAWAS UTARA","nmprov":"SUMATERA UTARA","label":"sebelum"},"geometry":{"type":"Polygon","coordinates":[[[99.72,1.84],[99.8,1.84],[99.8,1.92],[99.72,1.92],[99.72,1.84]]]}},{"type":"Feature","id":1564,"properties":{"ntl_value":0.463,"nmkab":"PADANG LAWAS UTARA","nmprov":"SUMATERA UTARA","label":"sebelum"},"geometry":{"type":"Polygon","coordinates":[[[99.72,1.92],[99.8,1.92],[99.8,2],[99.72,2],[99.72,1.92]]]}},{"type":"Feature","id":1565,"properties":{"ntl_value":0.693,"nmkab":"LABUHAN BATU","nmprov":"SUMATERA UTARA","label":"sebelum"},"geometry":{"type":"Polygon","coordinates":[[[99.72,2],[99.8,2],[99.8,2.08],[99.72,2.08],[99.72,2]]]}},{"type":"Feature","id":1566,"properties":{"ntl_value":0.633,"nmkab":"LABUHAN BATU","nmprov":"SUMATERA UTARA","label":"sebelum"},"geometry":{"type":"Polygon","coordinates":[[[99.72,2.08],[99.8,2.08],[99.8,2.16],[99.72,2.16],[99.72,2.08]]]}},{"type":"Feature","id":1567,"properties":{"ntl_value":0.416,"nmkab":"LABUHAN BATU UTARA","nmprov":"SUMATERA UTARA","label":"sebelum"},"geometry":{"type":"Polygon","coordinates":[[[99.72,2.16],[99.8,2.16],[99.8,2.24],[99.72,2.24],[99.72,2.16]]]}},{"type":"Feature","id":1568,"properties":{"ntl_value":0.517,"nmkab":"LABUHAN BATU UTARA","nmprov":"SUMATERA UTARA","label":"sebelum"},"geometry":{"type":"Polygon","coordinates":[[[99.72,2.24],[99.8,2.24],[99.8,2.32],[99.72,2.32],[99.72,2.24]]]}},{"type":"Feature","id":1569,"properties":{"ntl_value":0.528,"nmkab":"LABUHAN BATU UTARA","nmprov":"SUMATERA UTARA","label":"sebelum"},"geometry":{"type":"Polygon","coordinates":[[[99.72,2.32],[99.8,2.32],[99.8,2.4],[99.72,2.4],[99.72,2.32]]]}},{"type":"Feature","id":1570,"properties":{"ntl_value":0.531,"nmkab":"LABUHAN BATU UTARA","nmprov":"SUMATERA UTARA","label":"sebelum"},"geometry":{"type":"Polygon","coordinates":[[[99.72,2.4],[99.8,2.4],[99.8,2.48],[99.72,2.48],[99.72,2.4]]]}},{"type":"Feature","id":1571,"properties":{"ntl_value":0.459,"nmkab":"LABUHAN BATU UTARA","nmprov":"SUMATERA UTARA","label":"sebelum"},"geometry":{"type":"Polygon","coordinates":[[[99.72,2.48],[99.8,2.48],[99.8,2.56],[99.72,2.56],[99.72,2.48]]]}},{"type":"Feature","id":1572,"properties":{"ntl_value":0.541,"nmkab":"LABUHAN BATU UTARA","nmprov":"SUMATERA UTARA","label":"sebelum"},"geometry":{"type":"Polygon","coordinates":[[[99.72,2.56],[99.8,2.56],[99.8,2.64],[99.72,2.64],[99.72,2.56]]]}},{"type":"Feature","id":1573,"properties":{"ntl_value":0.477,"nmkab":"ASAHAN","nmprov":"SUMATERA UTARA","label":"sebelum"},"geometry":{"type":"Polygon","coordinates":[[[99.72,2.64],[99.8,2.64],[99.8,2.72],[99.72,2.72],[99.72,2.64]]]}},{"type":"Feature","id":1574,"properties":{"ntl_value":0.502,"nmkab":"ASAHAN","nmprov":"SUMATERA UTARA","label":"sebelum"},"geometry":{"type":"Polygon","coordinates":[[[99.72,2.72],[99.8,2.72],[99.8,2.8],[99.72,2.8],[99.72,2.72]]]}},{"type":"Feature","id":1575,"properties":{"ntl_value":0.611,"nmkab":"ASAHAN","nmprov":"SUMATERA UTARA","label":"sebelum"},"geometry":{"type":"Polygon","coordinates":[[[99.72,2.8],[99.8,2.8],[99.8,2.88],[99.72,2.88],[99.72,2.8]]]}},{"type":"Feature","id":1576,"properties":{"ntl_value":0.578,"nmkab":"ASAHAN","nmprov":"SUMATERA UTARA","label":"sebelum"},"geometry":{"type":"Polygon","coordinates":[[[99.72,2.88],[99.8,2.88],[99.8,2.96],[99.72,2.96],[99.72,2.88]]]}},{"type":"Feature","id":1577,"properties":{"ntl_value":0.477,"nmkab":"ASAHAN","nmprov":"SUMATERA UTARA","label":"sebelum"},"geometry":{"type":"Polygon","coordinates":[[[99.72,2.96],[99.8,2.96],[99.8,3.04],[99.72,3.04],[99.72,2.96]]]}},{"type":"Feature","id":1578,"properties":{"ntl_value":0.527,"nmkab":"ASAHAN","nmprov":"SUMATERA UTARA","label":"sebelum"},"geometry":{"type":"Polygon","coordinates":[[[99.72,3.04],[99.8,3.04],[99.8,3.12],[99.72,3.12],[99.72,3.04]]]}},{"type":"Feature","id":1579,"properties":{"ntl_value":0.459,"nmkab":"KEPULAUAN MENTAWAI","nmprov":"SUMATERA BARAT","label":"sebelum"},"geometry":{"type":"Polygon","coordinates":[[[99.8,-2.4],[99.88,-2.4],[99.88,-2.32],[99.8,-2.32],[99.8,-2.4]]]}},{"type":"Feature","id":1580,"properties":{"ntl_value":0.461,"nmkab":"AGAM","nmprov":"SUMATERA BARAT","label":"sebelum"},"geometry":{"type":"Polygon","coordinates":[[[99.8,-0.32],[99.88,-0.32],[99.88,-0.24],[99.8,-0.24],[99.8,-0.32]]]}},{"type":"Feature","id":1581,"properties":{"ntl_value":0.42,"nmkab":"AGAM","nmprov":"SUMATERA BARAT","label":"sebelum"},"geometry":{"type":"Polygon","coordinates":[[[99.8,-0.24],[99.88,-0.24],[99.88,-0.16],[99.8,-0.16],[99.8,-0.24]]]}},{"type":"Feature","id":1582,"properties":{"ntl_value":0.524,"nmkab":"PASAMAN BARAT","nmprov":"SUMATERA BARAT","label":"sebelum"},"geometry":{"type":"Polygon","coordinates":[[[99.8,-0.16],[99.88,-0.16],[99.88,-0.08],[99.8,-0.08],[99.8,-0.16]]]}},{"type":"Feature","id":1583,"properties":{"ntl_value":0.411,"nmkab":"PASAMAN BARAT","nmprov":"SUMATERA BARAT","label":"sebelum"},"geometry":{"type":"Polygon","coordinates":[[[99.8,-0.08],[99.88,-0.08],[99.88,0],[99.8,0],[99.8,-0.08]]]}},{"type":"Feature","id":1584,"properties":{"ntl_value":0.461,"nmkab":"PASAMAN BARAT","nmprov":"SUMATERA BARAT","label":"sebelum"},"geometry":{"type":"Polygon","coordinates":[[[99.8,0],[99.88,0],[99.88,0.08],[99.8,0.08],[99.8,0]]]}},{"type":"Feature","id":1585,"properties":{"ntl_value":0.457,"nmkab":"PASAMAN BARAT","nmprov":"SUMATERA BARAT","label":"sebelum"},"geometry":{"type":"Polygon","coordinates":[[[99.8,0.08],[99.88,0.08],[99.88,0.16],[99.8,0.16],[99.8,0.08]]]}},{"type":"Feature","id":1586,"properties":{"ntl_value":0.477,"nmkab":"PASAMAN BARAT","nmprov":"SUMATERA BARAT","label":"sebelum"},"geometry":{"type":"Polygon","coordinates":[[[99.8,0.16],[99.88,0.16],[99.88,0.24],[99.8,0.24],[99.8,0.16]]]}},{"type":"Feature","id":1587,"properties":{"ntl_value":0.45,"nmkab":"PASAMAN BARAT","nmprov":"SUMATERA BARAT","label":"sebelum"},"geometry":{"type":"Polygon","coordinates":[[[99.8,0.24],[99.88,0.24],[99.88,0.32],[99.8,0.32],[99.8,0.24]]]}},{"type":"Feature","id":1588,"properties":{"ntl_value":0.254,"nmkab":"PASAMAN","nmprov":"SUMATERA BARAT","label":"sebelum"},"geometry":{"type":"Polygon","coordinates":[[[99.8,0.32],[99.88,0.32],[99.88,0.4],[99.8,0.4],[99.8,0.32]]]}},{"type":"Feature","id":1589,"properties":{"ntl_value":0.215,"nmkab":"PASAMAN","nmprov":"SUMATERA BARAT","label":"sebelum"},"geometry":{"type":"Polygon","coordinates":[[[99.8,0.4],[99.88,0.4],[99.88,0.48],[99.8,0.48],[99.8,0.4]]]}},{"type":"Feature","id":1590,"properties":{"ntl_value":0.374,"nmkab":"MANDAILING NATAL","nmprov":"SUMATERA UTARA","label":"sebelum"},"geometry":{"type":"Polygon","coordinates":[[[99.8,0.48],[99.88,0.48],[99.88,0.56],[99.8,0.56],[99.8,0.48]]]}},{"type":"Feature","id":1591,"properties":{"ntl_value":0.47,"nmkab":"MANDAILING NATAL","nmprov":"SUMATERA UTARA","label":"sebelum"},"geometry":{"type":"Polygon","coordinates":[[[99.8,0.56],[99.88,0.56],[99.88,0.64],[99.8,0.64],[99.8,0.56]]]}},{"type":"Feature","id":1592,"properties":{"ntl_value":0.44,"nmkab":"MANDAILING NATAL","nmprov":"SUMATERA UTARA","label":"sebelum"},"geometry":{"type":"Polygon","coordinates":[[[99.8,0.64],[99.88,0.64],[99.88,0.72],[99.8,0.72],[99.8,0.64]]]}},{"type":"Feature","id":1593,"properties":{"ntl_value":0.505,"nmkab":"MANDAILING NATAL","nmprov":"SUMATERA UTARA","label":"sebelum"},"geometry":{"type":"Polygon","coordinates":[[[99.8,0.72],[99.88,0.72],[99.88,0.8],[99.8,0.8],[99.8,0.72]]]}},{"type":"Feature","id":1594,"properties":{"ntl_value":0.417,"nmkab":"PADANG LAWAS","nmprov":"SUMATERA UTARA","label":"sebelum"},"geometry":{"type":"Polygon","coordinates":[[[99.8,0.8],[99.88,0.8],[99.88,0.88],[99.8,0.88],[99.8,0.8]]]}},{"type":"Feature","id":1595,"properties":{"ntl_value":0.423,"nmkab":"PADANG LAWAS","nmprov":"SUMATERA UTARA","label":"sebelum"},"geometry":{"type":"Polygon","coordinates":[[[99.8,0.88],[99.88,0.88],[99.88,0.96],[99.8,0.96],[99.8,0.88]]]}},{"type":"Feature","id":1596,"properties":{"ntl_value":0.421,"nmkab":"PADANG LAWAS","nmprov":"SUMATERA UTARA","label":"sebelum"},"geometry":{"type":"Polygon","coordinates":[[[99.8,0.96],[99.88,0.96],[99.88,1.04],[99.8,1.04],[99.8,0.96]]]}},{"type":"Feature","id":1597,"properties":{"ntl_value":0.474,"nmkab":"PADANG LAWAS","nmprov":"SUMATERA UTARA","label":"sebelum"},"geometry":{"type":"Polygon","coordinates":[[[99.8,1.04],[99.88,1.04],[99.88,1.12],[99.8,1.12],[99.8,1.04]]]}},{"type":"Feature","id":1598,"properties":{"ntl_value":0.493,"nmkab":"PADANG LAWAS","nmprov":"SUMATERA UTARA","label":"sebelum"},"geometry":{"type":"Polygon","coordinates":[[[99.8,1.12],[99.88,1.12],[99.88,1.2],[99.8,1.2],[99.8,1.12]]]}},{"type":"Feature","id":1599,"properties":{"ntl_value":0.387,"nmkab":"PADANG LAWAS","nmprov":"SUMATERA UTARA","label":"sebelum"},"geometry":{"type":"Polygon","coordinates":[[[99.8,1.2],[99.88,1.2],[99.88,1.28],[99.8,1.28],[99.8,1.2]]]}},{"type":"Feature","id":1600,"properties":{"ntl_value":0.362,"nmkab":"PADANG LAWAS","nmprov":"SUMATERA UTARA","label":"sebelum"},"geometry":{"type":"Polygon","coordinates":[[[99.8,1.28],[99.88,1.28],[99.88,1.36],[99.8,1.36],[99.8,1.28]]]}},{"type":"Feature","id":1601,"properties":{"ntl_value":0.474,"nmkab":"PADANG LAWAS","nmprov":"SUMATERA UTARA","label":"sebelum"},"geometry":{"type":"Polygon","coordinates":[[[99.8,1.36],[99.88,1.36],[99.88,1.44],[99.8,1.44],[99.8,1.36]]]}},{"type":"Feature","id":1602,"properties":{"ntl_value":0.475,"nmkab":"PADANG LAWAS","nmprov":"SUMATERA UTARA","label":"sebelum"},"geometry":{"type":"Polygon","coordinates":[[[99.8,1.44],[99.88,1.44],[99.88,1.52],[99.8,1.52],[99.8,1.44]]]}},{"type":"Feature","id":1603,"properties":{"ntl_value":0.416,"nmkab":"PADANG LAWAS UTARA","nmprov":"SUMATERA UTARA","label":"sebelum"},"geometry":{"type":"Polygon","coordinates":[[[99.8,1.52],[99.88,1.52],[99.88,1.6],[99.8,1.6],[99.8,1.52]]]}},{"type":"Feature","id":1604,"properties":{"ntl_value":0.497,"nmkab":"PADANG LAWAS UTARA","nmprov":"SUMATERA UTARA","label":"sebelum"},"geometry":{"type":"Polygon","coordinates":[[[99.8,1.6],[99.88,1.6],[99.88,1.68],[99.8,1.68],[99.8,1.6]]]}},{"type":"Feature","id":1605,"properties":{"ntl_value":0.507,"nmkab":"LABUHAN BATU SELATAN","nmprov":"SUMATERA UTARA","label":"sebelum"},"geometry":{"type":"Polygon","coordinates":[[[99.8,1.68],[99.88,1.68],[99.88,1.76],[99.8,1.76],[99.8,1.68]]]}},{"type":"Feature","id":1606,"properties":{"ntl_value":0.405,"nmkab":"LABUHAN BATU SELATAN","nmprov":"SUMATERA UTARA","label":"sebelum"},"geometry":{"type":"Polygon","coordinates":[[[99.8,1.76],[99.88,1.76],[99.88,1.84],[99.8,1.84],[99.8,1.76]]]}},{"type":"Feature","id":1607,"properties":{"ntl_value":0.623,"nmkab":"LABUHAN BATU","nmprov":"SUMATERA UTARA","label":"sebelum"},"geometry":{"type":"Polygon","coordinates":[[[99.8,1.84],[99.88,1.84],[99.88,1.92],[99.8,1.92],[99.8,1.84]]]}},{"type":"Feature","id":1608,"properties":{"ntl_value":0.659,"nmkab":"LABUHAN BATU","nmprov":"SUMATERA UTARA","label":"sebelum"},"geometry":{"type":"Polygon","coordinates":[[[99.8,1.92],[99.88,1.92],[99.88,2],[99.8,2],[99.8,1.92]]]}},{"type":"Feature","id":1609,"properties":{"ntl_value":0.598,"nmkab":"LABUHAN BATU","nmprov":"SUMATERA UTARA","label":"sebelum"},"geometry":{"type":"Polygon","coordinates":[[[99.8,2],[99.88,2],[99.88,2.08],[99.8,2.08],[99.8,2]]]}},{"type":"Feature","id":1610,"properties":{"ntl_value":0.625,"nmkab":"LABUHAN BATU","nmprov":"SUMATERA UTARA","label":"sebelum"},"geometry":{"type":"Polygon","coordinates":[[[99.8,2.08],[99.88,2.08],[99.88,2.16],[99.8,2.16],[99.8,2.08]]]}},{"type":"Feature","id":1611,"properties":{"ntl_value":0.43,"nmkab":"LABUHAN BATU UTARA","nmprov":"SUMATERA UTARA","label":"sebelum"},"geometry":{"type":"Polygon","coordinates":[[[99.8,2.16],[99.88,2.16],[99.88,2.24],[99.8,2.24],[99.8,2.16]]]}},{"type":"Feature","id":1612,"properties":{"ntl_value":0.433,"nmkab":"LABUHAN BATU UTARA","nmprov":"SUMATERA UTARA","label":"sebelum"},"geometry":{"type":"Polygon","coordinates":[[[99.8,2.24],[99.88,2.24],[99.88,2.32],[99.8,2.32],[99.8,2.24]]]}},{"type":"Feature","id":1613,"properties":{"ntl_value":0.469,"nmkab":"LABUHAN BATU UTARA","nmprov":"SUMATERA UTARA","label":"sebelum"},"geometry":{"type":"Polygon","coordinates":[[[99.8,2.32],[99.88,2.32],[99.88,2.4],[99.8,2.4],[99.8,2.32]]]}},{"type":"Feature","id":1614,"properties":{"ntl_value":0.416,"nmkab":"LABUHAN BATU UTARA","nmprov":"SUMATERA UTARA","label":"sebelum"},"geometry":{"type":"Polygon","coordinates":[[[99.8,2.4],[99.88,2.4],[99.88,2.48],[99.8,2.48],[99.8,2.4]]]}},{"type":"Feature","id":1615,"properties":{"ntl_value":0.449,"nmkab":"LABUHAN BATU UTARA","nmprov":"SUMATERA UTARA","label":"sebelum"},"geometry":{"type":"Polygon","coordinates":[[[99.8,2.48],[99.88,2.48],[99.88,2.56],[99.8,2.56],[99.8,2.48]]]}},{"type":"Feature","id":1616,"properties":{"ntl_value":0.439,"nmkab":"LABUHAN BATU UTARA","nmprov":"SUMATERA UTARA","label":"sebelum"},"geometry":{"type":"Polygon","coordinates":[[[99.8,2.56],[99.88,2.56],[99.88,2.64],[99.8,2.64],[99.8,2.56]]]}},{"type":"Feature","id":1617,"properties":{"ntl_value":0.406,"nmkab":"LABUHAN BATU UTARA","nmprov":"SUMATERA UTARA","label":"sebelum"},"geometry":{"type":"Polygon","coordinates":[[[99.8,2.64],[99.88,2.64],[99.88,2.72],[99.8,2.72],[99.8,2.64]]]}},{"type":"Feature","id":1618,"properties":{"ntl_value":0.591,"nmkab":"ASAHAN","nmprov":"SUMATERA UTARA","label":"sebelum"},"geometry":{"type":"Polygon","coordinates":[[[99.8,2.72],[99.88,2.72],[99.88,2.8],[99.8,2.8],[99.8,2.72]]]}},{"type":"Feature","id":1619,"properties":{"ntl_value":0.566,"nmkab":"ASAHAN","nmprov":"SUMATERA UTARA","label":"sebelum"},"geometry":{"type":"Polygon","coordinates":[[[99.8,2.8],[99.88,2.8],[99.88,2.88],[99.8,2.88],[99.8,2.8]]]}},{"type":"Feature","id":1620,"properties":{"ntl_value":0.565,"nmkab":"ASAHAN","nmprov":"SUMATERA UTARA","label":"sebelum"},"geometry":{"type":"Polygon","coordinates":[[[99.8,2.88],[99.88,2.88],[99.88,2.96],[99.8,2.96],[99.8,2.88]]]}},{"type":"Feature","id":1621,"properties":{"ntl_value":0.599,"nmkab":"ASAHAN","nmprov":"SUMATERA UTARA","label":"sebelum"},"geometry":{"type":"Polygon","coordinates":[[[99.8,2.96],[99.88,2.96],[99.88,3.04],[99.8,3.04],[99.8,2.96]]]}},{"type":"Feature","id":1622,"properties":{"ntl_value":0.47,"nmkab":"AGAM","nmprov":"SUMATERA BARAT","label":"sebelum"},"geometry":{"type":"Polygon","coordinates":[[[99.88,-0.4],[99.96,-0.4],[99.96,-0.32],[99.88,-0.32],[99.88,-0.4]]]}},{"type":"Feature","id":1623,"properties":{"ntl_value":0.427,"nmkab":"AGAM","nmprov":"SUMATERA BARAT","label":"sebelum"},"geometry":{"type":"Polygon","coordinates":[[[99.88,-0.32],[99.96,-0.32],[99.96,-0.24],[99.88,-0.24],[99.88,-0.32]]]}},{"type":"Feature","id":1624,"properties":{"ntl_value":0.422,"nmkab":"AGAM","nmprov":"SUMATERA BARAT","label":"sebelum"},"geometry":{"type":"Polygon","coordinates":[[[99.88,-0.24],[99.96,-0.24],[99.96,-0.16],[99.88,-0.16],[99.88,-0.24]]]}},{"type":"Feature","id":1625,"properties":{"ntl_value":0.533,"nmkab":"PASAMAN BARAT","nmprov":"SUMATERA BARAT","label":"sebelum"},"geometry":{"type":"Polygon","coordinates":[[[99.88,-0.16],[99.96,-0.16],[99.96,-0.08],[99.88,-0.08],[99.88,-0.16]]]}},{"type":"Feature","id":1626,"properties":{"ntl_value":0.402,"nmkab":"PASAMAN BARAT","nmprov":"SUMATERA BARAT","label":"sebelum"},"geometry":{"type":"Polygon","coordinates":[[[99.88,-0.08],[99.96,-0.08],[99.96,0],[99.88,0],[99.88,-0.08]]]}},{"type":"Feature","id":1627,"properties":{"ntl_value":0.411,"nmkab":"PASAMAN BARAT","nmprov":"SUMATERA BARAT","label":"sebelum"},"geometry":{"type":"Polygon","coordinates":[[[99.88,0],[99.96,0],[99.96,0.08],[99.88,0.08],[99.88,0]]]}},{"type":"Feature","id":1628,"properties":{"ntl_value":0.498,"nmkab":"PASAMAN BARAT","nmprov":"SUMATERA BARAT","label":"sebelum"},"geometry":{"type":"Polygon","coordinates":[[[99.88,0.08],[99.96,0.08],[99.96,0.16],[99.88,0.16],[99.88,0.08]]]}},{"type":"Feature","id":1629,"properties":{"ntl_value":0.449,"nmkab":"PASAMAN BARAT","nmprov":"SUMATERA BARAT","label":"sebelum"},"geometry":{"type":"Polygon","coordinates":[[[99.88,0.16],[99.96,0.16],[99.96,0.24],[99.88,0.24],[99.88,0.16]]]}},{"type":"Feature","id":1630,"properties":{"ntl_value":0.505,"nmkab":"PASAMAN BARAT","nmprov":"SUMATERA BARAT","label":"sebelum"},"geometry":{"type":"Polygon","coordinates":[[[99.88,0.24],[99.96,0.24],[99.96,0.32],[99.88,0.32],[99.88,0.24]]]}},{"type":"Feature","id":1631,"properties":{"ntl_value":0.254,"nmkab":"PASAMAN","nmprov":"SUMATERA BARAT","label":"sebelum"},"geometry":{"type":"Polygon","coordinates":[[[99.88,0.32],[99.96,0.32],[99.96,0.4],[99.88,0.4],[99.88,0.32]]]}},{"type":"Feature","id":1632,"properties":{"ntl_value":0.338,"nmkab":"PASAMAN","nmprov":"SUMATERA BARAT","label":"sebelum"},"geometry":{"type":"Polygon","coordinates":[[[99.88,0.4],[99.96,0.4],[99.96,0.48],[99.88,0.48],[99.88,0.4]]]}},{"type":"Feature","id":1633,"properties":{"ntl_value":0.364,"nmkab":"MANDAILING NATAL","nmprov":"SUMATERA UTARA","label":"sebelum"},"geometry":{"type":"Polygon","coordinates":[[[99.88,0.48],[99.96,0.48],[99.96,0.56],[99.88,0.56],[99.88,0.48]]]}},{"type":"Feature","id":1634,"properties":{"ntl_value":0.392,"nmkab":"MANDAILING NATAL","nmprov":"SUMATERA UTARA","label":"sebelum"},"geometry":{"type":"Polygon","coordinates":[[[99.88,0.56],[99.96,0.56],[99.96,0.64],[99.88,0.64],[99.88,0.56]]]}},{"type":"Feature","id":1635,"properties":{"ntl_value":0.215,"nmkab":"PASAMAN","nmprov":"SUMATERA BARAT","label":"sebelum"},"geometry":{"type":"Polygon","coordinates":[[[99.88,0.64],[99.96,0.64],[99.96,0.72],[99.88,0.72],[99.88,0.64]]]}},{"type":"Feature","id":1636,"properties":{"ntl_value":0.259,"nmkab":"PASAMAN","nmprov":"SUMATERA BARAT","label":"sebelum"},"geometry":{"type":"Polygon","coordinates":[[[99.88,0.72],[99.96,0.72],[99.96,0.8],[99.88,0.8],[99.88,0.72]]]}},{"type":"Feature","id":1637,"properties":{"ntl_value":0.302,"nmkab":"PASAMAN","nmprov":"SUMATERA BARAT","label":"sebelum"},"geometry":{"type":"Polygon","coordinates":[[[99.88,0.8],[99.96,0.8],[99.96,0.88],[99.88,0.88],[99.88,0.8]]]}},{"type":"Feature","id":1638,"properties":{"ntl_value":0.441,"nmkab":"PADANG LAWAS","nmprov":"SUMATERA UTARA","label":"sebelum"},"geometry":{"type":"Polygon","coordinates":[[[99.88,0.88],[99.96,0.88],[99.96,0.96],[99.88,0.96],[99.88,0.88]]]}},{"type":"Feature","id":1639,"properties":{"ntl_value":0.466,"nmkab":"PADANG LAWAS","nmprov":"SUMATERA UTARA","label":"sebelum"},"geometry":{"type":"Polygon","coordinates":[[[99.88,0.96],[99.96,0.96],[99.96,1.04],[99.88,1.04],[99.88,0.96]]]}},{"type":"Feature","id":1640,"properties":{"ntl_value":0.477,"nmkab":"PADANG LAWAS","nmprov":"SUMATERA UTARA","label":"sebelum"},"geometry":{"type":"Polygon","coordinates":[[[99.88,1.04],[99.96,1.04],[99.96,1.12],[99.88,1.12],[99.88,1.04]]]}},{"type":"Feature","id":1641,"properties":{"ntl_value":0.418,"nmkab":"PADANG LAWAS","nmprov":"SUMATERA UTARA","label":"sebelum"},"geometry":{"type":"Polygon","coordinates":[[[99.88,1.12],[99.96,1.12],[99.96,1.2],[99.88,1.2],[99.88,1.12]]]}},{"type":"Feature","id":1642,"properties":{"ntl_value":0.387,"nmkab":"PADANG LAWAS","nmprov":"SUMATERA UTARA","label":"sebelum"},"geometry":{"type":"Polygon","coordinates":[[[99.88,1.2],[99.96,1.2],[99.96,1.28],[99.88,1.28],[99.88,1.2]]]}},{"type":"Feature","id":1643,"properties":{"ntl_value":0.479,"nmkab":"PADANG LAWAS","nmprov":"SUMATERA UTARA","label":"sebelum"},"geometry":{"type":"Polygon","coordinates":[[[99.88,1.28],[99.96,1.28],[99.96,1.36],[99.88,1.36],[99.88,1.28]]]}},{"type":"Feature","id":1644,"properties":{"ntl_value":0.492,"nmkab":"PADANG LAWAS","nmprov":"SUMATERA UTARA","label":"sebelum"},"geometry":{"type":"Polygon","coordinates":[[[99.88,1.36],[99.96,1.36],[99.96,1.44],[99.88,1.44],[99.88,1.36]]]}},{"type":"Feature","id":1645,"properties":{"ntl_value":0.371,"nmkab":"PADANG LAWAS UTARA","nmprov":"SUMATERA UTARA","label":"sebelum"},"geometry":{"type":"Polygon","coordinates":[[[99.88,1.44],[99.96,1.44],[99.96,1.52],[99.88,1.52],[99.88,1.44]]]}},{"type":"Feature","id":1646,"properties":{"ntl_value":0.366,"nmkab":"PADANG LAWAS UTARA","nmprov":"SUMATERA UTARA","label":"sebelum"},"geometry":{"type":"Polygon","coordinates":[[[99.88,1.52],[99.96,1.52],[99.96,1.6],[99.88,1.6],[99.88,1.52]]]}},{"type":"Feature","id":1647,"properties":{"ntl_value":0.423,"nmkab":"PADANG LAWAS UTARA","nmprov":"SUMATERA UTARA","label":"sebelum"},"geometry":{"type":"Polygon","coordinates":[[[99.88,1.6],[99.96,1.6],[99.96,1.68],[99.88,1.68],[99.88,1.6]]]}},{"type":"Feature","id":1648,"properties":{"ntl_value":0.53,"nmkab":"LABUHAN BATU SELATAN","nmprov":"SUMATERA UTARA","label":"sebelum"},"geometry":{"type":"Polygon","coordinates":[[[99.88,1.68],[99.96,1.68],[99.96,1.76],[99.88,1.76],[99.88,1.68]]]}},{"type":"Feature","id":1649,"properties":{"ntl_value":0.401,"nmkab":"LABUHAN BATU SELATAN","nmprov":"SUMATERA UTARA","label":"sebelum"},"geometry":{"type":"Polygon","coordinates":[[[99.88,1.76],[99.96,1.76],[99.96,1.84],[99.88,1.84],[99.88,1.76]]]}},{"type":"Feature","id":1650,"properties":{"ntl_value":0.474,"nmkab":"LABUHAN BATU SELATAN","nmprov":"SUMATERA UTARA","label":"sebelum"},"geometry":{"type":"Polygon","coordinates":[[[99.88,1.84],[99.96,1.84],[99.96,1.92],[99.88,1.92],[99.88,1.84]]]}},{"type":"Feature","id":1651,"properties":{"ntl_value":0.396,"nmkab":"LABUHAN BATU SELATAN","nmprov":"SUMATERA UTARA","label":"sebelum"},"geometry":{"type":"Polygon","coordinates":[[[99.88,1.92],[99.96,1.92],[99.96,2],[99.88,2],[99.88,1.92]]]}},{"type":"Feature","id":1652,"properties":{"ntl_value":0.609,"nmkab":"LABUHAN BATU","nmprov":"SUMATERA UTARA","label":"sebelum"},"geometry":{"type":"Polygon","coordinates":[[[99.88,2],[99.96,2],[99.96,2.08],[99.88,2.08],[99.88,2]]]}},{"type":"Feature","id":1653,"properties":{"ntl_value":0.667,"nmkab":"LABUHAN BATU","nmprov":"SUMATERA UTARA","label":"sebelum"},"geometry":{"type":"Polygon","coordinates":[[[99.88,2.08],[99.96,2.08],[99.96,2.16],[99.88,2.16],[99.88,2.08]]]}},{"type":"Feature","id":1654,"properties":{"ntl_value":0.518,"nmkab":"LABUHAN BATU UTARA","nmprov":"SUMATERA UTARA","label":"sebelum"},"geometry":{"type":"Polygon","coordinates":[[[99.88,2.16],[99.96,2.16],[99.96,2.24],[99.88,2.24],[99.88,2.16]]]}},{"type":"Feature","id":1655,"properties":{"ntl_value":0.494,"nmkab":"LABUHAN BATU UTARA","nmprov":"SUMATERA UTARA","label":"sebelum"},"geometry":{"type":"Polygon","coordinates":[[[99.88,2.24],[99.96,2.24],[99.96,2.32],[99.88,2.32],[99.88,2.24]]]}},{"type":"Feature","id":1656,"properties":{"ntl_value":0.498,"nmkab":"LABUHAN BATU UTARA","nmprov":"SUMATERA UTARA","label":"sebelum"},"geometry":{"type":"Polygon","coordinates":[[[99.88,2.32],[99.96,2.32],[99.96,2.4],[99.88,2.4],[99.88,2.32]]]}},{"type":"Feature","id":1657,"properties":{"ntl_value":0.471,"nmkab":"LABUHAN BATU UTARA","nmprov":"SUMATERA UTARA","label":"sebelum"},"geometry":{"type":"Polygon","coordinates":[[[99.88,2.4],[99.96,2.4],[99.96,2.48],[99.88,2.48],[99.88,2.4]]]}},{"type":"Feature","id":1658,"properties":{"ntl_value":0.509,"nmkab":"LABUHAN BATU UTARA","nmprov":"SUMATERA UTARA","label":"sebelum"},"geometry":{"type":"Polygon","coordinates":[[[99.88,2.48],[99.96,2.48],[99.96,2.56],[99.88,2.56],[99.88,2.48]]]}},{"type":"Feature","id":1659,"properties":{"ntl_value":0.404,"nmkab":"LABUHAN BATU UTARA","nmprov":"SUMATERA UTARA","label":"sebelum"},"geometry":{"type":"Polygon","coordinates":[[[99.88,2.56],[99.96,2.56],[99.96,2.64],[99.88,2.64],[99.88,2.56]]]}},{"type":"Feature","id":1660,"properties":{"ntl_value":0.397,"nmkab":"LABUHAN BATU UTARA","nmprov":"SUMATERA UTARA","label":"sebelum"},"geometry":{"type":"Polygon","coordinates":[[[99.88,2.64],[99.96,2.64],[99.96,2.72],[99.88,2.72],[99.88,2.64]]]}},{"type":"Feature","id":1661,"properties":{"ntl_value":0.431,"nmkab":"LABUHAN BATU UTARA","nmprov":"SUMATERA UTARA","label":"sebelum"},"geometry":{"type":"Polygon","coordinates":[[[99.88,2.72],[99.96,2.72],[99.96,2.8],[99.88,2.8],[99.88,2.72]]]}},{"type":"Feature","id":1662,"properties":{"ntl_value":0.516,"nmkab":"ASAHAN","nmprov":"SUMATERA UTARA","label":"sebelum"},"geometry":{"type":"Polygon","coordinates":[[[99.88,2.8],[99.96,2.8],[99.96,2.88],[99.88,2.88],[99.88,2.8]]]}},{"type":"Feature","id":1663,"properties":{"ntl_value":0.6,"nmkab":"ASAHAN","nmprov":"SUMATERA UTARA","label":"sebelum"},"geometry":{"type":"Polygon","coordinates":[[[99.88,2.88],[99.96,2.88],[99.96,2.96],[99.88,2.96],[99.88,2.88]]]}},{"type":"Feature","id":1664,"properties":{"ntl_value":0.418,"nmkab":"KEPULAUAN MENTAWAI","nmprov":"SUMATERA BARAT","label":"sebelum"},"geometry":{"type":"Polygon","coordinates":[[[99.96,-2.8],[100.04,-2.8],[100.04,-2.72],[99.96,-2.72],[99.96,-2.8]]]}},{"type":"Feature","id":1665,"properties":{"ntl_value":0.405,"nmkab":"KEPULAUAN MENTAWAI","nmprov":"SUMATERA BARAT","label":"sebelum"},"geometry":{"type":"Polygon","coordinates":[[[99.96,-2.64],[100.04,-2.64],[100.04,-2.56],[99.96,-2.56],[99.96,-2.64]]]}},{"type":"Feature","id":1666,"properties":{"ntl_value":0.509,"nmkab":"KEPULAUAN MENTAWAI","nmprov":"SUMATERA BARAT","label":"sebelum"},"geometry":{"type":"Polygon","coordinates":[[[99.96,-2.56],[100.04,-2.56],[100.04,-2.48],[99.96,-2.48],[99.96,-2.56]]]}},{"type":"Feature","id":1667,"properties":{"ntl_value":0.474,"nmkab":"PADANG PARIAMAN","nmprov":"SUMATERA BARAT","label":"sebelum"},"geometry":{"type":"Polygon","coordinates":[[[99.96,-0.48],[100.04,-0.48],[100.04,-0.4],[99.96,-0.4],[99.96,-0.48]]]}},{"type":"Feature","id":1668,"properties":{"ntl_value":0.496,"nmkab":"PADANG PARIAMAN","nmprov":"SUMATERA BARAT","label":"sebelum"},"geometry":{"type":"Polygon","coordinates":[[[99.96,-0.4],[100.04,-0.4],[100.04,-0.32],[99.96,-0.32],[99.96,-0.4]]]}},{"type":"Feature","id":1669,"properties":{"ntl_value":0.546,"nmkab":"AGAM","nmprov":"SUMATERA BARAT","label":"sebelum"},"geometry":{"type":"Polygon","coordinates":[[[99.96,-0.32],[100.04,-0.32],[100.04,-0.24],[99.96,-0.24],[99.96,-0.32]]]}},{"type":"Feature","id":1670,"properties":{"ntl_value":0.463,"nmkab":"AGAM","nmprov":"SUMATERA BARAT","label":"sebelum"},"geometry":{"type":"Polygon","coordinates":[[[99.96,-0.24],[100.04,-0.24],[100.04,-0.16],[99.96,-0.16],[99.96,-0.24]]]}},{"type":"Feature","id":1671,"properties":{"ntl_value":0.476,"nmkab":"AGAM","nmprov":"SUMATERA BARAT","label":"sebelum"},"geometry":{"type":"Polygon","coordinates":[[[99.96,-0.16],[100.04,-0.16],[100.04,-0.08],[99.96,-0.08],[99.96,-0.16]]]}},{"type":"Feature","id":1672,"properties":{"ntl_value":0.434,"nmkab":"PASAMAN BARAT","nmprov":"SUMATERA BARAT","label":"sebelum"},"geometry":{"type":"Polygon","coordinates":[[[99.96,-0.08],[100.04,-0.08],[100.04,0],[99.96,0],[99.96,-0.08]]]}},{"type":"Feature","id":1673,"properties":{"ntl_value":0.296,"nmkab":"PASAMAN","nmprov":"SUMATERA BARAT","label":"sebelum"},"geometry":{"type":"Polygon","coordinates":[[[99.96,0],[100.04,0],[100.04,0.08],[99.96,0.08],[99.96,0]]]}},{"type":"Feature","id":1674,"properties":{"ntl_value":0.518,"nmkab":"PASAMAN BARAT","nmprov":"SUMATERA BARAT","label":"sebelum"},"geometry":{"type":"Polygon","coordinates":[[[99.96,0.08],[100.04,0.08],[100.04,0.16],[99.96,0.16],[99.96,0.08]]]}},{"type":"Feature","id":1675,"properties":{"ntl_value":0.508,"nmkab":"PASAMAN BARAT","nmprov":"SUMATERA BARAT","label":"sebelum"},"geometry":{"type":"Polygon","coordinates":[[[99.96,0.16],[100.04,0.16],[100.04,0.24],[99.96,0.24],[99.96,0.16]]]}},{"type":"Feature","id":1676,"properties":{"ntl_value":0.275,"nmkab":"PASAMAN","nmprov":"SUMATERA BARAT","label":"sebelum"},"geometry":{"type":"Polygon","coordinates":[[[99.96,0.24],[100.04,0.24],[100.04,0.32],[99.96,0.32],[99.96,0.24]]]}},{"type":"Feature","id":1677,"properties":{"ntl_value":0.236,"nmkab":"PASAMAN","nmprov":"SUMATERA BARAT","label":"sebelum"},"geometry":{"type":"Polygon","coordinates":[[[99.96,0.32],[100.04,0.32],[100.04,0.4],[99.96,0.4],[99.96,0.32]]]}},{"type":"Feature","id":1678,"properties":{"ntl_value":0.205,"nmkab":"PASAMAN","nmprov":"SUMATERA BARAT","label":"sebelum"},"geometry":{"type":"Polygon","coordinates":[[[99.96,0.4],[100.04,0.4],[100.04,0.48],[99.96,0.48],[99.96,0.4]]]}},{"type":"Feature","id":1679,"properties":{"ntl_value":0.203,"nmkab":"PASAMAN","nmprov":"SUMATERA BARAT","label":"sebelum"},"geometry":{"type":"Polygon","coordinates":[[[99.96,0.48],[100.04,0.48],[100.04,0.56],[99.96,0.56],[99.96,0.48]]]}},{"type":"Feature","id":1680,"properties":{"ntl_value":0.248,"nmkab":"PASAMAN","nmprov":"SUMATERA BARAT","label":"sebelum"},"geometry":{"type":"Polygon","coordinates":[[[99.96,0.56],[100.04,0.56],[100.04,0.64],[99.96,0.64],[99.96,0.56]]]}},{"type":"Feature","id":1681,"properties":{"ntl_value":0.215,"nmkab":"PASAMAN","nmprov":"SUMATERA BARAT","label":"sebelum"},"geometry":{"type":"Polygon","coordinates":[[[99.96,0.64],[100.04,0.64],[100.04,0.72],[99.96,0.72],[99.96,0.64]]]}},{"type":"Feature","id":1682,"properties":{"ntl_value":0.278,"nmkab":"PASAMAN","nmprov":"SUMATERA BARAT","label":"sebelum"},"geometry":{"type":"Polygon","coordinates":[[[99.96,0.72],[100.04,0.72],[100.04,0.8],[99.96,0.8],[99.96,0.72]]]}},{"type":"Feature","id":1683,"properties":{"ntl_value":0.315,"nmkab":"PASAMAN","nmprov":"SUMATERA BARAT","label":"sebelum"},"geometry":{"type":"Polygon","coordinates":[[[99.96,0.8],[100.04,0.8],[100.04,0.88],[99.96,0.88],[99.96,0.8]]]}},{"type":"Feature","id":1684,"properties":{"ntl_value":0.359,"nmkab":"PADANG LAWAS","nmprov":"SUMATERA UTARA","label":"sebelum"},"geometry":{"type":"Polygon","coordinates":[[[99.96,0.88],[100.04,0.88],[100.04,0.96],[99.96,0.96],[99.96,0.88]]]}},{"type":"Feature","id":1685,"properties":{"ntl_value":0.437,"nmkab":"PADANG LAWAS","nmprov":"SUMATERA UTARA","label":"sebelum"},"geometry":{"type":"Polygon","coordinates":[[[99.96,0.96],[100.04,0.96],[100.04,1.04],[99.96,1.04],[99.96,0.96]]]}},{"type":"Feature","id":1686,"properties":{"ntl_value":0.437,"nmkab":"PADANG LAWAS","nmprov":"SUMATERA UTARA","label":"sebelum"},"geometry":{"type":"Polygon","coordinates":[[[99.96,1.04],[100.04,1.04],[100.04,1.12],[99.96,1.12],[99.96,1.04]]]}},{"type":"Feature","id":1687,"properties":{"ntl_value":0.394,"nmkab":"PADANG LAWAS","nmprov":"SUMATERA UTARA","label":"sebelum"},"geometry":{"type":"Polygon","coordinates":[[[99.96,1.12],[100.04,1.12],[100.04,1.2],[99.96,1.2],[99.96,1.12]]]}},{"type":"Feature","id":1688,"properties":{"ntl_value":0.498,"nmkab":"PADANG LAWAS","nmprov":"SUMATERA UTARA","label":"sebelum"},"geometry":{"type":"Polygon","coordinates":[[[99.96,1.2],[100.04,1.2],[100.04,1.28],[99.96,1.28],[99.96,1.2]]]}},{"type":"Feature","id":1689,"properties":{"ntl_value":0.49,"nmkab":"PADANG LAWAS","nmprov":"SUMATERA UTARA","label":"sebelum"},"geometry":{"type":"Polygon","coordinates":[[[99.96,1.28],[100.04,1.28],[100.04,1.36],[99.96,1.36],[99.96,1.28]]]}},{"type":"Feature","id":1690,"properties":{"ntl_value":0.411,"nmkab":"PADANG LAWAS UTARA","nmprov":"SUMATERA UTARA","label":"sebelum"},"geometry":{"type":"Polygon","coordinates":[[[99.96,1.36],[100.04,1.36],[100.04,1.44],[99.96,1.44],[99.96,1.36]]]}},{"type":"Feature","id":1691,"properties":{"ntl_value":0.46,"nmkab":"PADANG LAWAS UTARA","nmprov":"SUMATERA UTARA","label":"sebelum"},"geometry":{"type":"Polygon","coordinates":[[[99.96,1.44],[100.04,1.44],[100.04,1.52],[99.96,1.52],[99.96,1.44]]]}},{"type":"Feature","id":1692,"properties":{"ntl_value":0.382,"nmkab":"PADANG LAWAS UTARA","nmprov":"SUMATERA UTARA","label":"sebelum"},"geometry":{"type":"Polygon","coordinates":[[[99.96,1.52],[100.04,1.52],[100.04,1.6],[99.96,1.6],[99.96,1.52]]]}},{"type":"Feature","id":1693,"properties":{"ntl_value":0.377,"nmkab":"PADANG LAWAS UTARA","nmprov":"SUMATERA UTARA","label":"sebelum"},"geometry":{"type":"Polygon","coordinates":[[[99.96,1.6],[100.04,1.6],[100.04,1.68],[99.96,1.68],[99.96,1.6]]]}},{"type":"Feature","id":1694,"properties":{"ntl_value":0.54,"nmkab":"LABUHAN BATU SELATAN","nmprov":"SUMATERA UTARA","label":"sebelum"},"geometry":{"type":"Polygon","coordinates":[[[99.96,1.68],[100.04,1.68],[100.04,1.76],[99.96,1.76],[99.96,1.68]]]}},{"type":"Feature","id":1695,"properties":{"ntl_value":0.538,"nmkab":"LABUHAN BATU SELATAN","nmprov":"SUMATERA UTARA","label":"sebelum"},"geometry":{"type":"Polygon","coordinates":[[[99.96,1.76],[100.04,1.76],[100.04,1.84],[99.96,1.84],[99.96,1.76]]]}},{"type":"Feature","id":1696,"properties":{"ntl_value":0.469,"nmkab":"LABUHAN BATU SELATAN","nmprov":"SUMATERA UTARA","label":"sebelum"},"geometry":{"type":"Polygon","coordinates":[[[99.96,1.84],[100.04,1.84],[100.04,1.92],[99.96,1.92],[99.96,1.84]]]}},{"type":"Feature","id":1697,"properties":{"ntl_value":0.588,"nmkab":"LABUHAN BATU","nmprov":"SUMATERA UTARA","label":"sebelum"},"geometry":{"type":"Polygon","coordinates":[[[99.96,1.92],[100.04,1.92],[100.04,2],[99.96,2],[99.96,1.92]]]}},{"type":"Feature","id":1698,"properties":{"ntl_value":0.71,"nmkab":"LABUHAN BATU","nmprov":"SUMATERA UTARA","label":"sebelum"},"geometry":{"type":"Polygon","coordinates":[[[99.96,2],[100.04,2],[100.04,2.08],[99.96,2.08],[99.96,2]]]}},{"type":"Feature","id":1699,"properties":{"ntl_value":0.645,"nmkab":"LABUHAN BATU","nmprov":"SUMATERA UTARA","label":"sebelum"},"geometry":{"type":"Polygon","coordinates":[[[99.96,2.08],[100.04,2.08],[100.04,2.16],[99.96,2.16],[99.96,2.08]]]}},{"type":"Feature","id":1700,"properties":{"ntl_value":0.604,"nmkab":"LABUHAN BATU","nmprov":"SUMATERA UTARA","label":"sebelum"},"geometry":{"type":"Polygon","coordinates":[[[99.96,2.16],[100.04,2.16],[100.04,2.24],[99.96,2.24],[99.96,2.16]]]}},{"type":"Feature","id":1701,"properties":{"ntl_value":0.652,"nmkab":"LABUHAN BATU","nmprov":"SUMATERA UTARA","label":"sebelum"},"geometry":{"type":"Polygon","coordinates":[[[99.96,2.24],[100.04,2.24],[100.04,2.32],[99.96,2.32],[99.96,2.24]]]}},{"type":"Feature","id":1702,"properties":{"ntl_value":0.707,"nmkab":"LABUHAN BATU","nmprov":"SUMATERA UTARA","label":"sebelum"},"geometry":{"type":"Polygon","coordinates":[[[99.96,2.32],[100.04,2.32],[100.04,2.4],[99.96,2.4],[99.96,2.32]]]}},{"type":"Feature","id":1703,"properties":{"ntl_value":0.685,"nmkab":"LABUHAN BATU","nmprov":"SUMATERA UTARA","label":"sebelum"},"geometry":{"type":"Polygon","coordinates":[[[99.96,2.4],[100.04,2.4],[100.04,2.48],[99.96,2.48],[99.96,2.4]]]}},{"type":"Feature","id":1704,"properties":{"ntl_value":0.464,"nmkab":"LABUHAN BATU UTARA","nmprov":"SUMATERA UTARA","label":"sebelum"},"geometry":{"type":"Polygon","coordinates":[[[99.96,2.48],[100.04,2.48],[100.04,2.56],[99.96,2.56],[99.96,2.48]]]}},{"type":"Feature","id":1705,"properties":{"ntl_value":0.503,"nmkab":"LABUHAN BATU UTARA","nmprov":"SUMATERA UTARA","label":"sebelum"},"geometry":{"type":"Polygon","coordinates":[[[99.96,2.56],[100.04,2.56],[100.04,2.64],[99.96,2.64],[99.96,2.56]]]}},{"type":"Feature","id":1706,"properties":{"ntl_value":0.53,"nmkab":"LABUHAN BATU UTARA","nmprov":"SUMATERA UTARA","label":"sebelum"},"geometry":{"type":"Polygon","coordinates":[[[99.96,2.64],[100.04,2.64],[100.04,2.72],[99.96,2.72],[99.96,2.64]]]}},{"type":"Feature","id":1707,"properties":{"ntl_value":0.415,"nmkab":"KEPULAUAN MENTAWAI","nmprov":"SUMATERA BARAT","label":"sebelum"},"geometry":{"type":"Polygon","coordinates":[[[100.04,-2.88],[100.12,-2.88],[100.12,-2.8],[100.04,-2.8],[100.04,-2.88]]]}},{"type":"Feature","id":1708,"properties":{"ntl_value":0.451,"nmkab":"KEPULAUAN MENTAWAI","nmprov":"SUMATERA BARAT","label":"sebelum"},"geometry":{"type":"Polygon","coordinates":[[[100.04,-2.8],[100.12,-2.8],[100.12,-2.72],[100.04,-2.72],[100.04,-2.8]]]}},{"type":"Feature","id":1709,"properties":{"ntl_value":0.402,"nmkab":"KEPULAUAN MENTAWAI","nmprov":"SUMATERA BARAT","label":"sebelum"},"geometry":{"type":"Polygon","coordinates":[[[100.04,-2.72],[100.12,-2.72],[100.12,-2.64],[100.04,-2.64],[100.04,-2.72]]]}},{"type":"Feature","id":1710,"properties":{"ntl_value":0.475,"nmkab":"KEPULAUAN MENTAWAI","nmprov":"SUMATERA BARAT","label":"sebelum"},"geometry":{"type":"Polygon","coordinates":[[[100.04,-2.64],[100.12,-2.64],[100.12,-2.56],[100.04,-2.56],[100.04,-2.64]]]}},{"type":"Feature","id":1711,"properties":{"ntl_value":0.538,"nmkab":"PADANG PARIAMAN","nmprov":"SUMATERA BARAT","label":"sebelum"},"geometry":{"type":"Polygon","coordinates":[[[100.04,-0.56],[100.12,-0.56],[100.12,-0.48],[100.04,-0.48],[100.04,-0.56]]]}},{"type":"Feature","id":1712,"properties":{"ntl_value":0.501,"nmkab":"PADANG PARIAMAN","nmprov":"SUMATERA BARAT","label":"sebelum"},"geometry":{"type":"Polygon","coordinates":[[[100.04,-0.48],[100.12,-0.48],[100.12,-0.4],[100.04,-0.4],[100.04,-0.48]]]}},{"type":"Feature","id":1713,"properties":{"ntl_value":0.491,"nmkab":"PADANG PARIAMAN","nmprov":"SUMATERA BARAT","label":"sebelum"},"geometry":{"type":"Polygon","coordinates":[[[100.04,-0.4],[100.12,-0.4],[100.12,-0.32],[100.04,-0.32],[100.04,-0.4]]]}},{"type":"Feature","id":1714,"properties":{"ntl_value":0.499,"nmkab":"AGAM","nmprov":"SUMATERA BARAT","label":"sebelum"},"geometry":{"type":"Polygon","coordinates":[[[100.04,-0.32],[100.12,-0.32],[100.12,-0.24],[100.04,-0.24],[100.04,-0.32]]]}},{"type":"Feature","id":1715,"properties":{"ntl_value":0.433,"nmkab":"AGAM","nmprov":"SUMATERA BARAT","label":"sebelum"},"geometry":{"type":"Polygon","coordinates":[[[100.04,-0.24],[100.12,-0.24],[100.12,-0.16],[100.04,-0.16],[100.04,-0.24]]]}},{"type":"Feature","id":1716,"properties":{"ntl_value":0.439,"nmkab":"AGAM","nmprov":"SUMATERA BARAT","label":"sebelum"},"geometry":{"type":"Polygon","coordinates":[[[100.04,-0.16],[100.12,-0.16],[100.12,-0.08],[100.04,-0.08],[100.04,-0.16]]]}},{"type":"Feature","id":1717,"properties":{"ntl_value":0.229,"nmkab":"PASAMAN","nmprov":"SUMATERA BARAT","label":"sebelum"},"geometry":{"type":"Polygon","coordinates":[[[100.04,-0.08],[100.12,-0.08],[100.12,0],[100.04,0],[100.04,-0.08]]]}},{"type":"Feature","id":1718,"properties":{"ntl_value":0.279,"nmkab":"PASAMAN","nmprov":"SUMATERA BARAT","label":"sebelum"},"geometry":{"type":"Polygon","coordinates":[[[100.04,0],[100.12,0],[100.12,0.08],[100.04,0.08],[100.04,0]]]}},{"type":"Feature","id":1719,"properties":{"ntl_value":0.307,"nmkab":"PASAMAN","nmprov":"SUMATERA BARAT","label":"sebelum"},"geometry":{"type":"Polygon","coordinates":[[[100.04,0.08],[100.12,0.08],[100.12,0.16],[100.04,0.16],[100.04,0.08]]]}},{"type":"Feature","id":1720,"properties":{"ntl_value":0.232,"nmkab":"PASAMAN","nmprov":"SUMATERA BARAT","label":"sebelum"},"geometry":{"type":"Polygon","coordinates":[[[100.04,0.16],[100.12,0.16],[100.12,0.24],[100.04,0.24],[100.04,0.16]]]}},{"type":"Feature","id":1721,"properties":{"ntl_value":0.278,"nmkab":"PASAMAN","nmprov":"SUMATERA BARAT","label":"sebelum"},"geometry":{"type":"Polygon","coordinates":[[[100.04,0.24],[100.12,0.24],[100.12,0.32],[100.04,0.32],[100.04,0.24]]]}},{"type":"Feature","id":1722,"properties":{"ntl_value":0.219,"nmkab":"PASAMAN","nmprov":"SUMATERA BARAT","label":"sebelum"},"geometry":{"type":"Polygon","coordinates":[[[100.04,0.32],[100.12,0.32],[100.12,0.4],[100.04,0.4],[100.04,0.32]]]}},{"type":"Feature","id":1723,"properties":{"ntl_value":0.281,"nmkab":"PASAMAN","nmprov":"SUMATERA BARAT","label":"sebelum"},"geometry":{"type":"Polygon","coordinates":[[[100.04,0.4],[100.12,0.4],[100.12,0.48],[100.04,0.48],[100.04,0.4]]]}},{"type":"Feature","id":1724,"properties":{"ntl_value":0.241,"nmkab":"PASAMAN","nmprov":"SUMATERA BARAT","label":"sebelum"},"geometry":{"type":"Polygon","coordinates":[[[100.04,0.48],[100.12,0.48],[100.12,0.56],[100.04,0.56],[100.04,0.48]]]}},{"type":"Feature","id":1725,"properties":{"ntl_value":0.327,"nmkab":"PASAMAN","nmprov":"SUMATERA BARAT","label":"sebelum"},"geometry":{"type":"Polygon","coordinates":[[[100.04,0.56],[100.12,0.56],[100.12,0.64],[100.04,0.64],[100.04,0.56]]]}},{"type":"Feature","id":1726,"properties":{"ntl_value":0.32,"nmkab":"PASAMAN","nmprov":"SUMATERA BARAT","label":"sebelum"},"geometry":{"type":"Polygon","coordinates":[[[100.04,0.64],[100.12,0.64],[100.12,0.72],[100.04,0.72],[100.04,0.64]]]}},{"type":"Feature","id":1727,"properties":{"ntl_value":0.302,"nmkab":"PASAMAN","nmprov":"SUMATERA BARAT","label":"sebelum"},"geometry":{"type":"Polygon","coordinates":[[[100.04,0.72],[100.12,0.72],[100.12,0.8],[100.04,0.8],[100.04,0.72]]]}},{"type":"Feature","id":1728,"properties":{"ntl_value":0.36,"nmkab":"PADANG LAWAS","nmprov":"SUMATERA UTARA","label":"sebelum"},"geometry":{"type":"Polygon","coordinates":[[[100.04,0.8],[100.12,0.8],[100.12,0.88],[100.04,0.88],[100.04,0.8]]]}},{"type":"Feature","id":1729,"properties":{"ntl_value":0.424,"nmkab":"PADANG LAWAS","nmprov":"SUMATERA UTARA","label":"sebelum"},"geometry":{"type":"Polygon","coordinates":[[[100.04,0.88],[100.12,0.88],[100.12,0.96],[100.04,0.96],[100.04,0.88]]]}},{"type":"Feature","id":1730,"properties":{"ntl_value":0.434,"nmkab":"PADANG LAWAS","nmprov":"SUMATERA UTARA","label":"sebelum"},"geometry":{"type":"Polygon","coordinates":[[[100.04,0.96],[100.12,0.96],[100.12,1.04],[100.04,1.04],[100.04,0.96]]]}},{"type":"Feature","id":1731,"properties":{"ntl_value":0.48,"nmkab":"PADANG LAWAS","nmprov":"SUMATERA UTARA","label":"sebelum"},"geometry":{"type":"Polygon","coordinates":[[[100.04,1.04],[100.12,1.04],[100.12,1.12],[100.04,1.12],[100.04,1.04]]]}},{"type":"Feature","id":1732,"properties":{"ntl_value":0.352,"nmkab":"PADANG LAWAS","nmprov":"SUMATERA UTARA","label":"sebelum"},"geometry":{"type":"Polygon","coordinates":[[[100.04,1.12],[100.12,1.12],[100.12,1.2],[100.04,1.2],[100.04,1.12]]]}},{"type":"Feature","id":1733,"properties":{"ntl_value":0.443,"nmkab":"PADANG LAWAS","nmprov":"SUMATERA UTARA","label":"sebelum"},"geometry":{"type":"Polygon","coordinates":[[[100.04,1.2],[100.12,1.2],[100.12,1.28],[100.04,1.28],[100.04,1.2]]]}},{"type":"Feature","id":1734,"properties":{"ntl_value":0.467,"nmkab":"PADANG LAWAS UTARA","nmprov":"SUMATERA UTARA","label":"sebelum"},"geometry":{"type":"Polygon","coordinates":[[[100.04,1.36],[100.12,1.36],[100.12,1.44],[100.04,1.44],[100.04,1.36]]]}},{"type":"Feature","id":1735,"properties":{"ntl_value":0.445,"nmkab":"PADANG LAWAS UTARA","nmprov":"SUMATERA UTARA","label":"sebelum"},"geometry":{"type":"Polygon","coordinates":[[[100.04,1.44],[100.12,1.44],[100.12,1.52],[100.04,1.52],[100.04,1.44]]]}},{"type":"Feature","id":1736,"properties":{"ntl_value":0.435,"nmkab":"PADANG LAWAS UTARA","nmprov":"SUMATERA UTARA","label":"sebelum"},"geometry":{"type":"Polygon","coordinates":[[[100.04,1.52],[100.12,1.52],[100.12,1.6],[100.04,1.6],[100.04,1.52]]]}},{"type":"Feature","id":1737,"properties":{"ntl_value":0.39,"nmkab":"PADANG LAWAS UTARA","nmprov":"SUMATERA UTARA","label":"sebelum"},"geometry":{"type":"Polygon","coordinates":[[[100.04,1.6],[100.12,1.6],[100.12,1.68],[100.04,1.68],[100.04,1.6]]]}},{"type":"Feature","id":1738,"properties":{"ntl_value":0.415,"nmkab":"PADANG LAWAS UTARA","nmprov":"SUMATERA UTARA","label":"sebelum"},"geometry":{"type":"Polygon","coordinates":[[[100.04,1.68],[100.12,1.68],[100.12,1.76],[100.04,1.76],[100.04,1.68]]]}},{"type":"Feature","id":1739,"properties":{"ntl_value":0.509,"nmkab":"LABUHAN BATU SELATAN","nmprov":"SUMATERA UTARA","label":"sebelum"},"geometry":{"type":"Polygon","coordinates":[[[100.04,1.76],[100.12,1.76],[100.12,1.84],[100.04,1.84],[100.04,1.76]]]}},{"type":"Feature","id":1740,"properties":{"ntl_value":0.398,"nmkab":"LABUHAN BATU SELATAN","nmprov":"SUMATERA UTARA","label":"sebelum"},"geometry":{"type":"Polygon","coordinates":[[[100.04,1.84],[100.12,1.84],[100.12,1.92],[100.04,1.92],[100.04,1.84]]]}},{"type":"Feature","id":1741,"properties":{"ntl_value":0.535,"nmkab":"LABUHAN BATU SELATAN","nmprov":"SUMATERA UTARA","label":"sebelum"},"geometry":{"type":"Polygon","coordinates":[[[100.04,1.92],[100.12,1.92],[100.12,2],[100.04,2],[100.04,1.92]]]}},{"type":"Feature","id":1742,"properties":{"ntl_value":0.434,"nmkab":"LABUHAN BATU SELATAN","nmprov":"SUMATERA UTARA","label":"sebelum"},"geometry":{"type":"Polygon","coordinates":[[[100.04,2],[100.12,2],[100.12,2.08],[100.04,2.08],[100.04,2]]]}},{"type":"Feature","id":1743,"properties":{"ntl_value":0.511,"nmkab":"LABUHAN BATU SELATAN","nmprov":"SUMATERA UTARA","label":"sebelum"},"geometry":{"type":"Polygon","coordinates":[[[100.04,2.08],[100.12,2.08],[100.12,2.16],[100.04,2.16],[100.04,2.08]]]}},{"type":"Feature","id":1744,"properties":{"ntl_value":0.631,"nmkab":"LABUHAN BATU","nmprov":"SUMATERA UTARA","label":"sebelum"},"geometry":{"type":"Polygon","coordinates":[[[100.04,2.16],[100.12,2.16],[100.12,2.24],[100.04,2.24],[100.04,2.16]]]}},{"type":"Feature","id":1745,"properties":{"ntl_value":0.673,"nmkab":"LABUHAN BATU","nmprov":"SUMATERA UTARA","label":"sebelum"},"geometry":{"type":"Polygon","coordinates":[[[100.04,2.24],[100.12,2.24],[100.12,2.32],[100.04,2.32],[100.04,2.24]]]}},{"type":"Feature","id":1746,"properties":{"ntl_value":0.654,"nmkab":"LABUHAN BATU","nmprov":"SUMATERA UTARA","label":"sebelum"},"geometry":{"type":"Polygon","coordinates":[[[100.04,2.32],[100.12,2.32],[100.12,2.4],[100.04,2.4],[100.04,2.32]]]}},{"type":"Feature","id":1747,"properties":{"ntl_value":0.701,"nmkab":"LABUHAN BATU","nmprov":"SUMATERA UTARA","label":"sebelum"},"geometry":{"type":"Polygon","coordinates":[[[100.04,2.4],[100.12,2.4],[100.12,2.48],[100.04,2.48],[100.04,2.4]]]}},{"type":"Feature","id":1748,"properties":{"ntl_value":0.641,"nmkab":"LABUHAN BATU","nmprov":"SUMATERA UTARA","label":"sebelum"},"geometry":{"type":"Polygon","coordinates":[[[100.04,2.48],[100.12,2.48],[100.12,2.56],[100.04,2.56],[100.04,2.48]]]}},{"type":"Feature","id":1749,"properties":{"ntl_value":0.603,"nmkab":"LABUHAN BATU","nmprov":"SUMATERA UTARA","label":"sebelum"},"geometry":{"type":"Polygon","coordinates":[[[100.04,2.56],[100.12,2.56],[100.12,2.64],[100.04,2.64],[100.04,2.56]]]}},{"type":"Feature","id":1750,"properties":{"ntl_value":0.72,"nmkab":"LABUHAN BATU","nmprov":"SUMATERA UTARA","label":"sebelum"},"geometry":{"type":"Polygon","coordinates":[[[100.04,2.64],[100.12,2.64],[100.12,2.72],[100.04,2.72],[100.04,2.64]]]}},{"type":"Feature","id":1751,"properties":{"ntl_value":0.411,"nmkab":"KEPULAUAN MENTAWAI","nmprov":"SUMATERA BARAT","label":"sebelum"},"geometry":{"type":"Polygon","coordinates":[[[100.12,-2.8],[100.2,-2.8],[100.2,-2.72],[100.12,-2.72],[100.12,-2.8]]]}},{"type":"Feature","id":1752,"properties":{"ntl_value":0.497,"nmkab":"KEPULAUAN MENTAWAI","nmprov":"SUMATERA BARAT","label":"sebelum"},"geometry":{"type":"Polygon","coordinates":[[[100.12,-2.72],[100.2,-2.72],[100.2,-2.64],[100.12,-2.64],[100.12,-2.72]]]}},{"type":"Feature","id":1753,"properties":{"ntl_value":0.724,"nmkab":"PARIAMAN","nmprov":"SUMATERA BARAT","label":"sebelum"},"geometry":{"type":"Polygon","coordinates":[[[100.12,-0.64],[100.2,-0.64],[100.2,-0.56],[100.12,-0.56],[100.12,-0.64]]]}},{"type":"Feature","id":1754,"properties":{"ntl_value":0.52,"nmkab":"PADANG PARIAMAN","nmprov":"SUMATERA BARAT","label":"sebelum"},"geometry":{"type":"Polygon","coordinates":[[[100.12,-0.56],[100.2,-0.56],[100.2,-0.48],[100.12,-0.48],[100.12,-0.56]]]}},{"type":"Feature","id":1755,"properties":{"ntl_value":0.622,"nmkab":"PADANG PARIAMAN","nmprov":"SUMATERA BARAT","label":"sebelum"},"geometry":{"type":"Polygon","coordinates":[[[100.12,-0.48],[100.2,-0.48],[100.2,-0.4],[100.12,-0.4],[100.12,-0.48]]]}},{"type":"Feature","id":1756,"properties":{"ntl_value":0.55,"nmkab":"AGAM","nmprov":"SUMATERA BARAT","label":"sebelum"},"geometry":{"type":"Polygon","coordinates":[[[100.12,-0.4],[100.2,-0.4],[100.2,-0.32],[100.12,-0.32],[100.12,-0.4]]]}},{"type":"Feature","id":1757,"properties":{"ntl_value":0.514,"nmkab":"AGAM","nmprov":"SUMATERA BARAT","label":"sebelum"},"geometry":{"type":"Polygon","coordinates":[[[100.12,-0.32],[100.2,-0.32],[100.2,-0.24],[100.12,-0.24],[100.12,-0.32]]]}},{"type":"Feature","id":1758,"properties":{"ntl_value":0.51,"nmkab":"AGAM","nmprov":"SUMATERA BARAT","label":"sebelum"},"geometry":{"type":"Polygon","coordinates":[[[100.12,-0.24],[100.2,-0.24],[100.2,-0.16],[100.12,-0.16],[100.12,-0.24]]]}},{"type":"Feature","id":1759,"properties":{"ntl_value":0.453,"nmkab":"AGAM","nmprov":"SUMATERA BARAT","label":"sebelum"},"geometry":{"type":"Polygon","coordinates":[[[100.12,-0.16],[100.2,-0.16],[100.2,-0.08],[100.12,-0.08],[100.12,-0.16]]]}},{"type":"Feature","id":1760,"properties":{"ntl_value":0.203,"nmkab":"PASAMAN","nmprov":"SUMATERA BARAT","label":"sebelum"},"geometry":{"type":"Polygon","coordinates":[[[100.12,-0.08],[100.2,-0.08],[100.2,0],[100.12,0],[100.12,-0.08]]]}},{"type":"Feature","id":1761,"properties":{"ntl_value":0.232,"nmkab":"PASAMAN","nmprov":"SUMATERA BARAT","label":"sebelum"},"geometry":{"type":"Polygon","coordinates":[[[100.12,0],[100.2,0],[100.2,0.08],[100.12,0.08],[100.12,0]]]}},{"type":"Feature","id":1762,"properties":{"ntl_value":0.248,"nmkab":"PASAMAN","nmprov":"SUMATERA BARAT","label":"sebelum"},"geometry":{"type":"Polygon","coordinates":[[[100.12,0.08],[100.2,0.08],[100.2,0.16],[100.12,0.16],[100.12,0.08]]]}},{"type":"Feature","id":1763,"properties":{"ntl_value":0.311,"nmkab":"PASAMAN","nmprov":"SUMATERA BARAT","label":"sebelum"},"geometry":{"type":"Polygon","coordinates":[[[100.12,0.16],[100.2,0.16],[100.2,0.24],[100.12,0.24],[100.12,0.16]]]}},{"type":"Feature","id":1764,"properties":{"ntl_value":0.333,"nmkab":"PASAMAN","nmprov":"SUMATERA BARAT","label":"sebelum"},"geometry":{"type":"Polygon","coordinates":[[[100.12,0.24],[100.2,0.24],[100.2,0.32],[100.12,0.32],[100.12,0.24]]]}},{"type":"Feature","id":1765,"properties":{"ntl_value":0.221,"nmkab":"PASAMAN","nmprov":"SUMATERA BARAT","label":"sebelum"},"geometry":{"type":"Polygon","coordinates":[[[100.12,0.32],[100.2,0.32],[100.2,0.4],[100.12,0.4],[100.12,0.32]]]}},{"type":"Feature","id":1766,"properties":{"ntl_value":0.336,"nmkab":"PASAMAN","nmprov":"SUMATERA BARAT","label":"sebelum"},"geometry":{"type":"Polygon","coordinates":[[[100.12,0.4],[100.2,0.4],[100.2,0.48],[100.12,0.48],[100.12,0.4]]]}},{"type":"Feature","id":1767,"properties":{"ntl_value":0.285,"nmkab":"PASAMAN","nmprov":"SUMATERA BARAT","label":"sebelum"},"geometry":{"type":"Polygon","coordinates":[[[100.12,0.48],[100.2,0.48],[100.2,0.56],[100.12,0.56],[100.12,0.48]]]}},{"type":"Feature","id":1768,"properties":{"ntl_value":0.274,"nmkab":"PASAMAN","nmprov":"SUMATERA BARAT","label":"sebelum"},"geometry":{"type":"Polygon","coordinates":[[[100.12,0.56],[100.2,0.56],[100.2,0.64],[100.12,0.64],[100.12,0.56]]]}},{"type":"Feature","id":1769,"properties":{"ntl_value":0.211,"nmkab":"PASAMAN","nmprov":"SUMATERA BARAT","label":"sebelum"},"geometry":{"type":"Polygon","coordinates":[[[100.12,0.64],[100.2,0.64],[100.2,0.72],[100.12,0.72],[100.12,0.64]]]}},{"type":"Feature","id":1770,"properties":{"ntl_value":0.3,"nmkab":"PASAMAN","nmprov":"SUMATERA BARAT","label":"sebelum"},"geometry":{"type":"Polygon","coordinates":[[[100.12,0.72],[100.2,0.72],[100.2,0.8],[100.12,0.8],[100.12,0.72]]]}},{"type":"Feature","id":1771,"properties":{"ntl_value":0.388,"nmkab":"PADANG LAWAS","nmprov":"SUMATERA UTARA","label":"sebelum"},"geometry":{"type":"Polygon","coordinates":[[[100.12,0.96],[100.2,0.96],[100.2,1.04],[100.12,1.04],[100.12,0.96]]]}},{"type":"Feature","id":1772,"properties":{"ntl_value":0.46,"nmkab":"PADANG LAWAS","nmprov":"SUMATERA UTARA","label":"sebelum"},"geometry":{"type":"Polygon","coordinates":[[[100.12,1.12],[100.2,1.12],[100.2,1.2],[100.12,1.2],[100.12,1.12]]]}},{"type":"Feature","id":1773,"properties":{"ntl_value":0.468,"nmkab":"PADANG LAWAS UTARA","nmprov":"SUMATERA UTARA","label":"sebelum"},"geometry":{"type":"Polygon","coordinates":[[[100.12,1.44],[100.2,1.44],[100.2,1.52],[100.12,1.52],[100.12,1.44]]]}},{"type":"Feature","id":1774,"properties":{"ntl_value":0.414,"nmkab":"PADANG LAWAS UTARA","nmprov":"SUMATERA UTARA","label":"sebelum"},"geometry":{"type":"Polygon","coordinates":[[[100.12,1.52],[100.2,1.52],[100.2,1.6],[100.12,1.6],[100.12,1.52]]]}},{"type":"Feature","id":1775,"properties":{"ntl_value":0.395,"nmkab":"LABUHAN BATU SELATAN","nmprov":"SUMATERA UTARA","label":"sebelum"},"geometry":{"type":"Polygon","coordinates":[[[100.12,1.6],[100.2,1.6],[100.2,1.68],[100.12,1.68],[100.12,1.6]]]}},{"type":"Feature","id":1776,"properties":{"ntl_value":0.531,"nmkab":"LABUHAN BATU SELATAN","nmprov":"SUMATERA UTARA","label":"sebelum"},"geometry":{"type":"Polygon","coordinates":[[[100.12,1.68],[100.2,1.68],[100.2,1.76],[100.12,1.76],[100.12,1.68]]]}},{"type":"Feature","id":1777,"properties":{"ntl_value":0.466,"nmkab":"LABUHAN BATU SELATAN","nmprov":"SUMATERA UTARA","label":"sebelum"},"geometry":{"type":"Polygon","coordinates":[[[100.12,1.76],[100.2,1.76],[100.2,1.84],[100.12,1.84],[100.12,1.76]]]}},{"type":"Feature","id":1778,"properties":{"ntl_value":0.404,"nmkab":"LABUHAN BATU SELATAN","nmprov":"SUMATERA UTARA","label":"sebelum"},"geometry":{"type":"Polygon","coordinates":[[[100.12,1.84],[100.2,1.84],[100.2,1.92],[100.12,1.92],[100.12,1.84]]]}},{"type":"Feature","id":1779,"properties":{"ntl_value":0.4,"nmkab":"LABUHAN BATU SELATAN","nmprov":"SUMATERA UTARA","label":"sebelum"},"geometry":{"type":"Polygon","coordinates":[[[100.12,1.92],[100.2,1.92],[100.2,2],[100.12,2],[100.12,1.92]]]}},{"type":"Feature","id":1780,"properties":{"ntl_value":0.505,"nmkab":"LABUHAN BATU SELATAN","nmprov":"SUMATERA UTARA","label":"sebelum"},"geometry":{"type":"Polygon","coordinates":[[[100.12,2],[100.2,2],[100.2,2.08],[100.12,2.08],[100.12,2]]]}},{"type":"Feature","id":1781,"properties":{"ntl_value":0.477,"nmkab":"LABUHAN BATU SELATAN","nmprov":"SUMATERA UTARA","label":"sebelum"},"geometry":{"type":"Polygon","coordinates":[[[100.12,2.08],[100.2,2.08],[100.2,2.16],[100.12,2.16],[100.12,2.08]]]}},{"type":"Feature","id":1782,"properties":{"ntl_value":0.714,"nmkab":"LABUHAN BATU","nmprov":"SUMATERA UTARA","label":"sebelum"},"geometry":{"type":"Polygon","coordinates":[[[100.12,2.16],[100.2,2.16],[100.2,2.24],[100.12,2.24],[100.12,2.16]]]}},{"type":"Feature","id":1783,"properties":{"ntl_value":0.73,"nmkab":"LABUHAN BATU","nmprov":"SUMATERA UTARA","label":"sebelum"},"geometry":{"type":"Polygon","coordinates":[[[100.12,2.24],[100.2,2.24],[100.2,2.32],[100.12,2.32],[100.12,2.24]]]}},{"type":"Feature","id":1784,"properties":{"ntl_value":0.628,"nmkab":"LABUHAN BATU","nmprov":"SUMATERA UTARA","label":"sebelum"},"geometry":{"type":"Polygon","coordinates":[[[100.12,2.32],[100.2,2.32],[100.2,2.4],[100.12,2.4],[100.12,2.32]]]}},{"type":"Feature","id":1785,"properties":{"ntl_value":0.615,"nmkab":"LABUHAN BATU","nmprov":"SUMATERA UTARA","label":"sebelum"},"geometry":{"type":"Polygon","coordinates":[[[100.12,2.4],[100.2,2.4],[100.2,2.48],[100.12,2.48],[100.12,2.4]]]}},{"type":"Feature","id":1786,"properties":{"ntl_value":0.596,"nmkab":"LABUHAN BATU","nmprov":"SUMATERA UTARA","label":"sebelum"},"geometry":{"type":"Polygon","coordinates":[[[100.12,2.48],[100.2,2.48],[100.2,2.56],[100.12,2.56],[100.12,2.48]]]}},{"type":"Feature","id":1787,"properties":{"ntl_value":0.63,"nmkab":"LABUHAN BATU","nmprov":"SUMATERA UTARA","label":"sebelum"},"geometry":{"type":"Polygon","coordinates":[[[100.12,2.56],[100.2,2.56],[100.2,2.64],[100.12,2.64],[100.12,2.56]]]}},{"type":"Feature","id":1788,"properties":{"ntl_value":0.626,"nmkab":"LABUHAN BATU","nmprov":"SUMATERA UTARA","label":"sebelum"},"geometry":{"type":"Polygon","coordinates":[[[100.12,2.64],[100.2,2.64],[100.2,2.72],[100.12,2.72],[100.12,2.64]]]}},{"type":"Feature","id":1789,"properties":{"ntl_value":0.51,"nmkab":"KEPULAUAN MENTAWAI","nmprov":"SUMATERA BARAT","label":"sebelum"},"geometry":{"type":"Polygon","coordinates":[[[100.2,-3.04],[100.28,-3.04],[100.28,-2.96],[100.2,-2.96],[100.2,-3.04]]]}},{"type":"Feature","id":1790,"properties":{"ntl_value":0.505,"nmkab":"KEPULAUAN MENTAWAI","nmprov":"SUMATERA BARAT","label":"sebelum"},"geometry":{"type":"Polygon","coordinates":[[[100.2,-2.96],[100.28,-2.96],[100.28,-2.88],[100.2,-2.88],[100.2,-2.96]]]}},{"type":"Feature","id":1791,"properties":{"ntl_value":0.397,"nmkab":"KEPULAUAN MENTAWAI","nmprov":"SUMATERA BARAT","label":"sebelum"},"geometry":{"type":"Polygon","coordinates":[[[100.2,-2.88],[100.28,-2.88],[100.28,-2.8],[100.2,-2.8],[100.2,-2.88]]]}},{"type":"Feature","id":1792,"properties":{"ntl_value":0.577,"nmkab":"PADANG PARIAMAN","nmprov":"SUMATERA BARAT","label":"sebelum"},"geometry":{"type":"Polygon","coordinates":[[[100.2,-0.72],[100.28,-0.72],[100.28,-0.64],[100.2,-0.64],[100.2,-0.72]]]}},{"type":"Feature","id":1793,"properties":{"ntl_value":0.541,"nmkab":"PADANG PARIAMAN","nmprov":"SUMATERA BARAT","label":"sebelum"},"geometry":{"type":"Polygon","coordinates":[[[100.2,-0.64],[100.28,-0.64],[100.28,-0.56],[100.2,-0.56],[100.2,-0.64]]]}},{"type":"Feature","id":1794,"properties":{"ntl_value":0.542,"nmkab":"PADANG PARIAMAN","nmprov":"SUMATERA BARAT","label":"sebelum"},"geometry":{"type":"Polygon","coordinates":[[[100.2,-0.56],[100.28,-0.56],[100.28,-0.48],[100.2,-0.48],[100.2,-0.56]]]}},{"type":"Feature","id":1795,"properties":{"ntl_value":0.518,"nmkab":"AGAM","nmprov":"SUMATERA BARAT","label":"sebelum"},"geometry":{"type":"Polygon","coordinates":[[[100.2,-0.48],[100.28,-0.48],[100.28,-0.4],[100.2,-0.4],[100.2,-0.48]]]}},{"type":"Feature","id":1796,"properties":{"ntl_value":0.465,"nmkab":"AGAM","nmprov":"SUMATERA BARAT","label":"sebelum"},"geometry":{"type":"Polygon","coordinates":[[[100.2,-0.4],[100.28,-0.4],[100.28,-0.32],[100.2,-0.32],[100.2,-0.4]]]}},{"type":"Feature","id":1797,"properties":{"ntl_value":0.467,"nmkab":"AGAM","nmprov":"SUMATERA BARAT","label":"sebelum"},"geometry":{"type":"Polygon","coordinates":[[[100.2,-0.32],[100.28,-0.32],[100.28,-0.24],[100.2,-0.24],[100.2,-0.32]]]}},{"type":"Feature","id":1798,"properties":{"ntl_value":0.522,"nmkab":"AGAM","nmprov":"SUMATERA BARAT","label":"sebelum"},"geometry":{"type":"Polygon","coordinates":[[[100.2,-0.24],[100.28,-0.24],[100.28,-0.16],[100.2,-0.16],[100.2,-0.24]]]}},{"type":"Feature","id":1799,"properties":{"ntl_value":0.48,"nmkab":"AGAM","nmprov":"SUMATERA BARAT","label":"sebelum"},"geometry":{"type":"Polygon","coordinates":[[[100.2,-0.16],[100.28,-0.16],[100.28,-0.08],[100.2,-0.08],[100.2,-0.16]]]}},{"type":"Feature","id":1800,"properties":{"ntl_value":0.282,"nmkab":"PASAMAN","nmprov":"SUMATERA BARAT","label":"sebelum"},"geometry":{"type":"Polygon","coordinates":[[[100.2,-0.08],[100.28,-0.08],[100.28,0],[100.2,0],[100.2,-0.08]]]}},{"type":"Feature","id":1801,"properties":{"ntl_value":0.33,"nmkab":"PASAMAN","nmprov":"SUMATERA BARAT","label":"sebelum"},"geometry":{"type":"Polygon","coordinates":[[[100.2,0],[100.28,0],[100.28,0.08],[100.2,0.08],[100.2,0]]]}},{"type":"Feature","id":1802,"properties":{"ntl_value":0.26,"nmkab":"PASAMAN","nmprov":"SUMATERA BARAT","label":"sebelum"},"geometry":{"type":"Polygon","coordinates":[[[100.2,0.08],[100.28,0.08],[100.28,0.16],[100.2,0.16],[100.2,0.08]]]}},{"type":"Feature","id":1803,"properties":{"ntl_value":0.211,"nmkab":"PASAMAN","nmprov":"SUMATERA BARAT","label":"sebelum"},"geometry":{"type":"Polygon","coordinates":[[[100.2,0.16],[100.28,0.16],[100.28,0.24],[100.2,0.24],[100.2,0.16]]]}},{"type":"Feature","id":1804,"properties":{"ntl_value":0.32,"nmkab":"PASAMAN","nmprov":"SUMATERA BARAT","label":"sebelum"},"geometry":{"type":"Polygon","coordinates":[[[100.2,0.24],[100.28,0.24],[100.28,0.32],[100.2,0.32],[100.2,0.24]]]}},{"type":"Feature","id":1805,"properties":{"ntl_value":0.27,"nmkab":"PASAMAN","nmprov":"SUMATERA BARAT","label":"sebelum"},"geometry":{"type":"Polygon","coordinates":[[[100.2,0.32],[100.28,0.32],[100.28,0.4],[100.2,0.4],[100.2,0.32]]]}},{"type":"Feature","id":1806,"properties":{"ntl_value":0.344,"nmkab":"PASAMAN","nmprov":"SUMATERA BARAT","label":"sebelum"},"geometry":{"type":"Polygon","coordinates":[[[100.2,0.4],[100.28,0.4],[100.28,0.48],[100.2,0.48],[100.2,0.4]]]}},{"type":"Feature","id":1807,"properties":{"ntl_value":0.333,"nmkab":"PASAMAN","nmprov":"SUMATERA BARAT","label":"sebelum"},"geometry":{"type":"Polygon","coordinates":[[[100.2,0.64],[100.28,0.64],[100.28,0.72],[100.2,0.72],[100.2,0.64]]]}},{"type":"Feature","id":1808,"properties":{"ntl_value":0.392,"nmkab":"PADANG LAWAS UTARA","nmprov":"SUMATERA UTARA","label":"sebelum"},"geometry":{"type":"Polygon","coordinates":[[[100.2,1.44],[100.28,1.44],[100.28,1.52],[100.2,1.52],[100.2,1.44]]]}},{"type":"Feature","id":1809,"properties":{"ntl_value":0.52,"nmkab":"LABUHAN BATU SELATAN","nmprov":"SUMATERA UTARA","label":"sebelum"},"geometry":{"type":"Polygon","coordinates":[[[100.2,1.52],[100.28,1.52],[100.28,1.6],[100.2,1.6],[100.2,1.52]]]}},{"type":"Feature","id":1810,"properties":{"ntl_value":0.482,"nmkab":"LABUHAN BATU SELATAN","nmprov":"SUMATERA UTARA","label":"sebelum"},"geometry":{"type":"Polygon","coordinates":[[[100.2,1.6],[100.28,1.6],[100.28,1.68],[100.2,1.68],[100.2,1.6]]]}},{"type":"Feature","id":1811,"properties":{"ntl_value":0.418,"nmkab":"LABUHAN BATU SELATAN","nmprov":"SUMATERA UTARA","label":"sebelum"},"geometry":{"type":"Polygon","coordinates":[[[100.2,1.68],[100.28,1.68],[100.28,1.76],[100.2,1.76],[100.2,1.68]]]}},{"type":"Feature","id":1812,"properties":{"ntl_value":0.42,"nmkab":"LABUHAN BATU SELATAN","nmprov":"SUMATERA UTARA","label":"sebelum"},"geometry":{"type":"Polygon","coordinates":[[[100.2,1.76],[100.28,1.76],[100.28,1.84],[100.2,1.84],[100.2,1.76]]]}},{"type":"Feature","id":1813,"properties":{"ntl_value":0.433,"nmkab":"LABUHAN BATU SELATAN","nmprov":"SUMATERA UTARA","label":"sebelum"},"geometry":{"type":"Polygon","coordinates":[[[100.2,1.84],[100.28,1.84],[100.28,1.92],[100.2,1.92],[100.2,1.84]]]}},{"type":"Feature","id":1814,"properties":{"ntl_value":0.397,"nmkab":"LABUHAN BATU SELATAN","nmprov":"SUMATERA UTARA","label":"sebelum"},"geometry":{"type":"Polygon","coordinates":[[[100.2,1.92],[100.28,1.92],[100.28,2],[100.2,2],[100.2,1.92]]]}},{"type":"Feature","id":1815,"properties":{"ntl_value":0.401,"nmkab":"LABUHAN BATU SELATAN","nmprov":"SUMATERA UTARA","label":"sebelum"},"geometry":{"type":"Polygon","coordinates":[[[100.2,2],[100.28,2],[100.28,2.08],[100.2,2.08],[100.2,2]]]}},{"type":"Feature","id":1816,"properties":{"ntl_value":0.531,"nmkab":"LABUHAN BATU SELATAN","nmprov":"SUMATERA UTARA","label":"sebelum"},"geometry":{"type":"Polygon","coordinates":[[[100.2,2.08],[100.28,2.08],[100.28,2.16],[100.2,2.16],[100.2,2.08]]]}},{"type":"Feature","id":1817,"properties":{"ntl_value":0.424,"nmkab":"LABUHAN BATU SELATAN","nmprov":"SUMATERA UTARA","label":"sebelum"},"geometry":{"type":"Polygon","coordinates":[[[100.2,2.16],[100.28,2.16],[100.28,2.24],[100.2,2.24],[100.2,2.16]]]}},{"type":"Feature","id":1818,"properties":{"ntl_value":0.657,"nmkab":"LABUHAN BATU","nmprov":"SUMATERA UTARA","label":"sebelum"},"geometry":{"type":"Polygon","coordinates":[[[100.2,2.24],[100.28,2.24],[100.28,2.32],[100.2,2.32],[100.2,2.24]]]}},{"type":"Feature","id":1819,"properties":{"ntl_value":0.622,"nmkab":"LABUHAN BATU","nmprov":"SUMATERA UTARA","label":"sebelum"},"geometry":{"type":"Polygon","coordinates":[[[100.2,2.32],[100.28,2.32],[100.28,2.4],[100.2,2.4],[100.2,2.32]]]}},{"type":"Feature","id":1820,"properties":{"ntl_value":0.595,"nmkab":"LABUHAN BATU","nmprov":"SUMATERA UTARA","label":"sebelum"},"geometry":{"type":"Polygon","coordinates":[[[100.2,2.4],[100.28,2.4],[100.28,2.48],[100.2,2.48],[100.2,2.4]]]}},{"type":"Feature","id":1821,"properties":{"ntl_value":0.653,"nmkab":"LABUHAN BATU","nmprov":"SUMATERA UTARA","label":"sebelum"},"geometry":{"type":"Polygon","coordinates":[[[100.2,2.48],[100.28,2.48],[100.28,2.56],[100.2,2.56],[100.2,2.48]]]}},{"type":"Feature","id":1822,"properties":{"ntl_value":0.723,"nmkab":"LABUHAN BATU","nmprov":"SUMATERA UTARA","label":"sebelum"},"geometry":{"type":"Polygon","coordinates":[[[100.2,2.56],[100.28,2.56],[100.28,2.64],[100.2,2.64],[100.2,2.56]]]}},{"type":"Feature","id":1823,"properties":{"ntl_value":0.419,"nmkab":"KEPULAUAN MENTAWAI","nmprov":"SUMATERA BARAT","label":"sebelum"},"geometry":{"type":"Polygon","coordinates":[[[100.28,-3.12],[100.36,-3.12],[100.36,-3.04],[100.28,-3.04],[100.28,-3.12]]]}},{"type":"Feature","id":1824,"properties":{"ntl_value":0.519,"nmkab":"KEPULAUAN MENTAWAI","nmprov":"SUMATERA BARAT","label":"sebelum"},"geometry":{"type":"Polygon","coordinates":[[[100.28,-3.04],[100.36,-3.04],[100.36,-2.96],[100.28,-2.96],[100.28,-3.04]]]}},{"type":"Feature","id":1825,"properties":{"ntl_value":0.515,"nmkab":"KEPULAUAN MENTAWAI","nmprov":"SUMATERA BARAT","label":"sebelum"},"geometry":{"type":"Polygon","coordinates":[[[100.28,-2.96],[100.36,-2.96],[100.36,-2.88],[100.28,-2.88],[100.28,-2.96]]]}},{"type":"Feature","id":1826,"properties":{"ntl_value":0.723,"nmkab":"PADANG","nmprov":"SUMATERA BARAT","label":"sebelum"},"geometry":{"type":"Polygon","coordinates":[[[100.28,-0.88],[100.36,-0.88],[100.36,-0.8],[100.28,-0.8],[100.28,-0.88]]]}},{"type":"Feature","id":1827,"properties":{"ntl_value":0.568,"nmkab":"PADANG PARIAMAN","nmprov":"SUMATERA BARAT","label":"sebelum"},"geometry":{"type":"Polygon","coordinates":[[[100.28,-0.8],[100.36,-0.8],[100.36,-0.72],[100.28,-0.72],[100.28,-0.8]]]}},{"type":"Feature","id":1828,"properties":{"ntl_value":0.588,"nmkab":"PADANG PARIAMAN","nmprov":"SUMATERA BARAT","label":"sebelum"},"geometry":{"type":"Polygon","coordinates":[[[100.28,-0.72],[100.36,-0.72],[100.36,-0.64],[100.28,-0.64],[100.28,-0.72]]]}},{"type":"Feature","id":1829,"properties":{"ntl_value":0.554,"nmkab":"PADANG PARIAMAN","nmprov":"SUMATERA BARAT","label":"sebelum"},"geometry":{"type":"Polygon","coordinates":[[[100.28,-0.64],[100.36,-0.64],[100.36,-0.56],[100.28,-0.56],[100.28,-0.64]]]}},{"type":"Feature","id":1830,"properties":{"ntl_value":0.555,"nmkab":"PADANG PARIAMAN","nmprov":"SUMATERA BARAT","label":"sebelum"},"geometry":{"type":"Polygon","coordinates":[[[100.28,-0.56],[100.36,-0.56],[100.36,-0.48],[100.28,-0.48],[100.28,-0.56]]]}},{"type":"Feature","id":1831,"properties":{"ntl_value":0.559,"nmkab":"TANAH DATAR","nmprov":"SUMATERA BARAT","label":"sebelum"},"geometry":{"type":"Polygon","coordinates":[[[100.28,-0.48],[100.36,-0.48],[100.36,-0.4],[100.28,-0.4],[100.28,-0.48]]]}},{"type":"Feature","id":1832,"properties":{"ntl_value":0.488,"nmkab":"AGAM","nmprov":"SUMATERA BARAT","label":"sebelum"},"geometry":{"type":"Polygon","coordinates":[[[100.28,-0.4],[100.36,-0.4],[100.36,-0.32],[100.28,-0.32],[100.28,-0.4]]]}},{"type":"Feature","id":1833,"properties":{"ntl_value":0.513,"nmkab":"AGAM","nmprov":"SUMATERA BARAT","label":"sebelum"},"geometry":{"type":"Polygon","coordinates":[[[100.28,-0.32],[100.36,-0.32],[100.36,-0.24],[100.28,-0.24],[100.28,-0.32]]]}},{"type":"Feature","id":1834,"properties":{"ntl_value":0.465,"nmkab":"AGAM","nmprov":"SUMATERA BARAT","label":"sebelum"},"geometry":{"type":"Polygon","coordinates":[[[100.28,-0.24],[100.36,-0.24],[100.36,-0.16],[100.28,-0.16],[100.28,-0.24]]]}},{"type":"Feature","id":1835,"properties":{"ntl_value":0.427,"nmkab":"AGAM","nmprov":"SUMATERA BARAT","label":"sebelum"},"geometry":{"type":"Polygon","coordinates":[[[100.28,-0.16],[100.36,-0.16],[100.36,-0.08],[100.28,-0.08],[100.28,-0.16]]]}},{"type":"Feature","id":1836,"properties":{"ntl_value":0.44,"nmkab":"LIMA PULUH KOTA","nmprov":"SUMATERA BARAT","label":"sebelum"},"geometry":{"type":"Polygon","coordinates":[[[100.28,-0.08],[100.36,-0.08],[100.36,0],[100.28,0],[100.28,-0.08]]]}},{"type":"Feature","id":1837,"properties":{"ntl_value":0.366,"nmkab":"LIMA PULUH KOTA","nmprov":"SUMATERA BARAT","label":"sebelum"},"geometry":{"type":"Polygon","coordinates":[[[100.28,0],[100.36,0],[100.36,0.08],[100.28,0.08],[100.28,0]]]}},{"type":"Feature","id":1838,"properties":{"ntl_value":0.227,"nmkab":"PASAMAN","nmprov":"SUMATERA BARAT","label":"sebelum"},"geometry":{"type":"Polygon","coordinates":[[[100.28,0.08],[100.36,0.08],[100.36,0.16],[100.28,0.16],[100.28,0.08]]]}},{"type":"Feature","id":1839,"properties":{"ntl_value":0.28,"nmkab":"PASAMAN","nmprov":"SUMATERA BARAT","label":"sebelum"},"geometry":{"type":"Polygon","coordinates":[[[100.28,0.16],[100.36,0.16],[100.36,0.24],[100.28,0.24],[100.28,0.16]]]}},{"type":"Feature","id":1840,"properties":{"ntl_value":0.451,"nmkab":"LIMA PULUH KOTA","nmprov":"SUMATERA BARAT","label":"sebelum"},"geometry":{"type":"Polygon","coordinates":[[[100.28,0.24],[100.36,0.24],[100.36,0.32],[100.28,0.32],[100.28,0.24]]]}},{"type":"Feature","id":1841,"properties":{"ntl_value":0.321,"nmkab":"PASAMAN","nmprov":"SUMATERA BARAT","label":"sebelum"},"geometry":{"type":"Polygon","coordinates":[[[100.28,0.32],[100.36,0.32],[100.36,0.4],[100.28,0.4],[100.28,0.32]]]}},{"type":"Feature","id":1842,"properties":{"ntl_value":0.519,"nmkab":"LABUHAN BATU SELATAN","nmprov":"SUMATERA UTARA","label":"sebelum"},"geometry":{"type":"Polygon","coordinates":[[[100.28,1.44],[100.36,1.44],[100.36,1.52],[100.28,1.52],[100.28,1.44]]]}},{"type":"Feature","id":1843,"properties":{"ntl_value":0.492,"nmkab":"LABUHAN BATU SELATAN","nmprov":"SUMATERA UTARA","label":"sebelum"},"geometry":{"type":"Polygon","coordinates":[[[100.28,1.52],[100.36,1.52],[100.36,1.6],[100.28,1.6],[100.28,1.52]]]}},{"type":"Feature","id":1844,"properties":{"ntl_value":0.395,"nmkab":"LABUHAN BATU SELATAN","nmprov":"SUMATERA UTARA","label":"sebelum"},"geometry":{"type":"Polygon","coordinates":[[[100.28,1.6],[100.36,1.6],[100.36,1.68],[100.28,1.68],[100.28,1.6]]]}},{"type":"Feature","id":1845,"properties":{"ntl_value":0.419,"nmkab":"LABUHAN BATU SELATAN","nmprov":"SUMATERA UTARA","label":"sebelum"},"geometry":{"type":"Polygon","coordinates":[[[100.28,1.68],[100.36,1.68],[100.36,1.76],[100.28,1.76],[100.28,1.68]]]}},{"type":"Feature","id":1846,"properties":{"ntl_value":0.413,"nmkab":"LABUHAN BATU SELATAN","nmprov":"SUMATERA UTARA","label":"sebelum"},"geometry":{"type":"Polygon","coordinates":[[[100.28,2],[100.36,2],[100.36,2.08],[100.28,2.08],[100.28,2]]]}},{"type":"Feature","id":1847,"properties":{"ntl_value":0.411,"nmkab":"LABUHAN BATU SELATAN","nmprov":"SUMATERA UTARA","label":"sebelum"},"geometry":{"type":"Polygon","coordinates":[[[100.28,2.08],[100.36,2.08],[100.36,2.16],[100.28,2.16],[100.28,2.08]]]}},{"type":"Feature","id":1848,"properties":{"ntl_value":0.442,"nmkab":"LABUHAN BATU SELATAN","nmprov":"SUMATERA UTARA","label":"sebelum"},"geometry":{"type":"Polygon","coordinates":[[[100.28,2.16],[100.36,2.16],[100.36,2.24],[100.28,2.24],[100.28,2.16]]]}},{"type":"Feature","id":1849,"properties":{"ntl_value":0.728,"nmkab":"LABUHAN BATU","nmprov":"SUMATERA UTARA","label":"sebelum"},"geometry":{"type":"Polygon","coordinates":[[[100.28,2.24],[100.36,2.24],[100.36,2.32],[100.28,2.32],[100.28,2.24]]]}},{"type":"Feature","id":1850,"properties":{"ntl_value":0.431,"nmkab":"KEPULAUAN MENTAWAI","nmprov":"SUMATERA BARAT","label":"sebelum"},"geometry":{"type":"Polygon","coordinates":[[[100.36,-3.28],[100.44,-3.28],[100.44,-3.2],[100.36,-3.2],[100.36,-3.28]]]}},{"type":"Feature","id":1851,"properties":{"ntl_value":0.458,"nmkab":"KEPULAUAN MENTAWAI","nmprov":"SUMATERA BARAT","label":"sebelum"},"geometry":{"type":"Polygon","coordinates":[[[100.36,-3.12],[100.44,-3.12],[100.44,-3.04],[100.36,-3.04],[100.36,-3.12]]]}},{"type":"Feature","id":1852,"properties":{"ntl_value":0.512,"nmkab":"KEPULAUAN MENTAWAI","nmprov":"SUMATERA BARAT","label":"sebelum"},"geometry":{"type":"Polygon","coordinates":[[[100.36,-3.04],[100.44,-3.04],[100.44,-2.96],[100.36,-2.96],[100.36,-3.04]]]}},{"type":"Feature","id":1853,"properties":{"ntl_value":0.449,"nmkab":"PESISIR SELATAN","nmprov":"SUMATERA BARAT","label":"sebelum"},"geometry":{"type":"Polygon","coordinates":[[[100.36,-1.2],[100.44,-1.2],[100.44,-1.12],[100.36,-1.12],[100.36,-1.2]]]}},{"type":"Feature","id":1854,"properties":{"ntl_value":0.765,"nmkab":"PADANG","nmprov":"SUMATERA BARAT","label":"sebelum"},"geometry":{"type":"Polygon","coordinates":[[[100.36,-1.12],[100.44,-1.12],[100.44,-1.04],[100.36,-1.04],[100.36,-1.12]]]}},{"type":"Feature","id":1855,"properties":{"ntl_value":0.699,"nmkab":"PADANG","nmprov":"SUMATERA BARAT","label":"sebelum"},"geometry":{"type":"Polygon","coordinates":[[[100.36,-1.04],[100.44,-1.04],[100.44,-0.96],[100.36,-0.96],[100.36,-1.04]]]}},{"type":"Feature","id":1856,"properties":{"ntl_value":0.722,"nmkab":"PADANG","nmprov":"SUMATERA BARAT","label":"sebelum"},"geometry":{"type":"Polygon","coordinates":[[[100.36,-0.96],[100.44,-0.96],[100.44,-0.88],[100.36,-0.88],[100.36,-0.96]]]}},{"type":"Feature","id":1857,"properties":{"ntl_value":0.755,"nmkab":"PADANG","nmprov":"SUMATERA BARAT","label":"sebelum"},"geometry":{"type":"Polygon","coordinates":[[[100.36,-0.88],[100.44,-0.88],[100.44,-0.8],[100.36,-0.8],[100.36,-0.88]]]}},{"type":"Feature","id":1858,"properties":{"ntl_value":0.724,"nmkab":"PADANG","nmprov":"SUMATERA BARAT","label":"sebelum"},"geometry":{"type":"Polygon","coordinates":[[[100.36,-0.8],[100.44,-0.8],[100.44,-0.72],[100.36,-0.72],[100.36,-0.8]]]}},{"type":"Feature","id":1859,"properties":{"ntl_value":0.538,"nmkab":"PADANG PARIAMAN","nmprov":"SUMATERA BARAT","label":"sebelum"},"geometry":{"type":"Polygon","coordinates":[[[100.36,-0.72],[100.44,-0.72],[100.44,-0.64],[100.36,-0.64],[100.36,-0.72]]]}},{"type":"Feature","id":1860,"properties":{"ntl_value":0.611,"nmkab":"PADANG PARIAMAN","nmprov":"SUMATERA BARAT","label":"sebelum"},"geometry":{"type":"Polygon","coordinates":[[[100.36,-0.64],[100.44,-0.64],[100.44,-0.56],[100.36,-0.56],[100.36,-0.64]]]}},{"type":"Feature","id":1861,"properties":{"ntl_value":0.585,"nmkab":"TANAH DATAR","nmprov":"SUMATERA BARAT","label":"sebelum"},"geometry":{"type":"Polygon","coordinates":[[[100.36,-0.56],[100.44,-0.56],[100.44,-0.48],[100.36,-0.48],[100.36,-0.56]]]}},{"type":"Feature","id":1862,"properties":{"ntl_value":0.629,"nmkab":"TANAH DATAR","nmprov":"SUMATERA BARAT","label":"sebelum"},"geometry":{"type":"Polygon","coordinates":[[[100.36,-0.48],[100.44,-0.48],[100.44,-0.4],[100.36,-0.4],[100.36,-0.48]]]}},{"type":"Feature","id":1863,"properties":{"ntl_value":0.454,"nmkab":"AGAM","nmprov":"SUMATERA BARAT","label":"sebelum"},"geometry":{"type":"Polygon","coordinates":[[[100.36,-0.4],[100.44,-0.4],[100.44,-0.32],[100.36,-0.32],[100.36,-0.4]]]}},{"type":"Feature","id":1864,"properties":{"ntl_value":0.499,"nmkab":"AGAM","nmprov":"SUMATERA BARAT","label":"sebelum"},"geometry":{"type":"Polygon","coordinates":[[[100.36,-0.32],[100.44,-0.32],[100.44,-0.24],[100.36,-0.24],[100.36,-0.32]]]}},{"type":"Feature","id":1865,"properties":{"ntl_value":0.444,"nmkab":"AGAM","nmprov":"SUMATERA BARAT","label":"sebelum"},"geometry":{"type":"Polygon","coordinates":[[[100.36,-0.24],[100.44,-0.24],[100.44,-0.16],[100.36,-0.16],[100.36,-0.24]]]}},{"type":"Feature","id":1866,"properties":{"ntl_value":0.486,"nmkab":"LIMA PULUH KOTA","nmprov":"SUMATERA BARAT","label":"sebelum"},"geometry":{"type":"Polygon","coordinates":[[[100.36,-0.16],[100.44,-0.16],[100.44,-0.08],[100.36,-0.08],[100.36,-0.16]]]}},{"type":"Feature","id":1867,"properties":{"ntl_value":0.492,"nmkab":"LIMA PULUH KOTA","nmprov":"SUMATERA BARAT","label":"sebelum"},"geometry":{"type":"Polygon","coordinates":[[[100.36,-0.08],[100.44,-0.08],[100.44,0],[100.36,0],[100.36,-0.08]]]}},{"type":"Feature","id":1868,"properties":{"ntl_value":0.509,"nmkab":"LIMA PULUH KOTA","nmprov":"SUMATERA BARAT","label":"sebelum"},"geometry":{"type":"Polygon","coordinates":[[[100.36,0],[100.44,0],[100.44,0.08],[100.36,0.08],[100.36,0]]]}},{"type":"Feature","id":1869,"properties":{"ntl_value":0.476,"nmkab":"LIMA PULUH KOTA","nmprov":"SUMATERA BARAT","label":"sebelum"},"geometry":{"type":"Polygon","coordinates":[[[100.36,0.08],[100.44,0.08],[100.44,0.16],[100.36,0.16],[100.36,0.08]]]}},{"type":"Feature","id":1870,"properties":{"ntl_value":0.484,"nmkab":"LIMA PULUH KOTA","nmprov":"SUMATERA BARAT","label":"sebelum"},"geometry":{"type":"Polygon","coordinates":[[[100.36,0.16],[100.44,0.16],[100.44,0.24],[100.36,0.24],[100.36,0.16]]]}},{"type":"Feature","id":1871,"properties":{"ntl_value":0.472,"nmkab":"LIMA PULUH KOTA","nmprov":"SUMATERA BARAT","label":"sebelum"},"geometry":{"type":"Polygon","coordinates":[[[100.36,0.24],[100.44,0.24],[100.44,0.32],[100.36,0.32],[100.36,0.24]]]}},{"type":"Feature","id":1872,"properties":{"ntl_value":0.383,"nmkab":"LIMA PULUH KOTA","nmprov":"SUMATERA BARAT","label":"sebelum"},"geometry":{"type":"Polygon","coordinates":[[[100.36,0.32],[100.44,0.32],[100.44,0.4],[100.36,0.4],[100.36,0.32]]]}},{"type":"Feature","id":1873,"properties":{"ntl_value":0.485,"nmkab":"LABUHAN BATU SELATAN","nmprov":"SUMATERA UTARA","label":"sebelum"},"geometry":{"type":"Polygon","coordinates":[[[100.36,1.44],[100.44,1.44],[100.44,1.52],[100.36,1.52],[100.36,1.44]]]}},{"type":"Feature","id":1874,"properties":{"ntl_value":0.391,"nmkab":"LABUHAN BATU SELATAN","nmprov":"SUMATERA UTARA","label":"sebelum"},"geometry":{"type":"Polygon","coordinates":[[[100.36,1.52],[100.44,1.52],[100.44,1.6],[100.36,1.6],[100.36,1.52]]]}},{"type":"Feature","id":1875,"properties":{"ntl_value":0.4,"nmkab":"LABUHAN BATU SELATAN","nmprov":"SUMATERA UTARA","label":"sebelum"},"geometry":{"type":"Polygon","coordinates":[[[100.36,1.6],[100.44,1.6],[100.44,1.68],[100.36,1.68],[100.36,1.6]]]}},{"type":"Feature","id":1876,"properties":{"ntl_value":0.495,"nmkab":"PESISIR SELATAN","nmprov":"SUMATERA BARAT","label":"sebelum"},"geometry":{"type":"Polygon","coordinates":[[[100.44,-1.28],[100.52,-1.28],[100.52,-1.2],[100.44,-1.2],[100.44,-1.28]]]}},{"type":"Feature","id":1877,"properties":{"ntl_value":0.543,"nmkab":"PESISIR SELATAN","nmprov":"SUMATERA BARAT","label":"sebelum"},"geometry":{"type":"Polygon","coordinates":[[[100.44,-1.2],[100.52,-1.2],[100.52,-1.12],[100.44,-1.12],[100.44,-1.2]]]}},{"type":"Feature","id":1878,"properties":{"ntl_value":0.499,"nmkab":"PESISIR SELATAN","nmprov":"SUMATERA BARAT","label":"sebelum"},"geometry":{"type":"Polygon","coordinates":[[[100.44,-1.12],[100.52,-1.12],[100.52,-1.04],[100.44,-1.04],[100.44,-1.12]]]}},{"type":"Feature","id":1879,"properties":{"ntl_value":0.738,"nmkab":"PADANG","nmprov":"SUMATERA BARAT","label":"sebelum"},"geometry":{"type":"Polygon","coordinates":[[[100.44,-1.04],[100.52,-1.04],[100.52,-0.96],[100.44,-0.96],[100.44,-1.04]]]}},{"type":"Feature","id":1880,"properties":{"ntl_value":0.747,"nmkab":"PADANG","nmprov":"SUMATERA BARAT","label":"sebelum"},"geometry":{"type":"Polygon","coordinates":[[[100.44,-0.96],[100.52,-0.96],[100.52,-0.88],[100.44,-0.88],[100.44,-0.96]]]}},{"type":"Feature","id":1881,"properties":{"ntl_value":0.757,"nmkab":"PADANG","nmprov":"SUMATERA BARAT","label":"sebelum"},"geometry":{"type":"Polygon","coordinates":[[[100.44,-0.88],[100.52,-0.88],[100.52,-0.8],[100.44,-0.8],[100.44,-0.88]]]}},{"type":"Feature","id":1882,"properties":{"ntl_value":0.752,"nmkab":"PADANG","nmprov":"SUMATERA BARAT","label":"sebelum"},"geometry":{"type":"Polygon","coordinates":[[[100.44,-0.8],[100.52,-0.8],[100.52,-0.72],[100.44,-0.72],[100.44,-0.8]]]}},{"type":"Feature","id":1883,"properties":{"ntl_value":0.436,"nmkab":"SOLOK","nmprov":"SUMATERA BARAT","label":"sebelum"},"geometry":{"type":"Polygon","coordinates":[[[100.44,-0.72],[100.52,-0.72],[100.52,-0.64],[100.44,-0.64],[100.44,-0.72]]]}},{"type":"Feature","id":1884,"properties":{"ntl_value":0.512,"nmkab":"TANAH DATAR","nmprov":"SUMATERA BARAT","label":"sebelum"},"geometry":{"type":"Polygon","coordinates":[[[100.44,-0.64],[100.52,-0.64],[100.52,-0.56],[100.44,-0.56],[100.44,-0.64]]]}},{"type":"Feature","id":1885,"properties":{"ntl_value":0.546,"nmkab":"TANAH DATAR","nmprov":"SUMATERA BARAT","label":"sebelum"},"geometry":{"type":"Polygon","coordinates":[[[100.44,-0.56],[100.52,-0.56],[100.52,-0.48],[100.44,-0.48],[100.44,-0.56]]]}},{"type":"Feature","id":1886,"properties":{"ntl_value":0.53,"nmkab":"TANAH DATAR","nmprov":"SUMATERA BARAT","label":"sebelum"},"geometry":{"type":"Polygon","coordinates":[[[100.44,-0.48],[100.52,-0.48],[100.52,-0.4],[100.44,-0.4],[100.44,-0.48]]]}},{"type":"Feature","id":1887,"properties":{"ntl_value":0.507,"nmkab":"AGAM","nmprov":"SUMATERA BARAT","label":"sebelum"},"geometry":{"type":"Polygon","coordinates":[[[100.44,-0.4],[100.52,-0.4],[100.52,-0.32],[100.44,-0.32],[100.44,-0.4]]]}},{"type":"Feature","id":1888,"properties":{"ntl_value":0.533,"nmkab":"AGAM","nmprov":"SUMATERA BARAT","label":"sebelum"},"geometry":{"type":"Polygon","coordinates":[[[100.44,-0.32],[100.52,-0.32],[100.52,-0.24],[100.44,-0.24],[100.44,-0.32]]]}},{"type":"Feature","id":1889,"properties":{"ntl_value":0.467,"nmkab":"LIMA PULUH KOTA","nmprov":"SUMATERA BARAT","label":"sebelum"},"geometry":{"type":"Polygon","coordinates":[[[100.44,-0.24],[100.52,-0.24],[100.52,-0.16],[100.44,-0.16],[100.44,-0.24]]]}},{"type":"Feature","id":1890,"properties":{"ntl_value":0.392,"nmkab":"LIMA PULUH KOTA","nmprov":"SUMATERA BARAT","label":"sebelum"},"geometry":{"type":"Polygon","coordinates":[[[100.44,-0.16],[100.52,-0.16],[100.52,-0.08],[100.44,-0.08],[100.44,-0.16]]]}},{"type":"Feature","id":1891,"properties":{"ntl_value":0.425,"nmkab":"LIMA PULUH KOTA","nmprov":"SUMATERA BARAT","label":"sebelum"},"geometry":{"type":"Polygon","coordinates":[[[100.44,-0.08],[100.52,-0.08],[100.52,0],[100.44,0],[100.44,-0.08]]]}},{"type":"Feature","id":1892,"properties":{"ntl_value":0.426,"nmkab":"LIMA PULUH KOTA","nmprov":"SUMATERA BARAT","label":"sebelum"},"geometry":{"type":"Polygon","coordinates":[[[100.44,0],[100.52,0],[100.52,0.08],[100.44,0.08],[100.44,0]]]}},{"type":"Feature","id":1893,"properties":{"ntl_value":0.405,"nmkab":"LIMA PULUH KOTA","nmprov":"SUMATERA BARAT","label":"sebelum"},"geometry":{"type":"Polygon","coordinates":[[[100.44,0.08],[100.52,0.08],[100.52,0.16],[100.44,0.16],[100.44,0.08]]]}},{"type":"Feature","id":1894,"properties":{"ntl_value":0.376,"nmkab":"LIMA PULUH KOTA","nmprov":"SUMATERA BARAT","label":"sebelum"},"geometry":{"type":"Polygon","coordinates":[[[100.44,0.16],[100.52,0.16],[100.52,0.24],[100.44,0.24],[100.44,0.16]]]}},{"type":"Feature","id":1895,"properties":{"ntl_value":0.506,"nmkab":"LIMA PULUH KOTA","nmprov":"SUMATERA BARAT","label":"sebelum"},"geometry":{"type":"Polygon","coordinates":[[[100.44,0.24],[100.52,0.24],[100.52,0.32],[100.44,0.32],[100.44,0.24]]]}},{"type":"Feature","id":1896,"properties":{"ntl_value":0.362,"nmkab":"LIMA PULUH KOTA","nmprov":"SUMATERA BARAT","label":"sebelum"},"geometry":{"type":"Polygon","coordinates":[[[100.44,0.32],[100.52,0.32],[100.52,0.4],[100.44,0.4],[100.44,0.32]]]}},{"type":"Feature","id":1897,"properties":{"ntl_value":0.538,"nmkab":"PESISIR SELATAN","nmprov":"SUMATERA BARAT","label":"sebelum"},"geometry":{"type":"Polygon","coordinates":[[[100.52,-1.36],[100.6,-1.36],[100.6,-1.28],[100.52,-1.28],[100.52,-1.36]]]}},{"type":"Feature","id":1898,"properties":{"ntl_value":0.413,"nmkab":"PESISIR SELATAN","nmprov":"SUMATERA BARAT","label":"sebelum"},"geometry":{"type":"Polygon","coordinates":[[[100.52,-1.28],[100.6,-1.28],[100.6,-1.2],[100.52,-1.2],[100.52,-1.28]]]}},{"type":"Feature","id":1899,"properties":{"ntl_value":0.442,"nmkab":"PESISIR SELATAN","nmprov":"SUMATERA BARAT","label":"sebelum"},"geometry":{"type":"Polygon","coordinates":[[[100.52,-1.2],[100.6,-1.2],[100.6,-1.12],[100.52,-1.12],[100.52,-1.2]]]}},{"type":"Feature","id":1900,"properties":{"ntl_value":0.53,"nmkab":"PESISIR SELATAN","nmprov":"SUMATERA BARAT","label":"sebelum"},"geometry":{"type":"Polygon","coordinates":[[[100.52,-1.12],[100.6,-1.12],[100.6,-1.04],[100.52,-1.04],[100.52,-1.12]]]}},{"type":"Feature","id":1901,"properties":{"ntl_value":0.4,"nmkab":"SOLOK","nmprov":"SUMATERA BARAT","label":"sebelum"},"geometry":{"type":"Polygon","coordinates":[[[100.52,-1.04],[100.6,-1.04],[100.6,-0.96],[100.52,-0.96],[100.52,-1.04]]]}},{"type":"Feature","id":1902,"properties":{"ntl_value":0.482,"nmkab":"SOLOK","nmprov":"SUMATERA BARAT","label":"sebelum"},"geometry":{"type":"Polygon","coordinates":[[[100.52,-0.96],[100.6,-0.96],[100.6,-0.88],[100.52,-0.88],[100.52,-0.96]]]}},{"type":"Feature","id":1903,"properties":{"ntl_value":0.499,"nmkab":"SOLOK","nmprov":"SUMATERA BARAT","label":"sebelum"},"geometry":{"type":"Polygon","coordinates":[[[100.52,-0.88],[100.6,-0.88],[100.6,-0.8],[100.52,-0.8],[100.52,-0.88]]]}},{"type":"Feature","id":1904,"properties":{"ntl_value":0.361,"nmkab":"SOLOK","nmprov":"SUMATERA BARAT","label":"sebelum"},"geometry":{"type":"Polygon","coordinates":[[[100.52,-0.8],[100.6,-0.8],[100.6,-0.72],[100.52,-0.72],[100.52,-0.8]]]}},{"type":"Feature","id":1905,"properties":{"ntl_value":0.429,"nmkab":"SOLOK","nmprov":"SUMATERA BARAT","label":"sebelum"},"geometry":{"type":"Polygon","coordinates":[[[100.52,-0.72],[100.6,-0.72],[100.6,-0.64],[100.52,-0.64],[100.52,-0.72]]]}},{"type":"Feature","id":1906,"properties":{"ntl_value":0.609,"nmkab":"TANAH DATAR","nmprov":"SUMATERA BARAT","label":"sebelum"},"geometry":{"type":"Polygon","coordinates":[[[100.52,-0.64],[100.6,-0.64],[100.6,-0.56],[100.52,-0.56],[100.52,-0.64]]]}},{"type":"Feature","id":1907,"properties":{"ntl_value":0.524,"nmkab":"TANAH DATAR","nmprov":"SUMATERA BARAT","label":"sebelum"},"geometry":{"type":"Polygon","coordinates":[[[100.52,-0.56],[100.6,-0.56],[100.6,-0.48],[100.52,-0.48],[100.52,-0.56]]]}},{"type":"Feature","id":1908,"properties":{"ntl_value":0.531,"nmkab":"TANAH DATAR","nmprov":"SUMATERA BARAT","label":"sebelum"},"geometry":{"type":"Polygon","coordinates":[[[100.52,-0.48],[100.6,-0.48],[100.6,-0.4],[100.52,-0.4],[100.52,-0.48]]]}},{"type":"Feature","id":1909,"properties":{"ntl_value":0.548,"nmkab":"TANAH DATAR","nmprov":"SUMATERA BARAT","label":"sebelum"},"geometry":{"type":"Polygon","coordinates":[[[100.52,-0.4],[100.6,-0.4],[100.6,-0.32],[100.52,-0.32],[100.52,-0.4]]]}},{"type":"Feature","id":1910,"properties":{"ntl_value":0.496,"nmkab":"LIMA PULUH KOTA","nmprov":"SUMATERA BARAT","label":"sebelum"},"geometry":{"type":"Polygon","coordinates":[[[100.52,-0.32],[100.6,-0.32],[100.6,-0.24],[100.52,-0.24],[100.52,-0.32]]]}},{"type":"Feature","id":1911,"properties":{"ntl_value":0.428,"nmkab":"LIMA PULUH KOTA","nmprov":"SUMATERA BARAT","label":"sebelum"},"geometry":{"type":"Polygon","coordinates":[[[100.52,-0.24],[100.6,-0.24],[100.6,-0.16],[100.52,-0.16],[100.52,-0.24]]]}},{"type":"Feature","id":1912,"properties":{"ntl_value":0.421,"nmkab":"LIMA PULUH KOTA","nmprov":"SUMATERA BARAT","label":"sebelum"},"geometry":{"type":"Polygon","coordinates":[[[100.52,-0.16],[100.6,-0.16],[100.6,-0.08],[100.52,-0.08],[100.52,-0.16]]]}},{"type":"Feature","id":1913,"properties":{"ntl_value":0.393,"nmkab":"LIMA PULUH KOTA","nmprov":"SUMATERA BARAT","label":"sebelum"},"geometry":{"type":"Polygon","coordinates":[[[100.52,-0.08],[100.6,-0.08],[100.6,0],[100.52,0],[100.52,-0.08]]]}},{"type":"Feature","id":1914,"properties":{"ntl_value":0.417,"nmkab":"LIMA PULUH KOTA","nmprov":"SUMATERA BARAT","label":"sebelum"},"geometry":{"type":"Polygon","coordinates":[[[100.52,0],[100.6,0],[100.6,0.08],[100.52,0.08],[100.52,0]]]}},{"type":"Feature","id":1915,"properties":{"ntl_value":0.414,"nmkab":"LIMA PULUH KOTA","nmprov":"SUMATERA BARAT","label":"sebelum"},"geometry":{"type":"Polygon","coordinates":[[[100.52,0.08],[100.6,0.08],[100.6,0.16],[100.52,0.16],[100.52,0.08]]]}},{"type":"Feature","id":1916,"properties":{"ntl_value":0.46,"nmkab":"LIMA PULUH KOTA","nmprov":"SUMATERA BARAT","label":"sebelum"},"geometry":{"type":"Polygon","coordinates":[[[100.52,0.16],[100.6,0.16],[100.6,0.24],[100.52,0.24],[100.52,0.16]]]}},{"type":"Feature","id":1917,"properties":{"ntl_value":0.479,"nmkab":"LIMA PULUH KOTA","nmprov":"SUMATERA BARAT","label":"sebelum"},"geometry":{"type":"Polygon","coordinates":[[[100.52,0.24],[100.6,0.24],[100.6,0.32],[100.52,0.32],[100.52,0.24]]]}},{"type":"Feature","id":1918,"properties":{"ntl_value":0.421,"nmkab":"KEPULAUAN MENTAWAI","nmprov":"SUMATERA BARAT","label":"sebelum"},"geometry":{"type":"Polygon","coordinates":[[[100.6,-3.52],[100.68,-3.52],[100.68,-3.44],[100.6,-3.44],[100.6,-3.52]]]}},{"type":"Feature","id":1919,"properties":{"ntl_value":0.462,"nmkab":"PESISIR SELATAN","nmprov":"SUMATERA BARAT","label":"sebelum"},"geometry":{"type":"Polygon","coordinates":[[[100.6,-1.6],[100.68,-1.6],[100.68,-1.52],[100.6,-1.52],[100.6,-1.6]]]}},{"type":"Feature","id":1920,"properties":{"ntl_value":0.454,"nmkab":"PESISIR SELATAN","nmprov":"SUMATERA BARAT","label":"sebelum"},"geometry":{"type":"Polygon","coordinates":[[[100.6,-1.52],[100.68,-1.52],[100.68,-1.44],[100.6,-1.44],[100.6,-1.52]]]}},{"type":"Feature","id":1921,"properties":{"ntl_value":0.404,"nmkab":"PESISIR SELATAN","nmprov":"SUMATERA BARAT","label":"sebelum"},"geometry":{"type":"Polygon","coordinates":[[[100.6,-1.44],[100.68,-1.44],[100.68,-1.36],[100.6,-1.36],[100.6,-1.44]]]}},{"type":"Feature","id":1922,"properties":{"ntl_value":0.397,"nmkab":"PESISIR SELATAN","nmprov":"SUMATERA BARAT","label":"sebelum"},"geometry":{"type":"Polygon","coordinates":[[[100.6,-1.36],[100.68,-1.36],[100.68,-1.28],[100.6,-1.28],[100.6,-1.36]]]}},{"type":"Feature","id":1923,"properties":{"ntl_value":0.515,"nmkab":"PESISIR SELATAN","nmprov":"SUMATERA BARAT","label":"sebelum"},"geometry":{"type":"Polygon","coordinates":[[[100.6,-1.28],[100.68,-1.28],[100.68,-1.2],[100.6,-1.2],[100.6,-1.28]]]}},{"type":"Feature","id":1924,"properties":{"ntl_value":0.539,"nmkab":"PESISIR SELATAN","nmprov":"SUMATERA BARAT","label":"sebelum"},"geometry":{"type":"Polygon","coordinates":[[[100.6,-1.2],[100.68,-1.2],[100.68,-1.12],[100.6,-1.12],[100.6,-1.2]]]}},{"type":"Feature","id":1925,"properties":{"ntl_value":0.362,"nmkab":"SOLOK","nmprov":"SUMATERA BARAT","label":"sebelum"},"geometry":{"type":"Polygon","coordinates":[[[100.6,-1.12],[100.68,-1.12],[100.68,-1.04],[100.6,-1.04],[100.6,-1.12]]]}},{"type":"Feature","id":1926,"properties":{"ntl_value":0.437,"nmkab":"SOLOK","nmprov":"SUMATERA BARAT","label":"sebelum"},"geometry":{"type":"Polygon","coordinates":[[[100.6,-1.04],[100.68,-1.04],[100.68,-0.96],[100.6,-0.96],[100.6,-1.04]]]}},{"type":"Feature","id":1927,"properties":{"ntl_value":0.503,"nmkab":"SOLOK","nmprov":"SUMATERA BARAT","label":"sebelum"},"geometry":{"type":"Polygon","coordinates":[[[100.6,-0.96],[100.68,-0.96],[100.68,-0.88],[100.6,-0.88],[100.6,-0.96]]]}},{"type":"Feature","id":1928,"properties":{"ntl_value":0.484,"nmkab":"SOLOK","nmprov":"SUMATERA BARAT","label":"sebelum"},"geometry":{"type":"Polygon","coordinates":[[[100.6,-0.88],[100.68,-0.88],[100.68,-0.8],[100.6,-0.8],[100.6,-0.88]]]}},{"type":"Feature","id":1929,"properties":{"ntl_value":0.736,"nmkab":"SOLOK","nmprov":"SUMATERA BARAT","label":"sebelum"},"geometry":{"type":"Polygon","coordinates":[[[100.6,-0.8],[100.68,-0.8],[100.68,-0.72],[100.6,-0.72],[100.6,-0.8]]]}},{"type":"Feature","id":1930,"properties":{"ntl_value":0.484,"nmkab":"SOLOK","nmprov":"SUMATERA BARAT","label":"sebelum"},"geometry":{"type":"Polygon","coordinates":[[[100.6,-0.72],[100.68,-0.72],[100.68,-0.64],[100.6,-0.64],[100.6,-0.72]]]}},{"type":"Feature","id":1931,"properties":{"ntl_value":0.496,"nmkab":"SOLOK","nmprov":"SUMATERA BARAT","label":"sebelum"},"geometry":{"type":"Polygon","coordinates":[[[100.6,-0.64],[100.68,-0.64],[100.68,-0.56],[100.6,-0.56],[100.6,-0.64]]]}},{"type":"Feature","id":1932,"properties":{"ntl_value":0.554,"nmkab":"TANAH DATAR","nmprov":"SUMATERA BARAT","label":"sebelum"},"geometry":{"type":"Polygon","coordinates":[[[100.6,-0.56],[100.68,-0.56],[100.68,-0.48],[100.6,-0.48],[100.6,-0.56]]]}},{"type":"Feature","id":1933,"properties":{"ntl_value":0.585,"nmkab":"TANAH DATAR","nmprov":"SUMATERA BARAT","label":"sebelum"},"geometry":{"type":"Polygon","coordinates":[[[100.6,-0.48],[100.68,-0.48],[100.68,-0.4],[100.6,-0.4],[100.6,-0.48]]]}},{"type":"Feature","id":1934,"properties":{"ntl_value":0.651,"nmkab":"TANAH DATAR","nmprov":"SUMATERA BARAT","label":"sebelum"},"geometry":{"type":"Polygon","coordinates":[[[100.6,-0.4],[100.68,-0.4],[100.68,-0.32],[100.6,-0.32],[100.6,-0.4]]]}},{"type":"Feature","id":1935,"properties":{"ntl_value":0.376,"nmkab":"LIMA PULUH KOTA","nmprov":"SUMATERA BARAT","label":"sebelum"},"geometry":{"type":"Polygon","coordinates":[[[100.6,-0.32],[100.68,-0.32],[100.68,-0.24],[100.6,-0.24],[100.6,-0.32]]]}},{"type":"Feature","id":1936,"properties":{"ntl_value":0.407,"nmkab":"LIMA PULUH KOTA","nmprov":"SUMATERA BARAT","label":"sebelum"},"geometry":{"type":"Polygon","coordinates":[[[100.6,-0.24],[100.68,-0.24],[100.68,-0.16],[100.6,-0.16],[100.6,-0.24]]]}},{"type":"Feature","id":1937,"properties":{"ntl_value":0.367,"nmkab":"LIMA PULUH KOTA","nmprov":"SUMATERA BARAT","label":"sebelum"},"geometry":{"type":"Polygon","coordinates":[[[100.6,-0.16],[100.68,-0.16],[100.68,-0.08],[100.6,-0.08],[100.6,-0.16]]]}},{"type":"Feature","id":1938,"properties":{"ntl_value":0.467,"nmkab":"LIMA PULUH KOTA","nmprov":"SUMATERA BARAT","label":"sebelum"},"geometry":{"type":"Polygon","coordinates":[[[100.6,-0.08],[100.68,-0.08],[100.68,0],[100.6,0],[100.6,-0.08]]]}},{"type":"Feature","id":1939,"properties":{"ntl_value":0.468,"nmkab":"LIMA PULUH KOTA","nmprov":"SUMATERA BARAT","label":"sebelum"},"geometry":{"type":"Polygon","coordinates":[[[100.6,0],[100.68,0],[100.68,0.08],[100.6,0.08],[100.6,0]]]}},{"type":"Feature","id":1940,"properties":{"ntl_value":0.432,"nmkab":"LIMA PULUH KOTA","nmprov":"SUMATERA BARAT","label":"sebelum"},"geometry":{"type":"Polygon","coordinates":[[[100.6,0.08],[100.68,0.08],[100.68,0.16],[100.6,0.16],[100.6,0.08]]]}},{"type":"Feature","id":1941,"properties":{"ntl_value":0.416,"nmkab":"LIMA PULUH KOTA","nmprov":"SUMATERA BARAT","label":"sebelum"},"geometry":{"type":"Polygon","coordinates":[[[100.6,0.16],[100.68,0.16],[100.68,0.24],[100.6,0.24],[100.6,0.16]]]}},{"type":"Feature","id":1942,"properties":{"ntl_value":0.409,"nmkab":"PESISIR SELATAN","nmprov":"SUMATERA BARAT","label":"sebelum"},"geometry":{"type":"Polygon","coordinates":[[[100.68,-1.68],[100.76,-1.68],[100.76,-1.6],[100.68,-1.6],[100.68,-1.68]]]}},{"type":"Feature","id":1943,"properties":{"ntl_value":0.483,"nmkab":"PESISIR SELATAN","nmprov":"SUMATERA BARAT","label":"sebelum"},"geometry":{"type":"Polygon","coordinates":[[[100.68,-1.6],[100.76,-1.6],[100.76,-1.52],[100.68,-1.52],[100.68,-1.6]]]}},{"type":"Feature","id":1944,"properties":{"ntl_value":0.537,"nmkab":"PESISIR SELATAN","nmprov":"SUMATERA BARAT","label":"sebelum"},"geometry":{"type":"Polygon","coordinates":[[[100.68,-1.52],[100.76,-1.52],[100.76,-1.44],[100.68,-1.44],[100.68,-1.52]]]}},{"type":"Feature","id":1945,"properties":{"ntl_value":0.453,"nmkab":"PESISIR SELATAN","nmprov":"SUMATERA BARAT","label":"sebelum"},"geometry":{"type":"Polygon","coordinates":[[[100.68,-1.44],[100.76,-1.44],[100.76,-1.36],[100.68,-1.36],[100.68,-1.44]]]}},{"type":"Feature","id":1946,"properties":{"ntl_value":0.409,"nmkab":"PESISIR SELATAN","nmprov":"SUMATERA BARAT","label":"sebelum"},"geometry":{"type":"Polygon","coordinates":[[[100.68,-1.36],[100.76,-1.36],[100.76,-1.28],[100.68,-1.28],[100.68,-1.36]]]}},{"type":"Feature","id":1947,"properties":{"ntl_value":0.432,"nmkab":"PESISIR SELATAN","nmprov":"SUMATERA BARAT","label":"sebelum"},"geometry":{"type":"Polygon","coordinates":[[[100.68,-1.28],[100.76,-1.28],[100.76,-1.2],[100.68,-1.2],[100.68,-1.28]]]}},{"type":"Feature","id":1948,"properties":{"ntl_value":0.397,"nmkab":"PESISIR SELATAN","nmprov":"SUMATERA BARAT","label":"sebelum"},"geometry":{"type":"Polygon","coordinates":[[[100.68,-1.2],[100.76,-1.2],[100.76,-1.12],[100.68,-1.12],[100.68,-1.2]]]}},{"type":"Feature","id":1949,"properties":{"ntl_value":0.437,"nmkab":"SOLOK","nmprov":"SUMATERA BARAT","label":"sebelum"},"geometry":{"type":"Polygon","coordinates":[[[100.68,-1.12],[100.76,-1.12],[100.76,-1.04],[100.68,-1.04],[100.68,-1.12]]]}},{"type":"Feature","id":1950,"properties":{"ntl_value":0.497,"nmkab":"SOLOK","nmprov":"SUMATERA BARAT","label":"sebelum"},"geometry":{"type":"Polygon","coordinates":[[[100.68,-1.04],[100.76,-1.04],[100.76,-0.96],[100.68,-0.96],[100.68,-1.04]]]}},{"type":"Feature","id":1951,"properties":{"ntl_value":0.407,"nmkab":"SOLOK","nmprov":"SUMATERA BARAT","label":"sebelum"},"geometry":{"type":"Polygon","coordinates":[[[100.68,-0.96],[100.76,-0.96],[100.76,-0.88],[100.68,-0.88],[100.68,-0.96]]]}},{"type":"Feature","id":1952,"properties":{"ntl_value":0.482,"nmkab":"SOLOK","nmprov":"SUMATERA BARAT","label":"sebelum"},"geometry":{"type":"Polygon","coordinates":[[[100.68,-0.88],[100.76,-0.88],[100.76,-0.8],[100.68,-0.8],[100.68,-0.88]]]}},{"type":"Feature","id":1953,"properties":{"ntl_value":0.434,"nmkab":"SOLOK","nmprov":"SUMATERA BARAT","label":"sebelum"},"geometry":{"type":"Polygon","coordinates":[[[100.68,-0.8],[100.76,-0.8],[100.76,-0.72],[100.68,-0.72],[100.68,-0.8]]]}},{"type":"Feature","id":1954,"properties":{"ntl_value":0.555,"nmkab":"SAWAH LUNTO","nmprov":"SUMATERA BARAT","label":"sebelum"},"geometry":{"type":"Polygon","coordinates":[[[100.68,-0.72],[100.76,-0.72],[100.76,-0.64],[100.68,-0.64],[100.68,-0.72]]]}},{"type":"Feature","id":1955,"properties":{"ntl_value":0.589,"nmkab":"SAWAH LUNTO","nmprov":"SUMATERA BARAT","label":"sebelum"},"geometry":{"type":"Polygon","coordinates":[[[100.68,-0.64],[100.76,-0.64],[100.76,-0.56],[100.68,-0.56],[100.68,-0.64]]]}},{"type":"Feature","id":1956,"properties":{"ntl_value":0.539,"nmkab":"TANAH DATAR","nmprov":"SUMATERA BARAT","label":"sebelum"},"geometry":{"type":"Polygon","coordinates":[[[100.68,-0.56],[100.76,-0.56],[100.76,-0.48],[100.68,-0.48],[100.68,-0.56]]]}},{"type":"Feature","id":1957,"properties":{"ntl_value":0.528,"nmkab":"TANAH DATAR","nmprov":"SUMATERA BARAT","label":"sebelum"},"geometry":{"type":"Polygon","coordinates":[[[100.68,-0.48],[100.76,-0.48],[100.76,-0.4],[100.68,-0.4],[100.68,-0.48]]]}},{"type":"Feature","id":1958,"properties":{"ntl_value":0.571,"nmkab":"TANAH DATAR","nmprov":"SUMATERA BARAT","label":"sebelum"},"geometry":{"type":"Polygon","coordinates":[[[100.68,-0.4],[100.76,-0.4],[100.76,-0.32],[100.68,-0.32],[100.68,-0.4]]]}},{"type":"Feature","id":1959,"properties":{"ntl_value":0.374,"nmkab":"LIMA PULUH KOTA","nmprov":"SUMATERA BARAT","label":"sebelum"},"geometry":{"type":"Polygon","coordinates":[[[100.68,-0.32],[100.76,-0.32],[100.76,-0.24],[100.68,-0.24],[100.68,-0.32]]]}},{"type":"Feature","id":1960,"properties":{"ntl_value":0.368,"nmkab":"LIMA PULUH KOTA","nmprov":"SUMATERA BARAT","label":"sebelum"},"geometry":{"type":"Polygon","coordinates":[[[100.68,-0.24],[100.76,-0.24],[100.76,-0.16],[100.68,-0.16],[100.68,-0.24]]]}},{"type":"Feature","id":1961,"properties":{"ntl_value":0.404,"nmkab":"LIMA PULUH KOTA","nmprov":"SUMATERA BARAT","label":"sebelum"},"geometry":{"type":"Polygon","coordinates":[[[100.68,-0.16],[100.76,-0.16],[100.76,-0.08],[100.68,-0.08],[100.68,-0.16]]]}},{"type":"Feature","id":1962,"properties":{"ntl_value":0.472,"nmkab":"LIMA PULUH KOTA","nmprov":"SUMATERA BARAT","label":"sebelum"},"geometry":{"type":"Polygon","coordinates":[[[100.68,-0.08],[100.76,-0.08],[100.76,0],[100.68,0],[100.68,-0.08]]]}},{"type":"Feature","id":1963,"properties":{"ntl_value":0.413,"nmkab":"LIMA PULUH KOTA","nmprov":"SUMATERA BARAT","label":"sebelum"},"geometry":{"type":"Polygon","coordinates":[[[100.68,0],[100.76,0],[100.76,0.08],[100.68,0.08],[100.68,0]]]}},{"type":"Feature","id":1964,"properties":{"ntl_value":0.511,"nmkab":"LIMA PULUH KOTA","nmprov":"SUMATERA BARAT","label":"sebelum"},"geometry":{"type":"Polygon","coordinates":[[[100.68,0.08],[100.76,0.08],[100.76,0.16],[100.68,0.16],[100.68,0.08]]]}},{"type":"Feature","id":1965,"properties":{"ntl_value":0.452,"nmkab":"LIMA PULUH KOTA","nmprov":"SUMATERA BARAT","label":"sebelum"},"geometry":{"type":"Polygon","coordinates":[[[100.68,0.16],[100.76,0.16],[100.76,0.24],[100.68,0.24],[100.68,0.16]]]}},{"type":"Feature","id":1966,"properties":{"ntl_value":0.453,"nmkab":"PESISIR SELATAN","nmprov":"SUMATERA BARAT","label":"sebelum"},"geometry":{"type":"Polygon","coordinates":[[[100.76,-1.84],[100.84,-1.84],[100.84,-1.76],[100.76,-1.76],[100.76,-1.84]]]}},{"type":"Feature","id":1967,"properties":{"ntl_value":0.505,"nmkab":"PESISIR SELATAN","nmprov":"SUMATERA BARAT","label":"sebelum"},"geometry":{"type":"Polygon","coordinates":[[[100.76,-1.76],[100.84,-1.76],[100.84,-1.68],[100.76,-1.68],[100.76,-1.76]]]}},{"type":"Feature","id":1968,"properties":{"ntl_value":0.526,"nmkab":"PESISIR SELATAN","nmprov":"SUMATERA BARAT","label":"sebelum"},"geometry":{"type":"Polygon","coordinates":[[[100.76,-1.68],[100.84,-1.68],[100.84,-1.6],[100.76,-1.6],[100.76,-1.68]]]}},{"type":"Feature","id":1969,"properties":{"ntl_value":0.464,"nmkab":"PESISIR SELATAN","nmprov":"SUMATERA BARAT","label":"sebelum"},"geometry":{"type":"Polygon","coordinates":[[[100.76,-1.6],[100.84,-1.6],[100.84,-1.52],[100.76,-1.52],[100.76,-1.6]]]}},{"type":"Feature","id":1970,"properties":{"ntl_value":0.412,"nmkab":"PESISIR SELATAN","nmprov":"SUMATERA BARAT","label":"sebelum"},"geometry":{"type":"Polygon","coordinates":[[[100.76,-1.52],[100.84,-1.52],[100.84,-1.44],[100.76,-1.44],[100.76,-1.52]]]}},{"type":"Feature","id":1971,"properties":{"ntl_value":0.466,"nmkab":"PESISIR SELATAN","nmprov":"SUMATERA BARAT","label":"sebelum"},"geometry":{"type":"Polygon","coordinates":[[[100.76,-1.44],[100.84,-1.44],[100.84,-1.36],[100.76,-1.36],[100.76,-1.44]]]}},{"type":"Feature","id":1972,"properties":{"ntl_value":0.421,"nmkab":"PESISIR SELATAN","nmprov":"SUMATERA BARAT","label":"sebelum"},"geometry":{"type":"Polygon","coordinates":[[[100.76,-1.36],[100.84,-1.36],[100.84,-1.28],[100.76,-1.28],[100.76,-1.36]]]}},{"type":"Feature","id":1973,"properties":{"ntl_value":0.52,"nmkab":"PESISIR SELATAN","nmprov":"SUMATERA BARAT","label":"sebelum"},"geometry":{"type":"Polygon","coordinates":[[[100.76,-1.28],[100.84,-1.28],[100.84,-1.2],[100.76,-1.2],[100.76,-1.28]]]}},{"type":"Feature","id":1974,"properties":{"ntl_value":0.369,"nmkab":"SOLOK","nmprov":"SUMATERA BARAT","label":"sebelum"},"geometry":{"type":"Polygon","coordinates":[[[100.76,-1.2],[100.84,-1.2],[100.84,-1.12],[100.76,-1.12],[100.76,-1.2]]]}},{"type":"Feature","id":1975,"properties":{"ntl_value":0.437,"nmkab":"SOLOK","nmprov":"SUMATERA BARAT","label":"sebelum"},"geometry":{"type":"Polygon","coordinates":[[[100.76,-1.12],[100.84,-1.12],[100.84,-1.04],[100.76,-1.04],[100.76,-1.12]]]}},{"type":"Feature","id":1976,"properties":{"ntl_value":0.476,"nmkab":"SOLOK","nmprov":"SUMATERA BARAT","label":"sebelum"},"geometry":{"type":"Polygon","coordinates":[[[100.76,-1.04],[100.84,-1.04],[100.84,-0.96],[100.76,-0.96],[100.76,-1.04]]]}},{"type":"Feature","id":1977,"properties":{"ntl_value":0.429,"nmkab":"SOLOK","nmprov":"SUMATERA BARAT","label":"sebelum"},"geometry":{"type":"Polygon","coordinates":[[[100.76,-0.96],[100.84,-0.96],[100.84,-0.88],[100.76,-0.88],[100.76,-0.96]]]}},{"type":"Feature","id":1978,"properties":{"ntl_value":0.385,"nmkab":"SOLOK","nmprov":"SUMATERA BARAT","label":"sebelum"},"geometry":{"type":"Polygon","coordinates":[[[100.76,-0.88],[100.84,-0.88],[100.84,-0.8],[100.76,-0.8],[100.76,-0.88]]]}},{"type":"Feature","id":1979,"properties":{"ntl_value":0.565,"nmkab":"SAWAH LUNTO","nmprov":"SUMATERA BARAT","label":"sebelum"},"geometry":{"type":"Polygon","coordinates":[[[100.76,-0.8],[100.84,-0.8],[100.84,-0.72],[100.76,-0.72],[100.76,-0.8]]]}},{"type":"Feature","id":1980,"properties":{"ntl_value":0.495,"nmkab":"SAWAH LUNTO","nmprov":"SUMATERA BARAT","label":"sebelum"},"geometry":{"type":"Polygon","coordinates":[[[100.76,-0.72],[100.84,-0.72],[100.84,-0.64],[100.76,-0.64],[100.76,-0.72]]]}},{"type":"Feature","id":1981,"properties":{"ntl_value":0.544,"nmkab":"SAWAH LUNTO","nmprov":"SUMATERA BARAT","label":"sebelum"},"geometry":{"type":"Polygon","coordinates":[[[100.76,-0.64],[100.84,-0.64],[100.84,-0.56],[100.76,-0.56],[100.76,-0.64]]]}},{"type":"Feature","id":1982,"properties":{"ntl_value":0.512,"nmkab":"TANAH DATAR","nmprov":"SUMATERA BARAT","label":"sebelum"},"geometry":{"type":"Polygon","coordinates":[[[100.76,-0.56],[100.84,-0.56],[100.84,-0.48],[100.76,-0.48],[100.76,-0.56]]]}},{"type":"Feature","id":1983,"properties":{"ntl_value":0.605,"nmkab":"TANAH DATAR","nmprov":"SUMATERA BARAT","label":"sebelum"},"geometry":{"type":"Polygon","coordinates":[[[100.76,-0.48],[100.84,-0.48],[100.84,-0.4],[100.76,-0.4],[100.76,-0.48]]]}},{"type":"Feature","id":1984,"properties":{"ntl_value":0.622,"nmkab":"TANAH DATAR","nmprov":"SUMATERA BARAT","label":"sebelum"},"geometry":{"type":"Polygon","coordinates":[[[100.76,-0.4],[100.84,-0.4],[100.84,-0.32],[100.76,-0.32],[100.76,-0.4]]]}},{"type":"Feature","id":1985,"properties":{"ntl_value":0.503,"nmkab":"LIMA PULUH KOTA","nmprov":"SUMATERA BARAT","label":"sebelum"},"geometry":{"type":"Polygon","coordinates":[[[100.76,-0.32],[100.84,-0.32],[100.84,-0.24],[100.76,-0.24],[100.76,-0.32]]]}},{"type":"Feature","id":1986,"properties":{"ntl_value":0.474,"nmkab":"LIMA PULUH KOTA","nmprov":"SUMATERA BARAT","label":"sebelum"},"geometry":{"type":"Polygon","coordinates":[[[100.76,0],[100.84,0],[100.84,0.08],[100.76,0.08],[100.76,0]]]}},{"type":"Feature","id":1987,"properties":{"ntl_value":0.453,"nmkab":"LIMA PULUH KOTA","nmprov":"SUMATERA BARAT","label":"sebelum"},"geometry":{"type":"Polygon","coordinates":[[[100.76,0.16],[100.84,0.16],[100.84,0.24],[100.76,0.24],[100.76,0.16]]]}},{"type":"Feature","id":1988,"properties":{"ntl_value":0.506,"nmkab":"PESISIR SELATAN","nmprov":"SUMATERA BARAT","label":"sebelum"},"geometry":{"type":"Polygon","coordinates":[[[100.84,-2.32],[100.92,-2.32],[100.92,-2.24],[100.84,-2.24],[100.84,-2.32]]]}},{"type":"Feature","id":1989,"properties":{"ntl_value":0.426,"nmkab":"PESISIR SELATAN","nmprov":"SUMATERA BARAT","label":"sebelum"},"geometry":{"type":"Polygon","coordinates":[[[100.84,-2.24],[100.92,-2.24],[100.92,-2.16],[100.84,-2.16],[100.84,-2.24]]]}},{"type":"Feature","id":1990,"properties":{"ntl_value":0.532,"nmkab":"PESISIR SELATAN","nmprov":"SUMATERA BARAT","label":"sebelum"},"geometry":{"type":"Polygon","coordinates":[[[100.84,-2.16],[100.92,-2.16],[100.92,-2.08],[100.84,-2.08],[100.84,-2.16]]]}},{"type":"Feature","id":1991,"properties":{"ntl_value":0.453,"nmkab":"PESISIR SELATAN","nmprov":"SUMATERA BARAT","label":"sebelum"},"geometry":{"type":"Polygon","coordinates":[[[100.84,-2],[100.92,-2],[100.92,-1.92],[100.84,-1.92],[100.84,-2]]]}},{"type":"Feature","id":1992,"properties":{"ntl_value":0.525,"nmkab":"PESISIR SELATAN","nmprov":"SUMATERA BARAT","label":"sebelum"},"geometry":{"type":"Polygon","coordinates":[[[100.84,-1.92],[100.92,-1.92],[100.92,-1.84],[100.84,-1.84],[100.84,-1.92]]]}},{"type":"Feature","id":1993,"properties":{"ntl_value":0.396,"nmkab":"PESISIR SELATAN","nmprov":"SUMATERA BARAT","label":"sebelum"},"geometry":{"type":"Polygon","coordinates":[[[100.84,-1.84],[100.92,-1.84],[100.92,-1.76],[100.84,-1.76],[100.84,-1.84]]]}},{"type":"Feature","id":1994,"properties":{"ntl_value":0.422,"nmkab":"PESISIR SELATAN","nmprov":"SUMATERA BARAT","label":"sebelum"},"geometry":{"type":"Polygon","coordinates":[[[100.84,-1.76],[100.92,-1.76],[100.92,-1.68],[100.84,-1.68],[100.84,-1.76]]]}},{"type":"Feature","id":1995,"properties":{"ntl_value":0.513,"nmkab":"PESISIR SELATAN","nmprov":"SUMATERA BARAT","label":"sebelum"},"geometry":{"type":"Polygon","coordinates":[[[100.84,-1.68],[100.92,-1.68],[100.92,-1.6],[100.84,-1.6],[100.84,-1.68]]]}},{"type":"Feature","id":1996,"properties":{"ntl_value":0.433,"nmkab":"PESISIR SELATAN","nmprov":"SUMATERA BARAT","label":"sebelum"},"geometry":{"type":"Polygon","coordinates":[[[100.84,-1.6],[100.92,-1.6],[100.92,-1.52],[100.84,-1.52],[100.84,-1.6]]]}},{"type":"Feature","id":1997,"properties":{"ntl_value":0.543,"nmkab":"PESISIR SELATAN","nmprov":"SUMATERA BARAT","label":"sebelum"},"geometry":{"type":"Polygon","coordinates":[[[100.84,-1.52],[100.92,-1.52],[100.92,-1.44],[100.84,-1.44],[100.84,-1.52]]]}},{"type":"Feature","id":1998,"properties":{"ntl_value":0.459,"nmkab":"PESISIR SELATAN","nmprov":"SUMATERA BARAT","label":"sebelum"},"geometry":{"type":"Polygon","coordinates":[[[100.84,-1.44],[100.92,-1.44],[100.92,-1.36],[100.84,-1.36],[100.84,-1.44]]]}},{"type":"Feature","id":1999,"properties":{"ntl_value":0.368,"nmkab":"SOLOK SELATAN","nmprov":"SUMATERA BARAT","label":"sebelum"},"geometry":{"type":"Polygon","coordinates":[[[100.84,-1.36],[100.92,-1.36],[100.92,-1.28],[100.84,-1.28],[100.84,-1.36]]]}},{"type":"Feature","id":2000,"properties":{"ntl_value":0.393,"nmkab":"SOLOK","nmprov":"SUMATERA BARAT","label":"sebelum"},"geometry":{"type":"Polygon","coordinates":[[[100.84,-1.28],[100.92,-1.28],[100.92,-1.2],[100.84,-1.2],[100.84,-1.28]]]}},{"type":"Feature","id":2001,"properties":{"ntl_value":0.437,"nmkab":"SOLOK","nmprov":"SUMATERA BARAT","label":"sebelum"},"geometry":{"type":"Polygon","coordinates":[[[100.84,-1.2],[100.92,-1.2],[100.92,-1.12],[100.84,-1.12],[100.84,-1.2]]]}},{"type":"Feature","id":2002,"properties":{"ntl_value":0.415,"nmkab":"SOLOK","nmprov":"SUMATERA BARAT","label":"sebelum"},"geometry":{"type":"Polygon","coordinates":[[[100.84,-1.12],[100.92,-1.12],[100.92,-1.04],[100.84,-1.04],[100.84,-1.12]]]}},{"type":"Feature","id":2003,"properties":{"ntl_value":0.401,"nmkab":"SOLOK","nmprov":"SUMATERA BARAT","label":"sebelum"},"geometry":{"type":"Polygon","coordinates":[[[100.84,-1.04],[100.92,-1.04],[100.92,-0.96],[100.84,-0.96],[100.84,-1.04]]]}},{"type":"Feature","id":2004,"properties":{"ntl_value":0.47,"nmkab":"SOLOK","nmprov":"SUMATERA BARAT","label":"sebelum"},"geometry":{"type":"Polygon","coordinates":[[[100.84,-0.96],[100.92,-0.96],[100.92,-0.88],[100.84,-0.88],[100.84,-0.96]]]}},{"type":"Feature","id":2005,"properties":{"ntl_value":0.399,"nmkab":"SOLOK","nmprov":"SUMATERA BARAT","label":"sebelum"},"geometry":{"type":"Polygon","coordinates":[[[100.84,-0.88],[100.92,-0.88],[100.92,-0.8],[100.84,-0.8],[100.84,-0.88]]]}},{"type":"Feature","id":2006,"properties":{"ntl_value":0.541,"nmkab":"SIJUNJUNG","nmprov":"SUMATERA BARAT","label":"sebelum"},"geometry":{"type":"Polygon","coordinates":[[[100.84,-0.8],[100.92,-0.8],[100.92,-0.72],[100.84,-0.72],[100.84,-0.8]]]}},{"type":"Feature","id":2007,"properties":{"ntl_value":0.575,"nmkab":"SIJUNJUNG","nmprov":"SUMATERA BARAT","label":"sebelum"},"geometry":{"type":"Polygon","coordinates":[[[100.84,-0.72],[100.92,-0.72],[100.92,-0.64],[100.84,-0.64],[100.84,-0.72]]]}},{"type":"Feature","id":2008,"properties":{"ntl_value":0.556,"nmkab":"SIJUNJUNG","nmprov":"SUMATERA BARAT","label":"sebelum"},"geometry":{"type":"Polygon","coordinates":[[[100.84,-0.64],[100.92,-0.64],[100.92,-0.56],[100.84,-0.56],[100.84,-0.64]]]}},{"type":"Feature","id":2009,"properties":{"ntl_value":0.566,"nmkab":"SIJUNJUNG","nmprov":"SUMATERA BARAT","label":"sebelum"},"geometry":{"type":"Polygon","coordinates":[[[100.84,-0.56],[100.92,-0.56],[100.92,-0.48],[100.84,-0.48],[100.84,-0.56]]]}},{"type":"Feature","id":2010,"properties":{"ntl_value":0.54,"nmkab":"SIJUNJUNG","nmprov":"SUMATERA BARAT","label":"sebelum"},"geometry":{"type":"Polygon","coordinates":[[[100.84,-0.48],[100.92,-0.48],[100.92,-0.4],[100.84,-0.4],[100.84,-0.48]]]}},{"type":"Feature","id":2011,"properties":{"ntl_value":0.562,"nmkab":"SIJUNJUNG","nmprov":"SUMATERA BARAT","label":"sebelum"},"geometry":{"type":"Polygon","coordinates":[[[100.84,-0.4],[100.92,-0.4],[100.92,-0.32],[100.84,-0.32],[100.84,-0.4]]]}},{"type":"Feature","id":2012,"properties":{"ntl_value":0.467,"nmkab":"PESISIR SELATAN","nmprov":"SUMATERA BARAT","label":"sebelum"},"geometry":{"type":"Polygon","coordinates":[[[100.92,-2.4],[101,-2.4],[101,-2.32],[100.92,-2.32],[100.92,-2.4]]]}},{"type":"Feature","id":2013,"properties":{"ntl_value":0.425,"nmkab":"PESISIR SELATAN","nmprov":"SUMATERA BARAT","label":"sebelum"},"geometry":{"type":"Polygon","coordinates":[[[100.92,-2.32],[101,-2.32],[101,-2.24],[100.92,-2.24],[100.92,-2.32]]]}},{"type":"Feature","id":2014,"properties":{"ntl_value":0.43,"nmkab":"PESISIR SELATAN","nmprov":"SUMATERA BARAT","label":"sebelum"},"geometry":{"type":"Polygon","coordinates":[[[100.92,-2.24],[101,-2.24],[101,-2.16],[100.92,-2.16],[100.92,-2.24]]]}},{"type":"Feature","id":2015,"properties":{"ntl_value":0.436,"nmkab":"PESISIR SELATAN","nmprov":"SUMATERA BARAT","label":"sebelum"},"geometry":{"type":"Polygon","coordinates":[[[100.92,-2.16],[101,-2.16],[101,-2.08],[100.92,-2.08],[100.92,-2.16]]]}},{"type":"Feature","id":2016,"properties":{"ntl_value":0.544,"nmkab":"PESISIR SELATAN","nmprov":"SUMATERA BARAT","label":"sebelum"},"geometry":{"type":"Polygon","coordinates":[[[100.92,-2.08],[101,-2.08],[101,-2],[100.92,-2],[100.92,-2.08]]]}},{"type":"Feature","id":2017,"properties":{"ntl_value":0.411,"nmkab":"PESISIR SELATAN","nmprov":"SUMATERA BARAT","label":"sebelum"},"geometry":{"type":"Polygon","coordinates":[[[100.92,-2],[101,-2],[101,-1.92],[100.92,-1.92],[100.92,-2]]]}},{"type":"Feature","id":2018,"properties":{"ntl_value":0.445,"nmkab":"PESISIR SELATAN","nmprov":"SUMATERA BARAT","label":"sebelum"},"geometry":{"type":"Polygon","coordinates":[[[100.92,-1.92],[101,-1.92],[101,-1.84],[100.92,-1.84],[100.92,-1.92]]]}},{"type":"Feature","id":2019,"properties":{"ntl_value":0.455,"nmkab":"PESISIR SELATAN","nmprov":"SUMATERA BARAT","label":"sebelum"},"geometry":{"type":"Polygon","coordinates":[[[100.92,-1.84],[101,-1.84],[101,-1.76],[100.92,-1.76],[100.92,-1.84]]]}},{"type":"Feature","id":2020,"properties":{"ntl_value":0.405,"nmkab":"PESISIR SELATAN","nmprov":"SUMATERA BARAT","label":"sebelum"},"geometry":{"type":"Polygon","coordinates":[[[100.92,-1.76],[101,-1.76],[101,-1.68],[100.92,-1.68],[100.92,-1.76]]]}},{"type":"Feature","id":2021,"properties":{"ntl_value":0.407,"nmkab":"PESISIR SELATAN","nmprov":"SUMATERA BARAT","label":"sebelum"},"geometry":{"type":"Polygon","coordinates":[[[100.92,-1.68],[101,-1.68],[101,-1.6],[100.92,-1.6],[100.92,-1.68]]]}},{"type":"Feature","id":2022,"properties":{"ntl_value":0.43,"nmkab":"PESISIR SELATAN","nmprov":"SUMATERA BARAT","label":"sebelum"},"geometry":{"type":"Polygon","coordinates":[[[100.92,-1.6],[101,-1.6],[101,-1.52],[100.92,-1.52],[100.92,-1.6]]]}},{"type":"Feature","id":2023,"properties":{"ntl_value":0.412,"nmkab":"SOLOK SELATAN","nmprov":"SUMATERA BARAT","label":"sebelum"},"geometry":{"type":"Polygon","coordinates":[[[100.92,-1.52],[101,-1.52],[101,-1.44],[100.92,-1.44],[100.92,-1.52]]]}},{"type":"Feature","id":2024,"properties":{"ntl_value":0.383,"nmkab":"SOLOK SELATAN","nmprov":"SUMATERA BARAT","label":"sebelum"},"geometry":{"type":"Polygon","coordinates":[[[100.92,-1.44],[101,-1.44],[101,-1.36],[100.92,-1.36],[100.92,-1.44]]]}},{"type":"Feature","id":2025,"properties":{"ntl_value":0.439,"nmkab":"SOLOK SELATAN","nmprov":"SUMATERA BARAT","label":"sebelum"},"geometry":{"type":"Polygon","coordinates":[[[100.92,-1.36],[101,-1.36],[101,-1.28],[100.92,-1.28],[100.92,-1.36]]]}},{"type":"Feature","id":2026,"properties":{"ntl_value":0.397,"nmkab":"SOLOK","nmprov":"SUMATERA BARAT","label":"sebelum"},"geometry":{"type":"Polygon","coordinates":[[[100.92,-1.28],[101,-1.28],[101,-1.2],[100.92,-1.2],[100.92,-1.28]]]}},{"type":"Feature","id":2027,"properties":{"ntl_value":0.399,"nmkab":"SOLOK","nmprov":"SUMATERA BARAT","label":"sebelum"},"geometry":{"type":"Polygon","coordinates":[[[100.92,-1.2],[101,-1.2],[101,-1.12],[100.92,-1.12],[100.92,-1.2]]]}},{"type":"Feature","id":2028,"properties":{"ntl_value":0.419,"nmkab":"SOLOK","nmprov":"SUMATERA BARAT","label":"sebelum"},"geometry":{"type":"Polygon","coordinates":[[[100.92,-1.12],[101,-1.12],[101,-1.04],[100.92,-1.04],[100.92,-1.12]]]}},{"type":"Feature","id":2029,"properties":{"ntl_value":0.439,"nmkab":"SOLOK","nmprov":"SUMATERA BARAT","label":"sebelum"},"geometry":{"type":"Polygon","coordinates":[[[100.92,-1.04],[101,-1.04],[101,-0.96],[100.92,-0.96],[100.92,-1.04]]]}},{"type":"Feature","id":2030,"properties":{"ntl_value":0.445,"nmkab":"SOLOK","nmprov":"SUMATERA BARAT","label":"sebelum"},"geometry":{"type":"Polygon","coordinates":[[[100.92,-0.96],[101,-0.96],[101,-0.88],[100.92,-0.88],[100.92,-0.96]]]}},{"type":"Feature","id":2031,"properties":{"ntl_value":0.424,"nmkab":"SOLOK","nmprov":"SUMATERA BARAT","label":"sebelum"},"geometry":{"type":"Polygon","coordinates":[[[100.92,-0.88],[101,-0.88],[101,-0.8],[100.92,-0.8],[100.92,-0.88]]]}},{"type":"Feature","id":2032,"properties":{"ntl_value":0.492,"nmkab":"SIJUNJUNG","nmprov":"SUMATERA BARAT","label":"sebelum"},"geometry":{"type":"Polygon","coordinates":[[[100.92,-0.8],[101,-0.8],[101,-0.72],[100.92,-0.72],[100.92,-0.8]]]}},{"type":"Feature","id":2033,"properties":{"ntl_value":0.539,"nmkab":"SIJUNJUNG","nmprov":"SUMATERA BARAT","label":"sebelum"},"geometry":{"type":"Polygon","coordinates":[[[100.92,-0.72],[101,-0.72],[101,-0.64],[100.92,-0.64],[100.92,-0.72]]]}},{"type":"Feature","id":2034,"properties":{"ntl_value":0.535,"nmkab":"SIJUNJUNG","nmprov":"SUMATERA BARAT","label":"sebelum"},"geometry":{"type":"Polygon","coordinates":[[[100.92,-0.64],[101,-0.64],[101,-0.56],[100.92,-0.56],[100.92,-0.64]]]}},{"type":"Feature","id":2035,"properties":{"ntl_value":0.628,"nmkab":"SIJUNJUNG","nmprov":"SUMATERA BARAT","label":"sebelum"},"geometry":{"type":"Polygon","coordinates":[[[100.92,-0.56],[101,-0.56],[101,-0.48],[100.92,-0.48],[100.92,-0.56]]]}},{"type":"Feature","id":2036,"properties":{"ntl_value":0.516,"nmkab":"SIJUNJUNG","nmprov":"SUMATERA BARAT","label":"sebelum"},"geometry":{"type":"Polygon","coordinates":[[[100.92,-0.48],[101,-0.48],[101,-0.4],[100.92,-0.4],[100.92,-0.48]]]}},{"type":"Feature","id":2037,"properties":{"ntl_value":0.502,"nmkab":"SIJUNJUNG","nmprov":"SUMATERA BARAT","label":"sebelum"},"geometry":{"type":"Polygon","coordinates":[[[100.92,-0.4],[101,-0.4],[101,-0.32],[100.92,-0.32],[100.92,-0.4]]]}},{"type":"Feature","id":2038,"properties":{"ntl_value":0.5,"nmkab":"PESISIR SELATAN","nmprov":"SUMATERA BARAT","label":"sebelum"},"geometry":{"type":"Polygon","coordinates":[[[101,-2.48],[101.08,-2.48],[101.08,-2.4],[101,-2.4],[101,-2.48]]]}},{"type":"Feature","id":2039,"properties":{"ntl_value":0.527,"nmkab":"PESISIR SELATAN","nmprov":"SUMATERA BARAT","label":"sebelum"},"geometry":{"type":"Polygon","coordinates":[[[101,-2.4],[101.08,-2.4],[101.08,-2.32],[101,-2.32],[101,-2.4]]]}},{"type":"Feature","id":2040,"properties":{"ntl_value":0.514,"nmkab":"PESISIR SELATAN","nmprov":"SUMATERA BARAT","label":"sebelum"},"geometry":{"type":"Polygon","coordinates":[[[101,-2.32],[101.08,-2.32],[101.08,-2.24],[101,-2.24],[101,-2.32]]]}},{"type":"Feature","id":2041,"properties":{"ntl_value":0.513,"nmkab":"PESISIR SELATAN","nmprov":"SUMATERA BARAT","label":"sebelum"},"geometry":{"type":"Polygon","coordinates":[[[101,-2.24],[101.08,-2.24],[101.08,-2.16],[101,-2.16],[101,-2.24]]]}},{"type":"Feature","id":2042,"properties":{"ntl_value":0.428,"nmkab":"PESISIR SELATAN","nmprov":"SUMATERA BARAT","label":"sebelum"},"geometry":{"type":"Polygon","coordinates":[[[101,-2.16],[101.08,-2.16],[101.08,-2.08],[101,-2.08],[101,-2.16]]]}},{"type":"Feature","id":2043,"properties":{"ntl_value":0.462,"nmkab":"PESISIR SELATAN","nmprov":"SUMATERA BARAT","label":"sebelum"},"geometry":{"type":"Polygon","coordinates":[[[101,-2.08],[101.08,-2.08],[101.08,-2],[101,-2],[101,-2.08]]]}},{"type":"Feature","id":2044,"properties":{"ntl_value":0.517,"nmkab":"PESISIR SELATAN","nmprov":"SUMATERA BARAT","label":"sebelum"},"geometry":{"type":"Polygon","coordinates":[[[101,-2],[101.08,-2],[101.08,-1.92],[101,-1.92],[101,-2]]]}},{"type":"Feature","id":2045,"properties":{"ntl_value":0.498,"nmkab":"PESISIR SELATAN","nmprov":"SUMATERA BARAT","label":"sebelum"},"geometry":{"type":"Polygon","coordinates":[[[101,-1.92],[101.08,-1.92],[101.08,-1.84],[101,-1.84],[101,-1.92]]]}},{"type":"Feature","id":2046,"properties":{"ntl_value":0.456,"nmkab":"PESISIR SELATAN","nmprov":"SUMATERA BARAT","label":"sebelum"},"geometry":{"type":"Polygon","coordinates":[[[101,-1.84],[101.08,-1.84],[101.08,-1.76],[101,-1.76],[101,-1.84]]]}},{"type":"Feature","id":2047,"properties":{"ntl_value":0.447,"nmkab":"PESISIR SELATAN","nmprov":"SUMATERA BARAT","label":"sebelum"},"geometry":{"type":"Polygon","coordinates":[[[101,-1.76],[101.08,-1.76],[101.08,-1.68],[101,-1.68],[101,-1.76]]]}},{"type":"Feature","id":2048,"properties":{"ntl_value":0.525,"nmkab":"PESISIR SELATAN","nmprov":"SUMATERA BARAT","label":"sebelum"},"geometry":{"type":"Polygon","coordinates":[[[101,-1.68],[101.08,-1.68],[101.08,-1.6],[101,-1.6],[101,-1.68]]]}},{"type":"Feature","id":2049,"properties":{"ntl_value":0.413,"nmkab":"SOLOK SELATAN","nmprov":"SUMATERA BARAT","label":"sebelum"},"geometry":{"type":"Polygon","coordinates":[[[101,-1.6],[101.08,-1.6],[101.08,-1.52],[101,-1.52],[101,-1.6]]]}},{"type":"Feature","id":2050,"properties":{"ntl_value":0.377,"nmkab":"SOLOK SELATAN","nmprov":"SUMATERA BARAT","label":"sebelum"},"geometry":{"type":"Polygon","coordinates":[[[101,-1.52],[101.08,-1.52],[101.08,-1.44],[101,-1.44],[101,-1.52]]]}},{"type":"Feature","id":2051,"properties":{"ntl_value":0.443,"nmkab":"SOLOK SELATAN","nmprov":"SUMATERA BARAT","label":"sebelum"},"geometry":{"type":"Polygon","coordinates":[[[101,-1.44],[101.08,-1.44],[101.08,-1.36],[101,-1.36],[101,-1.44]]]}},{"type":"Feature","id":2052,"properties":{"ntl_value":0.366,"nmkab":"SOLOK SELATAN","nmprov":"SUMATERA BARAT","label":"sebelum"},"geometry":{"type":"Polygon","coordinates":[[[101,-1.36],[101.08,-1.36],[101.08,-1.28],[101,-1.28],[101,-1.36]]]}},{"type":"Feature","id":2053,"properties":{"ntl_value":0.504,"nmkab":"SOLOK SELATAN","nmprov":"SUMATERA BARAT","label":"sebelum"},"geometry":{"type":"Polygon","coordinates":[[[101,-1.28],[101.08,-1.28],[101.08,-1.2],[101,-1.2],[101,-1.28]]]}},{"type":"Feature","id":2054,"properties":{"ntl_value":0.463,"nmkab":"SOLOK SELATAN","nmprov":"SUMATERA BARAT","label":"sebelum"},"geometry":{"type":"Polygon","coordinates":[[[101,-1.2],[101.08,-1.2],[101.08,-1.12],[101,-1.12],[101,-1.2]]]}},{"type":"Feature","id":2055,"properties":{"ntl_value":0.445,"nmkab":"SOLOK","nmprov":"SUMATERA BARAT","label":"sebelum"},"geometry":{"type":"Polygon","coordinates":[[[101,-1.12],[101.08,-1.12],[101.08,-1.04],[101,-1.04],[101,-1.12]]]}},{"type":"Feature","id":2056,"properties":{"ntl_value":0.372,"nmkab":"SOLOK","nmprov":"SUMATERA BARAT","label":"sebelum"},"geometry":{"type":"Polygon","coordinates":[[[101,-1.04],[101.08,-1.04],[101.08,-0.96],[101,-0.96],[101,-1.04]]]}},{"type":"Feature","id":2057,"properties":{"ntl_value":0.448,"nmkab":"SOLOK","nmprov":"SUMATERA BARAT","label":"sebelum"},"geometry":{"type":"Polygon","coordinates":[[[101,-0.96],[101.08,-0.96],[101.08,-0.88],[101,-0.88],[101,-0.96]]]}},{"type":"Feature","id":2058,"properties":{"ntl_value":0.559,"nmkab":"SIJUNJUNG","nmprov":"SUMATERA BARAT","label":"sebelum"},"geometry":{"type":"Polygon","coordinates":[[[101,-0.88],[101.08,-0.88],[101.08,-0.8],[101,-0.8],[101,-0.88]]]}},{"type":"Feature","id":2059,"properties":{"ntl_value":0.514,"nmkab":"SIJUNJUNG","nmprov":"SUMATERA BARAT","label":"sebelum"},"geometry":{"type":"Polygon","coordinates":[[[101,-0.8],[101.08,-0.8],[101.08,-0.72],[101,-0.72],[101,-0.8]]]}},{"type":"Feature","id":2060,"properties":{"ntl_value":0.503,"nmkab":"SIJUNJUNG","nmprov":"SUMATERA BARAT","label":"sebelum"},"geometry":{"type":"Polygon","coordinates":[[[101,-0.72],[101.08,-0.72],[101.08,-0.64],[101,-0.64],[101,-0.72]]]}},{"type":"Feature","id":2061,"properties":{"ntl_value":0.589,"nmkab":"SIJUNJUNG","nmprov":"SUMATERA BARAT","label":"sebelum"},"geometry":{"type":"Polygon","coordinates":[[[101,-0.64],[101.08,-0.64],[101.08,-0.56],[101,-0.56],[101,-0.64]]]}},{"type":"Feature","id":2062,"properties":{"ntl_value":0.536,"nmkab":"SIJUNJUNG","nmprov":"SUMATERA BARAT","label":"sebelum"},"geometry":{"type":"Polygon","coordinates":[[[101,-0.56],[101.08,-0.56],[101.08,-0.48],[101,-0.48],[101,-0.56]]]}},{"type":"Feature","id":2063,"properties":{"ntl_value":0.562,"nmkab":"SIJUNJUNG","nmprov":"SUMATERA BARAT","label":"sebelum"},"geometry":{"type":"Polygon","coordinates":[[[101,-0.48],[101.08,-0.48],[101.08,-0.4],[101,-0.4],[101,-0.48]]]}},{"type":"Feature","id":2064,"properties":{"ntl_value":0.483,"nmkab":"PESISIR SELATAN","nmprov":"SUMATERA BARAT","label":"sebelum"},"geometry":{"type":"Polygon","coordinates":[[[101.08,-2.4],[101.16,-2.4],[101.16,-2.32],[101.08,-2.32],[101.08,-2.4]]]}},{"type":"Feature","id":2065,"properties":{"ntl_value":0.493,"nmkab":"PESISIR SELATAN","nmprov":"SUMATERA BARAT","label":"sebelum"},"geometry":{"type":"Polygon","coordinates":[[[101.08,-2.32],[101.16,-2.32],[101.16,-2.24],[101.08,-2.24],[101.08,-2.32]]]}},{"type":"Feature","id":2066,"properties":{"ntl_value":0.467,"nmkab":"PESISIR SELATAN","nmprov":"SUMATERA BARAT","label":"sebelum"},"geometry":{"type":"Polygon","coordinates":[[[101.08,-2.24],[101.16,-2.24],[101.16,-2.16],[101.08,-2.16],[101.08,-2.24]]]}},{"type":"Feature","id":2067,"properties":{"ntl_value":0.507,"nmkab":"PESISIR SELATAN","nmprov":"SUMATERA BARAT","label":"sebelum"},"geometry":{"type":"Polygon","coordinates":[[[101.08,-2.16],[101.16,-2.16],[101.16,-2.08],[101.08,-2.08],[101.08,-2.16]]]}},{"type":"Feature","id":2068,"properties":{"ntl_value":0.409,"nmkab":"PESISIR SELATAN","nmprov":"SUMATERA BARAT","label":"sebelum"},"geometry":{"type":"Polygon","coordinates":[[[101.08,-2.08],[101.16,-2.08],[101.16,-2],[101.08,-2],[101.08,-2.08]]]}},{"type":"Feature","id":2069,"properties":{"ntl_value":0.421,"nmkab":"PESISIR SELATAN","nmprov":"SUMATERA BARAT","label":"sebelum"},"geometry":{"type":"Polygon","coordinates":[[[101.08,-2],[101.16,-2],[101.16,-1.92],[101.08,-1.92],[101.08,-2]]]}},{"type":"Feature","id":2070,"properties":{"ntl_value":0.485,"nmkab":"PESISIR SELATAN","nmprov":"SUMATERA BARAT","label":"sebelum"},"geometry":{"type":"Polygon","coordinates":[[[101.08,-1.92],[101.16,-1.92],[101.16,-1.84],[101.08,-1.84],[101.08,-1.92]]]}},{"type":"Feature","id":2071,"properties":{"ntl_value":0.395,"nmkab":"PESISIR SELATAN","nmprov":"SUMATERA BARAT","label":"sebelum"},"geometry":{"type":"Polygon","coordinates":[[[101.08,-1.84],[101.16,-1.84],[101.16,-1.76],[101.08,-1.76],[101.08,-1.84]]]}},{"type":"Feature","id":2072,"properties":{"ntl_value":0.541,"nmkab":"PESISIR SELATAN","nmprov":"SUMATERA BARAT","label":"sebelum"},"geometry":{"type":"Polygon","coordinates":[[[101.08,-1.76],[101.16,-1.76],[101.16,-1.68],[101.08,-1.68],[101.08,-1.76]]]}},{"type":"Feature","id":2073,"properties":{"ntl_value":0.379,"nmkab":"SOLOK SELATAN","nmprov":"SUMATERA BARAT","label":"sebelum"},"geometry":{"type":"Polygon","coordinates":[[[101.08,-1.68],[101.16,-1.68],[101.16,-1.6],[101.08,-1.6],[101.08,-1.68]]]}},{"type":"Feature","id":2074,"properties":{"ntl_value":0.509,"nmkab":"SOLOK SELATAN","nmprov":"SUMATERA BARAT","label":"sebelum"},"geometry":{"type":"Polygon","coordinates":[[[101.08,-1.6],[101.16,-1.6],[101.16,-1.52],[101.08,-1.52],[101.08,-1.6]]]}},{"type":"Feature","id":2075,"properties":{"ntl_value":0.384,"nmkab":"SOLOK SELATAN","nmprov":"SUMATERA BARAT","label":"sebelum"},"geometry":{"type":"Polygon","coordinates":[[[101.08,-1.52],[101.16,-1.52],[101.16,-1.44],[101.08,-1.44],[101.08,-1.52]]]}},{"type":"Feature","id":2076,"properties":{"ntl_value":0.387,"nmkab":"SOLOK SELATAN","nmprov":"SUMATERA BARAT","label":"sebelum"},"geometry":{"type":"Polygon","coordinates":[[[101.08,-1.44],[101.16,-1.44],[101.16,-1.36],[101.08,-1.36],[101.08,-1.44]]]}},{"type":"Feature","id":2077,"properties":{"ntl_value":0.449,"nmkab":"SOLOK SELATAN","nmprov":"SUMATERA BARAT","label":"sebelum"},"geometry":{"type":"Polygon","coordinates":[[[101.08,-1.36],[101.16,-1.36],[101.16,-1.28],[101.08,-1.28],[101.08,-1.36]]]}},{"type":"Feature","id":2078,"properties":{"ntl_value":0.501,"nmkab":"SOLOK SELATAN","nmprov":"SUMATERA BARAT","label":"sebelum"},"geometry":{"type":"Polygon","coordinates":[[[101.08,-1.28],[101.16,-1.28],[101.16,-1.2],[101.08,-1.2],[101.08,-1.28]]]}},{"type":"Feature","id":2079,"properties":{"ntl_value":0.463,"nmkab":"SOLOK","nmprov":"SUMATERA BARAT","label":"sebelum"},"geometry":{"type":"Polygon","coordinates":[[[101.08,-1.2],[101.16,-1.2],[101.16,-1.12],[101.08,-1.12],[101.08,-1.2]]]}},{"type":"Feature","id":2080,"properties":{"ntl_value":0.425,"nmkab":"SOLOK","nmprov":"SUMATERA BARAT","label":"sebelum"},"geometry":{"type":"Polygon","coordinates":[[[101.08,-1.12],[101.16,-1.12],[101.16,-1.04],[101.08,-1.04],[101.08,-1.12]]]}},{"type":"Feature","id":2081,"properties":{"ntl_value":0.456,"nmkab":"SOLOK","nmprov":"SUMATERA BARAT","label":"sebelum"},"geometry":{"type":"Polygon","coordinates":[[[101.08,-1.04],[101.16,-1.04],[101.16,-0.96],[101.08,-0.96],[101.08,-1.04]]]}},{"type":"Feature","id":2082,"properties":{"ntl_value":0.606,"nmkab":"SIJUNJUNG","nmprov":"SUMATERA BARAT","label":"sebelum"},"geometry":{"type":"Polygon","coordinates":[[[101.08,-0.96],[101.16,-0.96],[101.16,-0.88],[101.08,-0.88],[101.08,-0.96]]]}},{"type":"Feature","id":2083,"properties":{"ntl_value":0.543,"nmkab":"SIJUNJUNG","nmprov":"SUMATERA BARAT","label":"sebelum"},"geometry":{"type":"Polygon","coordinates":[[[101.08,-0.88],[101.16,-0.88],[101.16,-0.8],[101.08,-0.8],[101.08,-0.88]]]}},{"type":"Feature","id":2084,"properties":{"ntl_value":0.615,"nmkab":"SIJUNJUNG","nmprov":"SUMATERA BARAT","label":"sebelum"},"geometry":{"type":"Polygon","coordinates":[[[101.08,-0.8],[101.16,-0.8],[101.16,-0.72],[101.08,-0.72],[101.08,-0.8]]]}},{"type":"Feature","id":2085,"properties":{"ntl_value":0.59,"nmkab":"SIJUNJUNG","nmprov":"SUMATERA BARAT","label":"sebelum"},"geometry":{"type":"Polygon","coordinates":[[[101.08,-0.72],[101.16,-0.72],[101.16,-0.64],[101.08,-0.64],[101.08,-0.72]]]}},{"type":"Feature","id":2086,"properties":{"ntl_value":0.538,"nmkab":"SIJUNJUNG","nmprov":"SUMATERA BARAT","label":"sebelum"},"geometry":{"type":"Polygon","coordinates":[[[101.08,-0.64],[101.16,-0.64],[101.16,-0.56],[101.08,-0.56],[101.08,-0.64]]]}},{"type":"Feature","id":2087,"properties":{"ntl_value":0.524,"nmkab":"SIJUNJUNG","nmprov":"SUMATERA BARAT","label":"sebelum"},"geometry":{"type":"Polygon","coordinates":[[[101.08,-0.56],[101.16,-0.56],[101.16,-0.48],[101.08,-0.48],[101.08,-0.56]]]}},{"type":"Feature","id":2088,"properties":{"ntl_value":0.404,"nmkab":"PESISIR SELATAN","nmprov":"SUMATERA BARAT","label":"sebelum"},"geometry":{"type":"Polygon","coordinates":[[[101.16,-2.4],[101.24,-2.4],[101.24,-2.32],[101.16,-2.32],[101.16,-2.4]]]}},{"type":"Feature","id":2089,"properties":{"ntl_value":0.477,"nmkab":"PESISIR SELATAN","nmprov":"SUMATERA BARAT","label":"sebelum"},"geometry":{"type":"Polygon","coordinates":[[[101.16,-2.32],[101.24,-2.32],[101.24,-2.24],[101.16,-2.24],[101.16,-2.32]]]}},{"type":"Feature","id":2090,"properties":{"ntl_value":0.401,"nmkab":"PESISIR SELATAN","nmprov":"SUMATERA BARAT","label":"sebelum"},"geometry":{"type":"Polygon","coordinates":[[[101.16,-2.24],[101.24,-2.24],[101.24,-2.16],[101.16,-2.16],[101.16,-2.24]]]}},{"type":"Feature","id":2091,"properties":{"ntl_value":0.52,"nmkab":"PESISIR SELATAN","nmprov":"SUMATERA BARAT","label":"sebelum"},"geometry":{"type":"Polygon","coordinates":[[[101.16,-2.16],[101.24,-2.16],[101.24,-2.08],[101.16,-2.08],[101.16,-2.16]]]}},{"type":"Feature","id":2092,"properties":{"ntl_value":0.43,"nmkab":"PESISIR SELATAN","nmprov":"SUMATERA BARAT","label":"sebelum"},"geometry":{"type":"Polygon","coordinates":[[[101.16,-2.08],[101.24,-2.08],[101.24,-2],[101.16,-2],[101.16,-2.08]]]}},{"type":"Feature","id":2093,"properties":{"ntl_value":0.452,"nmkab":"SOLOK SELATAN","nmprov":"SUMATERA BARAT","label":"sebelum"},"geometry":{"type":"Polygon","coordinates":[[[101.16,-1.68],[101.24,-1.68],[101.24,-1.6],[101.16,-1.6],[101.16,-1.68]]]}},{"type":"Feature","id":2094,"properties":{"ntl_value":0.513,"nmkab":"SOLOK SELATAN","nmprov":"SUMATERA BARAT","label":"sebelum"},"geometry":{"type":"Polygon","coordinates":[[[101.16,-1.6],[101.24,-1.6],[101.24,-1.52],[101.16,-1.52],[101.16,-1.6]]]}},{"type":"Feature","id":2095,"properties":{"ntl_value":0.462,"nmkab":"SOLOK SELATAN","nmprov":"SUMATERA BARAT","label":"sebelum"},"geometry":{"type":"Polygon","coordinates":[[[101.16,-1.52],[101.24,-1.52],[101.24,-1.44],[101.16,-1.44],[101.16,-1.52]]]}},{"type":"Feature","id":2096,"properties":{"ntl_value":0.478,"nmkab":"SOLOK SELATAN","nmprov":"SUMATERA BARAT","label":"sebelum"},"geometry":{"type":"Polygon","coordinates":[[[101.16,-1.44],[101.24,-1.44],[101.24,-1.36],[101.16,-1.36],[101.16,-1.44]]]}},{"type":"Feature","id":2097,"properties":{"ntl_value":0.434,"nmkab":"SOLOK SELATAN","nmprov":"SUMATERA BARAT","label":"sebelum"},"geometry":{"type":"Polygon","coordinates":[[[101.16,-1.36],[101.24,-1.36],[101.24,-1.28],[101.16,-1.28],[101.16,-1.36]]]}},{"type":"Feature","id":2098,"properties":{"ntl_value":0.503,"nmkab":"SOLOK SELATAN","nmprov":"SUMATERA BARAT","label":"sebelum"},"geometry":{"type":"Polygon","coordinates":[[[101.16,-1.28],[101.24,-1.28],[101.24,-1.2],[101.16,-1.2],[101.16,-1.28]]]}},{"type":"Feature","id":2099,"properties":{"ntl_value":0.403,"nmkab":"SOLOK SELATAN","nmprov":"SUMATERA BARAT","label":"sebelum"},"geometry":{"type":"Polygon","coordinates":[[[101.16,-1.2],[101.24,-1.2],[101.24,-1.12],[101.16,-1.12],[101.16,-1.2]]]}},{"type":"Feature","id":2100,"properties":{"ntl_value":0.419,"nmkab":"DHARMASRAYA","nmprov":"SUMATERA BARAT","label":"sebelum"},"geometry":{"type":"Polygon","coordinates":[[[101.16,-1.12],[101.24,-1.12],[101.24,-1.04],[101.16,-1.04],[101.16,-1.12]]]}},{"type":"Feature","id":2101,"properties":{"ntl_value":0.332,"nmkab":"DHARMASRAYA","nmprov":"SUMATERA BARAT","label":"sebelum"},"geometry":{"type":"Polygon","coordinates":[[[101.16,-1.04],[101.24,-1.04],[101.24,-0.96],[101.16,-0.96],[101.16,-1.04]]]}},{"type":"Feature","id":2102,"properties":{"ntl_value":0.422,"nmkab":"DHARMASRAYA","nmprov":"SUMATERA BARAT","label":"sebelum"},"geometry":{"type":"Polygon","coordinates":[[[101.16,-0.96],[101.24,-0.96],[101.24,-0.88],[101.16,-0.88],[101.16,-0.96]]]}},{"type":"Feature","id":2103,"properties":{"ntl_value":0.553,"nmkab":"SIJUNJUNG","nmprov":"SUMATERA BARAT","label":"sebelum"},"geometry":{"type":"Polygon","coordinates":[[[101.16,-0.88],[101.24,-0.88],[101.24,-0.8],[101.16,-0.8],[101.16,-0.88]]]}},{"type":"Feature","id":2104,"properties":{"ntl_value":0.575,"nmkab":"SIJUNJUNG","nmprov":"SUMATERA BARAT","label":"sebelum"},"geometry":{"type":"Polygon","coordinates":[[[101.16,-0.8],[101.24,-0.8],[101.24,-0.72],[101.16,-0.72],[101.16,-0.8]]]}},{"type":"Feature","id":2105,"properties":{"ntl_value":0.498,"nmkab":"SIJUNJUNG","nmprov":"SUMATERA BARAT","label":"sebelum"},"geometry":{"type":"Polygon","coordinates":[[[101.16,-0.72],[101.24,-0.72],[101.24,-0.64],[101.16,-0.64],[101.16,-0.72]]]}},{"type":"Feature","id":2106,"properties":{"ntl_value":0.624,"nmkab":"SIJUNJUNG","nmprov":"SUMATERA BARAT","label":"sebelum"},"geometry":{"type":"Polygon","coordinates":[[[101.16,-0.64],[101.24,-0.64],[101.24,-0.56],[101.16,-0.56],[101.16,-0.64]]]}},{"type":"Feature","id":2107,"properties":{"ntl_value":0.438,"nmkab":"PESISIR SELATAN","nmprov":"SUMATERA BARAT","label":"sebelum"},"geometry":{"type":"Polygon","coordinates":[[[101.24,-2.32],[101.32,-2.32],[101.32,-2.24],[101.24,-2.24],[101.24,-2.32]]]}},{"type":"Feature","id":2108,"properties":{"ntl_value":0.4,"nmkab":"SOLOK SELATAN","nmprov":"SUMATERA BARAT","label":"sebelum"},"geometry":{"type":"Polygon","coordinates":[[[101.24,-1.68],[101.32,-1.68],[101.32,-1.6],[101.24,-1.6],[101.24,-1.68]]]}},{"type":"Feature","id":2109,"properties":{"ntl_value":0.417,"nmkab":"SOLOK SELATAN","nmprov":"SUMATERA BARAT","label":"sebelum"},"geometry":{"type":"Polygon","coordinates":[[[101.24,-1.6],[101.32,-1.6],[101.32,-1.52],[101.24,-1.52],[101.24,-1.6]]]}},{"type":"Feature","id":2110,"properties":{"ntl_value":0.481,"nmkab":"SOLOK SELATAN","nmprov":"SUMATERA BARAT","label":"sebelum"},"geometry":{"type":"Polygon","coordinates":[[[101.24,-1.52],[101.32,-1.52],[101.32,-1.44],[101.24,-1.44],[101.24,-1.52]]]}},{"type":"Feature","id":2111,"properties":{"ntl_value":0.385,"nmkab":"SOLOK SELATAN","nmprov":"SUMATERA BARAT","label":"sebelum"},"geometry":{"type":"Polygon","coordinates":[[[101.24,-1.44],[101.32,-1.44],[101.32,-1.36],[101.24,-1.36],[101.24,-1.44]]]}},{"type":"Feature","id":2112,"properties":{"ntl_value":0.373,"nmkab":"SOLOK SELATAN","nmprov":"SUMATERA BARAT","label":"sebelum"},"geometry":{"type":"Polygon","coordinates":[[[101.24,-1.36],[101.32,-1.36],[101.32,-1.28],[101.24,-1.28],[101.24,-1.36]]]}},{"type":"Feature","id":2113,"properties":{"ntl_value":0.388,"nmkab":"SOLOK SELATAN","nmprov":"SUMATERA BARAT","label":"sebelum"},"geometry":{"type":"Polygon","coordinates":[[[101.24,-1.28],[101.32,-1.28],[101.32,-1.2],[101.24,-1.2],[101.24,-1.28]]]}},{"type":"Feature","id":2114,"properties":{"ntl_value":0.338,"nmkab":"DHARMASRAYA","nmprov":"SUMATERA BARAT","label":"sebelum"},"geometry":{"type":"Polygon","coordinates":[[[101.24,-1.2],[101.32,-1.2],[101.32,-1.12],[101.24,-1.12],[101.24,-1.2]]]}},{"type":"Feature","id":2115,"properties":{"ntl_value":0.38,"nmkab":"DHARMASRAYA","nmprov":"SUMATERA BARAT","label":"sebelum"},"geometry":{"type":"Polygon","coordinates":[[[101.24,-1.12],[101.32,-1.12],[101.32,-1.04],[101.24,-1.04],[101.24,-1.12]]]}},{"type":"Feature","id":2116,"properties":{"ntl_value":0.423,"nmkab":"DHARMASRAYA","nmprov":"SUMATERA BARAT","label":"sebelum"},"geometry":{"type":"Polygon","coordinates":[[[101.24,-1.04],[101.32,-1.04],[101.32,-0.96],[101.24,-0.96],[101.24,-1.04]]]}},{"type":"Feature","id":2117,"properties":{"ntl_value":0.558,"nmkab":"SIJUNJUNG","nmprov":"SUMATERA BARAT","label":"sebelum"},"geometry":{"type":"Polygon","coordinates":[[[101.24,-0.96],[101.32,-0.96],[101.32,-0.88],[101.24,-0.88],[101.24,-0.96]]]}},{"type":"Feature","id":2118,"properties":{"ntl_value":0.567,"nmkab":"SIJUNJUNG","nmprov":"SUMATERA BARAT","label":"sebelum"},"geometry":{"type":"Polygon","coordinates":[[[101.24,-0.88],[101.32,-0.88],[101.32,-0.8],[101.24,-0.8],[101.24,-0.88]]]}},{"type":"Feature","id":2119,"properties":{"ntl_value":0.541,"nmkab":"SIJUNJUNG","nmprov":"SUMATERA BARAT","label":"sebelum"},"geometry":{"type":"Polygon","coordinates":[[[101.24,-0.8],[101.32,-0.8],[101.32,-0.72],[101.24,-0.72],[101.24,-0.8]]]}},{"type":"Feature","id":2120,"properties":{"ntl_value":0.566,"nmkab":"SIJUNJUNG","nmprov":"SUMATERA BARAT","label":"sebelum"},"geometry":{"type":"Polygon","coordinates":[[[101.24,-0.72],[101.32,-0.72],[101.32,-0.64],[101.24,-0.64],[101.24,-0.72]]]}},{"type":"Feature","id":2121,"properties":{"ntl_value":0.375,"nmkab":"SOLOK SELATAN","nmprov":"SUMATERA BARAT","label":"sebelum"},"geometry":{"type":"Polygon","coordinates":[[[101.32,-1.68],[101.4,-1.68],[101.4,-1.6],[101.32,-1.6],[101.32,-1.68]]]}},{"type":"Feature","id":2122,"properties":{"ntl_value":0.409,"nmkab":"SOLOK SELATAN","nmprov":"SUMATERA BARAT","label":"sebelum"},"geometry":{"type":"Polygon","coordinates":[[[101.32,-1.6],[101.4,-1.6],[101.4,-1.52],[101.32,-1.52],[101.32,-1.6]]]}},{"type":"Feature","id":2123,"properties":{"ntl_value":0.463,"nmkab":"SOLOK SELATAN","nmprov":"SUMATERA BARAT","label":"sebelum"},"geometry":{"type":"Polygon","coordinates":[[[101.32,-1.52],[101.4,-1.52],[101.4,-1.44],[101.32,-1.44],[101.32,-1.52]]]}},{"type":"Feature","id":2124,"properties":{"ntl_value":0.457,"nmkab":"SOLOK SELATAN","nmprov":"SUMATERA BARAT","label":"sebelum"},"geometry":{"type":"Polygon","coordinates":[[[101.32,-1.44],[101.4,-1.44],[101.4,-1.36],[101.32,-1.36],[101.32,-1.44]]]}},{"type":"Feature","id":2125,"properties":{"ntl_value":0.46,"nmkab":"SOLOK SELATAN","nmprov":"SUMATERA BARAT","label":"sebelum"},"geometry":{"type":"Polygon","coordinates":[[[101.32,-1.36],[101.4,-1.36],[101.4,-1.28],[101.32,-1.28],[101.32,-1.36]]]}},{"type":"Feature","id":2126,"properties":{"ntl_value":0.394,"nmkab":"SOLOK SELATAN","nmprov":"SUMATERA BARAT","label":"sebelum"},"geometry":{"type":"Polygon","coordinates":[[[101.32,-1.28],[101.4,-1.28],[101.4,-1.2],[101.32,-1.2],[101.32,-1.28]]]}},{"type":"Feature","id":2127,"properties":{"ntl_value":0.483,"nmkab":"SOLOK SELATAN","nmprov":"SUMATERA BARAT","label":"sebelum"},"geometry":{"type":"Polygon","coordinates":[[[101.32,-1.2],[101.4,-1.2],[101.4,-1.12],[101.32,-1.12],[101.32,-1.2]]]}},{"type":"Feature","id":2128,"properties":{"ntl_value":0.502,"nmkab":"SOLOK SELATAN","nmprov":"SUMATERA BARAT","label":"sebelum"},"geometry":{"type":"Polygon","coordinates":[[[101.32,-1.12],[101.4,-1.12],[101.4,-1.04],[101.32,-1.04],[101.32,-1.12]]]}},{"type":"Feature","id":2129,"properties":{"ntl_value":0.344,"nmkab":"DHARMASRAYA","nmprov":"SUMATERA BARAT","label":"sebelum"},"geometry":{"type":"Polygon","coordinates":[[[101.32,-1.04],[101.4,-1.04],[101.4,-0.96],[101.32,-0.96],[101.32,-1.04]]]}},{"type":"Feature","id":2130,"properties":{"ntl_value":0.607,"nmkab":"SIJUNJUNG","nmprov":"SUMATERA BARAT","label":"sebelum"},"geometry":{"type":"Polygon","coordinates":[[[101.32,-0.96],[101.4,-0.96],[101.4,-0.88],[101.32,-0.88],[101.32,-0.96]]]}},{"type":"Feature","id":2131,"properties":{"ntl_value":0.58,"nmkab":"SIJUNJUNG","nmprov":"SUMATERA BARAT","label":"sebelum"},"geometry":{"type":"Polygon","coordinates":[[[101.32,-0.88],[101.4,-0.88],[101.4,-0.8],[101.32,-0.8],[101.32,-0.88]]]}},{"type":"Feature","id":2132,"properties":{"ntl_value":0.498,"nmkab":"SIJUNJUNG","nmprov":"SUMATERA BARAT","label":"sebelum"},"geometry":{"type":"Polygon","coordinates":[[[101.32,-0.8],[101.4,-0.8],[101.4,-0.72],[101.32,-0.72],[101.32,-0.8]]]}},{"type":"Feature","id":2133,"properties":{"ntl_value":0.434,"nmkab":"DHARMASRAYA","nmprov":"SUMATERA BARAT","label":"sebelum"},"geometry":{"type":"Polygon","coordinates":[[[101.4,-1.68],[101.48,-1.68],[101.48,-1.6],[101.4,-1.6],[101.4,-1.68]]]}},{"type":"Feature","id":2134,"properties":{"ntl_value":0.446,"nmkab":"SOLOK SELATAN","nmprov":"SUMATERA BARAT","label":"sebelum"},"geometry":{"type":"Polygon","coordinates":[[[101.4,-1.6],[101.48,-1.6],[101.48,-1.52],[101.4,-1.52],[101.4,-1.6]]]}},{"type":"Feature","id":2135,"properties":{"ntl_value":0.509,"nmkab":"SOLOK SELATAN","nmprov":"SUMATERA BARAT","label":"sebelum"},"geometry":{"type":"Polygon","coordinates":[[[101.4,-1.52],[101.48,-1.52],[101.48,-1.44],[101.4,-1.44],[101.4,-1.52]]]}},{"type":"Feature","id":2136,"properties":{"ntl_value":0.482,"nmkab":"SOLOK SELATAN","nmprov":"SUMATERA BARAT","label":"sebelum"},"geometry":{"type":"Polygon","coordinates":[[[101.4,-1.44],[101.48,-1.44],[101.48,-1.36],[101.4,-1.36],[101.4,-1.44]]]}},{"type":"Feature","id":2137,"properties":{"ntl_value":0.494,"nmkab":"SOLOK SELATAN","nmprov":"SUMATERA BARAT","label":"sebelum"},"geometry":{"type":"Polygon","coordinates":[[[101.4,-1.36],[101.48,-1.36],[101.48,-1.28],[101.4,-1.28],[101.4,-1.36]]]}},{"type":"Feature","id":2138,"properties":{"ntl_value":0.373,"nmkab":"SOLOK SELATAN","nmprov":"SUMATERA BARAT","label":"sebelum"},"geometry":{"type":"Polygon","coordinates":[[[101.4,-1.28],[101.48,-1.28],[101.48,-1.2],[101.4,-1.2],[101.4,-1.28]]]}},{"type":"Feature","id":2139,"properties":{"ntl_value":0.371,"nmkab":"DHARMASRAYA","nmprov":"SUMATERA BARAT","label":"sebelum"},"geometry":{"type":"Polygon","coordinates":[[[101.4,-1.2],[101.48,-1.2],[101.48,-1.12],[101.4,-1.12],[101.4,-1.2]]]}},{"type":"Feature","id":2140,"properties":{"ntl_value":0.422,"nmkab":"SOLOK SELATAN","nmprov":"SUMATERA BARAT","label":"sebelum"},"geometry":{"type":"Polygon","coordinates":[[[101.4,-1.12],[101.48,-1.12],[101.48,-1.04],[101.4,-1.04],[101.4,-1.12]]]}},{"type":"Feature","id":2141,"properties":{"ntl_value":0.379,"nmkab":"DHARMASRAYA","nmprov":"SUMATERA BARAT","label":"sebelum"},"geometry":{"type":"Polygon","coordinates":[[[101.4,-1.04],[101.48,-1.04],[101.48,-0.96],[101.4,-0.96],[101.4,-1.04]]]}},{"type":"Feature","id":2142,"properties":{"ntl_value":0.332,"nmkab":"DHARMASRAYA","nmprov":"SUMATERA BARAT","label":"sebelum"},"geometry":{"type":"Polygon","coordinates":[[[101.4,-0.96],[101.48,-0.96],[101.48,-0.88],[101.4,-0.88],[101.4,-0.96]]]}},{"type":"Feature","id":2143,"properties":{"ntl_value":0.545,"nmkab":"SIJUNJUNG","nmprov":"SUMATERA BARAT","label":"sebelum"},"geometry":{"type":"Polygon","coordinates":[[[101.4,-0.88],[101.48,-0.88],[101.48,-0.8],[101.4,-0.8],[101.4,-0.88]]]}},{"type":"Feature","id":2144,"properties":{"ntl_value":0.553,"nmkab":"SIJUNJUNG","nmprov":"SUMATERA BARAT","label":"sebelum"},"geometry":{"type":"Polygon","coordinates":[[[101.4,-0.8],[101.48,-0.8],[101.48,-0.72],[101.4,-0.72],[101.4,-0.8]]]}},{"type":"Feature","id":2145,"properties":{"ntl_value":0.468,"nmkab":"DHARMASRAYA","nmprov":"SUMATERA BARAT","label":"sebelum"},"geometry":{"type":"Polygon","coordinates":[[[101.48,-1.6],[101.56,-1.6],[101.56,-1.52],[101.48,-1.52],[101.48,-1.6]]]}},{"type":"Feature","id":2146,"properties":{"ntl_value":0.47,"nmkab":"SOLOK SELATAN","nmprov":"SUMATERA BARAT","label":"sebelum"},"geometry":{"type":"Polygon","coordinates":[[[101.48,-1.52],[101.56,-1.52],[101.56,-1.44],[101.48,-1.44],[101.48,-1.52]]]}},{"type":"Feature","id":2147,"properties":{"ntl_value":0.506,"nmkab":"SOLOK SELATAN","nmprov":"SUMATERA BARAT","label":"sebelum"},"geometry":{"type":"Polygon","coordinates":[[[101.48,-1.44],[101.56,-1.44],[101.56,-1.36],[101.48,-1.36],[101.48,-1.44]]]}},{"type":"Feature","id":2148,"properties":{"ntl_value":0.367,"nmkab":"SOLOK SELATAN","nmprov":"SUMATERA BARAT","label":"sebelum"},"geometry":{"type":"Polygon","coordinates":[[[101.48,-1.36],[101.56,-1.36],[101.56,-1.28],[101.48,-1.28],[101.48,-1.36]]]}},{"type":"Feature","id":2149,"properties":{"ntl_value":0.378,"nmkab":"DHARMASRAYA","nmprov":"SUMATERA BARAT","label":"sebelum"},"geometry":{"type":"Polygon","coordinates":[[[101.48,-1.28],[101.56,-1.28],[101.56,-1.2],[101.48,-1.2],[101.48,-1.28]]]}},{"type":"Feature","id":2150,"properties":{"ntl_value":0.365,"nmkab":"DHARMASRAYA","nmprov":"SUMATERA BARAT","label":"sebelum"},"geometry":{"type":"Polygon","coordinates":[[[101.48,-1.2],[101.56,-1.2],[101.56,-1.12],[101.48,-1.12],[101.48,-1.2]]]}},{"type":"Feature","id":2151,"properties":{"ntl_value":0.355,"nmkab":"DHARMASRAYA","nmprov":"SUMATERA BARAT","label":"sebelum"},"geometry":{"type":"Polygon","coordinates":[[[101.48,-1.12],[101.56,-1.12],[101.56,-1.04],[101.48,-1.04],[101.48,-1.12]]]}},{"type":"Feature","id":2152,"properties":{"ntl_value":0.406,"nmkab":"DHARMASRAYA","nmprov":"SUMATERA BARAT","label":"sebelum"},"geometry":{"type":"Polygon","coordinates":[[[101.48,-1.04],[101.56,-1.04],[101.56,-0.96],[101.48,-0.96],[101.48,-1.04]]]}},{"type":"Feature","id":2153,"properties":{"ntl_value":0.433,"nmkab":"DHARMASRAYA","nmprov":"SUMATERA BARAT","label":"sebelum"},"geometry":{"type":"Polygon","coordinates":[[[101.48,-0.96],[101.56,-0.96],[101.56,-0.88],[101.48,-0.88],[101.48,-0.96]]]}},{"type":"Feature","id":2154,"properties":{"ntl_value":0.499,"nmkab":"SIJUNJUNG","nmprov":"SUMATERA BARAT","label":"sebelum"},"geometry":{"type":"Polygon","coordinates":[[[101.48,-0.88],[101.56,-0.88],[101.56,-0.8],[101.48,-0.8],[101.48,-0.88]]]}},{"type":"Feature","id":2155,"properties":{"ntl_value":0.41,"nmkab":"DHARMASRAYA","nmprov":"SUMATERA BARAT","label":"sebelum"},"geometry":{"type":"Polygon","coordinates":[[[101.56,-1.6],[101.64,-1.6],[101.64,-1.52],[101.56,-1.52],[101.56,-1.6]]]}},{"type":"Feature","id":2156,"properties":{"ntl_value":0.361,"nmkab":"DHARMASRAYA","nmprov":"SUMATERA BARAT","label":"sebelum"},"geometry":{"type":"Polygon","coordinates":[[[101.56,-1.52],[101.64,-1.52],[101.64,-1.44],[101.56,-1.44],[101.56,-1.52]]]}},{"type":"Feature","id":2157,"properties":{"ntl_value":0.487,"nmkab":"SOLOK SELATAN","nmprov":"SUMATERA BARAT","label":"sebelum"},"geometry":{"type":"Polygon","coordinates":[[[101.56,-1.44],[101.64,-1.44],[101.64,-1.36],[101.56,-1.36],[101.56,-1.44]]]}},{"type":"Feature","id":2158,"properties":{"ntl_value":0.466,"nmkab":"DHARMASRAYA","nmprov":"SUMATERA BARAT","label":"sebelum"},"geometry":{"type":"Polygon","coordinates":[[[101.56,-1.36],[101.64,-1.36],[101.64,-1.28],[101.56,-1.28],[101.56,-1.36]]]}},{"type":"Feature","id":2159,"properties":{"ntl_value":0.475,"nmkab":"DHARMASRAYA","nmprov":"SUMATERA BARAT","label":"sebelum"},"geometry":{"type":"Polygon","coordinates":[[[101.56,-1.28],[101.64,-1.28],[101.64,-1.2],[101.56,-1.2],[101.56,-1.28]]]}},{"type":"Feature","id":2160,"properties":{"ntl_value":0.406,"nmkab":"DHARMASRAYA","nmprov":"SUMATERA BARAT","label":"sebelum"},"geometry":{"type":"Polygon","coordinates":[[[101.56,-1.2],[101.64,-1.2],[101.64,-1.12],[101.56,-1.12],[101.56,-1.2]]]}},{"type":"Feature","id":2161,"properties":{"ntl_value":0.332,"nmkab":"DHARMASRAYA","nmprov":"SUMATERA BARAT","label":"sebelum"},"geometry":{"type":"Polygon","coordinates":[[[101.56,-1.12],[101.64,-1.12],[101.64,-1.04],[101.56,-1.04],[101.56,-1.12]]]}},{"type":"Feature","id":2162,"properties":{"ntl_value":0.476,"nmkab":"DHARMASRAYA","nmprov":"SUMATERA BARAT","label":"sebelum"},"geometry":{"type":"Polygon","coordinates":[[[101.56,-1.04],[101.64,-1.04],[101.64,-0.96],[101.56,-0.96],[101.56,-1.04]]]}},{"type":"Feature","id":2163,"properties":{"ntl_value":0.457,"nmkab":"DHARMASRAYA","nmprov":"SUMATERA BARAT","label":"sebelum"},"geometry":{"type":"Polygon","coordinates":[[[101.56,-0.96],[101.64,-0.96],[101.64,-0.88],[101.56,-0.88],[101.56,-0.96]]]}},{"type":"Feature","id":2164,"properties":{"ntl_value":0.346,"nmkab":"DHARMASRAYA","nmprov":"SUMATERA BARAT","label":"sebelum"},"geometry":{"type":"Polygon","coordinates":[[[101.56,-0.88],[101.64,-0.88],[101.64,-0.8],[101.56,-0.8],[101.56,-0.88]]]}},{"type":"Feature","id":2165,"properties":{"ntl_value":0.475,"nmkab":"DHARMASRAYA","nmprov":"SUMATERA BARAT","label":"sebelum"},"geometry":{"type":"Polygon","coordinates":[[[101.64,-1.52],[101.72,-1.52],[101.72,-1.44],[101.64,-1.44],[101.64,-1.52]]]}},{"type":"Feature","id":2166,"properties":{"ntl_value":0.384,"nmkab":"DHARMASRAYA","nmprov":"SUMATERA BARAT","label":"sebelum"},"geometry":{"type":"Polygon","coordinates":[[[101.64,-1.44],[101.72,-1.44],[101.72,-1.36],[101.64,-1.36],[101.64,-1.44]]]}},{"type":"Feature","id":2167,"properties":{"ntl_value":0.425,"nmkab":"DHARMASRAYA","nmprov":"SUMATERA BARAT","label":"sebelum"},"geometry":{"type":"Polygon","coordinates":[[[101.64,-1.36],[101.72,-1.36],[101.72,-1.28],[101.64,-1.28],[101.64,-1.36]]]}},{"type":"Feature","id":2168,"properties":{"ntl_value":0.463,"nmkab":"DHARMASRAYA","nmprov":"SUMATERA BARAT","label":"sebelum"},"geometry":{"type":"Polygon","coordinates":[[[101.64,-1.28],[101.72,-1.28],[101.72,-1.2],[101.64,-1.2],[101.64,-1.28]]]}},{"type":"Feature","id":2169,"properties":{"ntl_value":0.366,"nmkab":"DHARMASRAYA","nmprov":"SUMATERA BARAT","label":"sebelum"},"geometry":{"type":"Polygon","coordinates":[[[101.64,-1.2],[101.72,-1.2],[101.72,-1.12],[101.64,-1.12],[101.64,-1.2]]]}},{"type":"Feature","id":2170,"properties":{"ntl_value":0.444,"nmkab":"DHARMASRAYA","nmprov":"SUMATERA BARAT","label":"sebelum"},"geometry":{"type":"Polygon","coordinates":[[[101.64,-1.12],[101.72,-1.12],[101.72,-1.04],[101.64,-1.04],[101.64,-1.12]]]}},{"type":"Feature","id":2171,"properties":{"ntl_value":0.409,"nmkab":"DHARMASRAYA","nmprov":"SUMATERA BARAT","label":"sebelum"},"geometry":{"type":"Polygon","coordinates":[[[101.64,-1.04],[101.72,-1.04],[101.72,-0.96],[101.64,-0.96],[101.64,-1.04]]]}},{"type":"Feature","id":2172,"properties":{"ntl_value":0.419,"nmkab":"DHARMASRAYA","nmprov":"SUMATERA BARAT","label":"sebelum"},"geometry":{"type":"Polygon","coordinates":[[[101.64,-0.96],[101.72,-0.96],[101.72,-0.88],[101.64,-0.88],[101.64,-0.96]]]}},{"type":"Feature","id":2173,"properties":{"ntl_value":0.341,"nmkab":"DHARMASRAYA","nmprov":"SUMATERA BARAT","label":"sebelum"},"geometry":{"type":"Polygon","coordinates":[[[101.72,-1.2],[101.8,-1.2],[101.8,-1.12],[101.72,-1.12],[101.72,-1.2]]]}},{"type":"Feature","id":2174,"properties":{"ntl_value":0.405,"nmkab":"DHARMASRAYA","nmprov":"SUMATERA BARAT","label":"sebelum"},"geometry":{"type":"Polygon","coordinates":[[[101.72,-1.12],[101.8,-1.12],[101.8,-1.04],[101.72,-1.04],[101.72,-1.12]]]}},{"type":"Feature","id":2175,"properties":{"ntl_value":0.344,"nmkab":"DHARMASRAYA","nmprov":"SUMATERA BARAT","label":"sebelum"},"geometry":{"type":"Polygon","coordinates":[[[101.72,-1.04],[101.8,-1.04],[101.8,-0.96],[101.72,-0.96],[101.72,-1.04]]]}},{"type":"Feature","id":2176,"properties":{"ntl_value":0.462,"nmkab":"DHARMASRAYA","nmprov":"SUMATERA BARAT","label":"sebelum"},"geometry":{"type":"Polygon","coordinates":[[[101.8,-1.2],[101.88,-1.2],[101.88,-1.12],[101.8,-1.12],[101.8,-1.2]]]}}]}